customer_id,merchant_id,email_hash,phone_hash,is_abuse_ring,ring_id
2015fa8c-4ea8-479b-97a7-6eaaeb8396dc,7db5c50a-5c02-4939-856f-bb8c026eaa10,80a52d1c22a73a4c,5180f4eb7a2988a7,False,-1
374a93ee-1242-4d33-8947-e8d459ec1270,bfba3b1d-d004-4e58-8c3f-0188ac45a796,9059b3e130186227,26f2a3f2351a91cd,False,-1
659783b5-00f7-4378-9747-986bd128c9cb,0816ddb7-0a24-49e6-8c0c-1096b189c746,1f77680cbd138900,a2a1b8c490f93880,False,-1
0bb1b0a8-6451-4d9f-8111-71d034848839,f5d91d50-ca67-4a68-aedd-8da3c715f30c,4411adb7733b6527,7584ab60a3a07268,False,-1
1a5071ea-1884-4c41-b6c0-a613c6930376,295d76e0-01d0-4482-8598-bc0096b735e4,fe6e692d0d2e006d,63b3cce7f014aae2,False,-1
2360f1ad-668c-49b3-bd94-35f97e73dc75,9bae5d63-fcab-4da4-902b-e3a1f43d596f,d64c28e773dd2d4f,a721cec7c4b812be,False,-1
96611abc-45d0-401a-a2a7-df490ef11ef2,68ec4ee4-0eca-488c-b4b4-185dcc6b7329,e196c35bca763745,d234097be62d1f09,False,-1
c53e5918-d967-4a17-b627-84502732eced,ccb3156b-7143-42a3-841a-e74cc0013638,e43170fc0be902e0,d15696f3371deff5,False,-1
ad467855-dc96-42d6-b59d-479424f99b26,ccb3156b-7143-42a3-841a-e74cc0013638,a3ec5c7660a43e13,b4a7b56526380455,False,-1
38158f59-afe3-4ef1-a48f-23e2f3125d5a,68ec4ee4-0eca-488c-b4b4-185dcc6b7329,a179401b462d23c7,623e78eacd691ecd,False,-1
3b4752f3-9dbb-497a-a5fb-d6c8247c4d21,7db5c50a-5c02-4939-856f-bb8c026eaa10,197ac1d984fae62c,7b7dcb1cf845baf7,False,-1
40247878-6c8f-4316-8acd-307fcf06eb51,7db5c50a-5c02-4939-856f-bb8c026eaa10,fdf2887365a3c6f2,03c6dca2dfc6b041,False,-1
d0514cdc-563e-470f-9e7d-e22760410816,f5d91d50-ca67-4a68-aedd-8da3c715f30c,29283fea154838f3,e21c5518a0a4a85c,False,-1
f113c58a-1e71-4053-bf44-d8893e298262,7db5c50a-5c02-4939-856f-bb8c026eaa10,26e0abf433cda59b,999ab46bb20e7cd9,False,-1
9ec6e267-a74e-4d0c-af13-bbc136b0d7db,ccb3156b-7143-42a3-841a-e74cc0013638,4f407ef31c1578ac,5dccf31f18dc18ed,False,-1
dc79cafa-81e8-47e7-b56c-78d200714451,bfba3b1d-d004-4e58-8c3f-0188ac45a796,5e32fffe3241d581,130e1b741f371ba3,False,-1
e517e46b-8c39-48dc-9135-1da00e7295ca,bfba3b1d-d004-4e58-8c3f-0188ac45a796,0984fce75b09f408,66b580f5a7a11295,False,-1
45922e2f-ae2c-46bf-8244-b3d1b2822d1a,9bae5d63-fcab-4da4-902b-e3a1f43d596f,93e81221b02a23b7,50df34ab46924e5c,False,-1
aae5c980-c955-4224-a9bf-a553a3330381,bfba3b1d-d004-4e58-8c3f-0188ac45a796,73f72be0e8436267,f474fda224689aeb,False,-1
58fd9874-0e15-4fdb-957f-eafba5eefdd5,0816ddb7-0a24-49e6-8c0c-1096b189c746,26f772741a19aac9,4388d691f2ee3d39,False,-1
e86a39ec-2d7d-46f5-ba78-0188141b431f,295d76e0-01d0-4482-8598-bc0096b735e4,a8988981f34c968f,7e42ebe24993af8a,False,-1
1bf0be25-025a-4dee-8f92-d1b703b02d42,ccb3156b-7143-42a3-841a-e74cc0013638,bcbabf7c3f3ff49a,2f00c62fc5f8d432,False,-1
cf003ff5-f988-45da-93e9-46dbf46fa990,bfba3b1d-d004-4e58-8c3f-0188ac45a796,5744f38428ef72ef,04cc249bb83d93b7,False,-1
916c6ae8-15aa-458e-91b7-fcc72cc641ce,7db5c50a-5c02-4939-856f-bb8c026eaa10,c7f699c97d693782,2b653fe54d232838,False,-1
e57b9795-6bfb-4e07-b0dc-1c2b6a080a83,7db5c50a-5c02-4939-856f-bb8c026eaa10,d4830c3e29c7c99e,e7c723e5166b478d,False,-1
b16d8428-efff-492f-a691-58e196f896b9,5b19305c-e7e0-4687-acab-fc073d2a9eee,89b345ff3eda6216,da5565ab42975297,False,-1
54ad0e93-3665-45bb-883c-c3fd47474b6a,ccb3156b-7143-42a3-841a-e74cc0013638,37f84a6a1d464565,eaf8bfbaace034f1,False,-1
0ed6970b-31fd-4f3e-80f5-124be4ffdd27,9bae5d63-fcab-4da4-902b-e3a1f43d596f,5abad1fe516df447,b0321c46081342ba,False,-1
5e7fefb7-f497-4eb8-8f89-f7fabc125097,0816ddb7-0a24-49e6-8c0c-1096b189c746,a91cb0fce6101f65,15340c9de8289091,False,-1
40ec4194-db23-4df5-9f44-eb9c04cf81ac,0816ddb7-0a24-49e6-8c0c-1096b189c746,a807937bc4411d65,2d0bb80726402caa,False,-1
f0034d62-d9d7-4f1e-a2de-c079ab091c01,295d76e0-01d0-4482-8598-bc0096b735e4,adebcc4760b0b2b7,fed30ce8b30ff4a4,False,-1
4e8496b7-351d-4827-a610-cbc501a0fe73,9bae5d63-fcab-4da4-902b-e3a1f43d596f,9d533d0cd8972b3f,fcf13ed6a1369c8f,False,-1
8ffc1eac-9544-4db9-8e92-e0540404e96b,bfba3b1d-d004-4e58-8c3f-0188ac45a796,83ad727c2f83ac2e,0bf7157102d3dc5f,False,-1
0b93425e-4831-4a19-b4c3-4d609ea9b6ed,295d76e0-01d0-4482-8598-bc0096b735e4,da81a4ac68190219,69a673dcd6d7c143,False,-1
d930b435-80a3-4fbf-8590-afd668ba2b42,5b19305c-e7e0-4687-acab-fc073d2a9eee,cd1f7e3a29d0b280,96f37212a812ee84,False,-1
2f7f9a79-33f6-4938-a2f2-1a6d666a63dd,0816ddb7-0a24-49e6-8c0c-1096b189c746,c53c0ab6120d2088,6cdce2f61632fbda,False,-1
730cf4e2-8a68-4094-9473-2ecb5e1d87ef,498d1792-a0c7-4fdf-98cc-7c3fc262e451,e9ba69ceb66a4af6,5ab42093cedee20d,False,-1
20f0679d-44bd-41b5-8eeb-554d39805dbd,7db5c50a-5c02-4939-856f-bb8c026eaa10,e47e0228bf964d2d,a6eeaa86542fa490,False,-1
e6b3adf0-4877-415c-9f1c-918c2df27e55,9bae5d63-fcab-4da4-902b-e3a1f43d596f,b379723c87038d3a,438258feeda2078b,False,-1
af038d52-f142-4417-a239-3b7e7737a330,0816ddb7-0a24-49e6-8c0c-1096b189c746,06b13503b0f870bd,34c96e50dfaf8ee3,False,-1
fada6070-4dc6-42fc-9f97-d83bd2d9f9ca,bfba3b1d-d004-4e58-8c3f-0188ac45a796,ef2792b78b328764,c3e2723407ec64ae,False,-1
8674adab-6981-43ca-a994-7e0a2a838fb0,68ec4ee4-0eca-488c-b4b4-185dcc6b7329,e5821b5f5d7e34b5,c79ddaac4a6fd2f0,False,-1
460d2ea1-e527-49b4-b24d-8c4605e58264,9bae5d63-fcab-4da4-902b-e3a1f43d596f,369fc6d465c852b0,3db9a872b0a44fbf,False,-1
5a1c6f6d-9383-4ed1-b649-39cc38bbac3a,bfba3b1d-d004-4e58-8c3f-0188ac45a796,cb9a796db1ec64de,9229ac91fd573d3d,False,-1
302d523f-15d5-465e-8115-4ea214632539,bfba3b1d-d004-4e58-8c3f-0188ac45a796,80322c3df81af6bb,a0bd0a210245fc4c,False,-1
f6e82e35-fe2b-4524-95c0-b904b9952b2d,68ec4ee4-0eca-488c-b4b4-185dcc6b7329,6f4e481ce25f9e3f,fe7a439d4e883120,False,-1
00bec644-3a2f-43e2-83b2-9f9c38ca253f,295d76e0-01d0-4482-8598-bc0096b735e4,7bc2b8183fb9004c,b0d484b6769b109e,False,-1
07840219-033f-4b57-a25a-e2406797e58e,5b19305c-e7e0-4687-acab-fc073d2a9eee,f5f99c163e65aa9f,b794755a47e3aadd,False,-1
3b5ccd4e-3d52-44c9-b122-4f8ba92831be,68ec4ee4-0eca-488c-b4b4-185dcc6b7329,0291ae579eaa6683,962fb4e375c63119,False,-1
1a63a2df-7cb7-4f56-93a8-0dd547c03894,295d76e0-01d0-4482-8598-bc0096b735e4,21fb31298e71428e,a2682e1796456f52,False,-1
7c059f9e-b8bf-4fbf-953b-333d8f32d7de,0816ddb7-0a24-49e6-8c0c-1096b189c746,6845164b0f58820c,f8741ab2b1608a66,True,4
1b99248a-84ec-41f3-ac5c-80ec0a4ce852,9bae5d63-fcab-4da4-902b-e3a1f43d596f,3525f2590298bb8e,98d652a120e007f4,False,-1
cb2e13d1-6203-4759-9422-c6f5e345029e,9bae5d63-fcab-4da4-902b-e3a1f43d596f,feba2f06416c1faa,c53cc24b5663c03f,False,-1
6f7b960e-5994-4ac1-a3ff-6453c000d479,7db5c50a-5c02-4939-856f-bb8c026eaa10,51d3025db68cc458,565e54dcd409d966,False,-1
954b9205-c52c-42c6-8027-f33f0b06c208,68ec4ee4-0eca-488c-b4b4-185dcc6b7329,a496869cbc98b741,b379136849fc57c0,False,-1
71d6884e-8652-4e1b-957f-05e1419361fb,68ec4ee4-0eca-488c-b4b4-185dcc6b7329,17920e0da73e6719,f7bc08fc4181da3a,False,-1
2a02fbe1-c82b-40b5-b8a1-6f511bf5c8b2,ccb3156b-7143-42a3-841a-e74cc0013638,fc3d19c82058c087,09be68d2cf7abcb5,False,-1
92242c6f-1646-410b-b10d-54304e06fd47,295d76e0-01d0-4482-8598-bc0096b735e4,060d7866b0c2fcd5,0b7bfd286e1d6e97,False,-1
5b5c7a92-f000-4564-b058-a26fa9c0f078,9bae5d63-fcab-4da4-902b-e3a1f43d596f,17fc50476c78b898,0d094996c036122b,False,-1
f03468d9-f54f-428f-9488-35905a7f1c89,bfba3b1d-d004-4e58-8c3f-0188ac45a796,71272162432eccf0,c7c603bb70147618,False,-1
b15b1261-f8e6-46fa-8696-ae8b4e065c75,295d76e0-01d0-4482-8598-bc0096b735e4,5a39cb21d6c00d59,8231ce732d7247c1,False,-1
96ea4c03-bec9-4e1d-bba4-b0a8bd3f8678,295d76e0-01d0-4482-8598-bc0096b735e4,0bb1f64efe816506,491ddc23dbdb32b4,False,-1
2b0babf1-ae0a-4030-9e2f-12857a4f03cc,ccb3156b-7143-42a3-841a-e74cc0013638,71606b7c290cb0a8,ef9772cfe68fb97b,False,-1
49e7def5-9266-42ed-9e82-d02ab81ae329,ccb3156b-7143-42a3-841a-e74cc0013638,585fc0e4c8342cfa,5a27e0f348e2024a,False,-1
8115bc39-0a48-4102-a936-cac4e5354c0b,f5d91d50-ca67-4a68-aedd-8da3c715f30c,674b19781c8d2e71,7c1d8e5b564a89cb,True,3
9f7d6803-13e6-45ca-9d59-8aa0f6f3c3dc,f5d91d50-ca67-4a68-aedd-8da3c715f30c,f5178f21509d6202,f806598febfe9742,False,-1
e2626534-7114-46e2-914f-91feeb0adef7,ccb3156b-7143-42a3-841a-e74cc0013638,0b907d1b48b7f764,a588a549d38c02ab,False,-1
1fd4546f-fa4c-411c-98ca-eb4d9a3edfc3,bfba3b1d-d004-4e58-8c3f-0188ac45a796,cae3a4a67d705506,42b2f1fc42afb517,False,-1
f9851077-2e81-44a6-959c-1649830ec7af,295d76e0-01d0-4482-8598-bc0096b735e4,2b4bc0eda3b3a6f3,6b83a61b13787c3d,False,-1
2ef545b3-0521-4ae0-93f5-cdb806dcd1fe,ccb3156b-7143-42a3-841a-e74cc0013638,48b299a9b2c4e7be,2e64c28823de5c94,False,-1
4afc0c0a-3579-4165-9712-4b5d097d475b,9bae5d63-fcab-4da4-902b-e3a1f43d596f,55bda93c0ada5462,7e82a95fea1af7da,False,-1
b80f5b51-63ff-4104-80f9-401d4513b121,295d76e0-01d0-4482-8598-bc0096b735e4,2f905ea2a39c98a0,cb1c7f89bf4f699a,False,-1
35fb2a15-c5a3-47d2-a8ec-8a2f126c82ad,498d1792-a0c7-4fdf-98cc-7c3fc262e451,6f5ef0cab5ddc2e2,33bea9b3ea91cd74,False,-1
3ac9dfb9-2f79-4b6e-958b-350fc4555349,5b19305c-e7e0-4687-acab-fc073d2a9eee,f4282b5617c3599c,a6ed0d405cca6048,False,-1
fdf293d9-703d-41c1-adb7-4b0c87cb8c7d,7db5c50a-5c02-4939-856f-bb8c026eaa10,e32bd669d93f272f,1e2a9b26a160794d,False,-1
b328777d-9e12-4045-bd49-de44c2d5fef1,9bae5d63-fcab-4da4-902b-e3a1f43d596f,70b1af430dabc9d8,a855816aa8380423,False,-1
0e81652c-f421-4775-9bfe-9b30065ccc7d,5b19305c-e7e0-4687-acab-fc073d2a9eee,a30712af9a5314a4,cff46eca1f5687df,False,-1
d38bc1f0-24f7-48a7-bd3a-b752554b4423,68ec4ee4-0eca-488c-b4b4-185dcc6b7329,92a84090b4831e7d,dab4a5f75dcc84fc,False,-1
c312d7eb-602b-484b-bb0e-57a3eba65ab3,498d1792-a0c7-4fdf-98cc-7c3fc262e451,a82d819429d0fcdd,c468828e70f6a53a,False,-1
9ad6e411-7784-4531-9463-811763f35e51,68ec4ee4-0eca-488c-b4b4-185dcc6b7329,a5a4436ba733b884,5e34d8c29777c47b,False,-1
25a9ffe5-519b-4dfd-9656-47f60b27c5d6,ccb3156b-7143-42a3-841a-e74cc0013638,9f07218c189a0c5b,c4ebc5d2858592b0,False,-1
8ab0f95d-c0fe-44a9-b309-263d70b5aa36,295d76e0-01d0-4482-8598-bc0096b735e4,2ce2e75914b37bc9,011d6ae58f158079,False,-1
65398057-6000-4e58-afa0-248649c31657,bfba3b1d-d004-4e58-8c3f-0188ac45a796,e57f216fce25c9b2,9bf653efd03287ce,False,-1
2c2efa99-520b-4989-9b6c-315516952276,7db5c50a-5c02-4939-856f-bb8c026eaa10,3ea37f61c76744d0,7589399feba8f1d3,False,-1
1b2fb5be-17c6-4d8c-b474-6b350d903ee5,295d76e0-01d0-4482-8598-bc0096b735e4,0df85fb55eb67e24,06ea97cddb7216f7,False,-1
6ac4dc0b-5098-4633-bbdb-a1be9211060c,498d1792-a0c7-4fdf-98cc-7c3fc262e451,22aec05ae36176b7,8fb5980efa6ce3a5,False,-1
2477aa52-3057-4a0a-b36a-8eecf6c118d7,f5d91d50-ca67-4a68-aedd-8da3c715f30c,72d19714d426f47c,cc4deb8ae21c360d,False,-1
a75b230e-678e-47d7-a633-371e51dc9282,5b19305c-e7e0-4687-acab-fc073d2a9eee,d11064f9ecf91b0b,d9062cbe0f22658f,False,-1
2b6ecd5f-218d-4cfa-980a-4a0538564920,bfba3b1d-d004-4e58-8c3f-0188ac45a796,cb23e42555872339,9610cd4969bb5723,False,-1
fec0442c-b1e1-43a5-83c5-0d521173e1f2,498d1792-a0c7-4fdf-98cc-7c3fc262e451,be626b4f0eabd0da,8315f0bbc106cf4d,False,-1
c8619e77-667e-4ccc-ae39-f8628095ba8f,bfba3b1d-d004-4e58-8c3f-0188ac45a796,7b63a5df1c71f6f6,f237ebbbb24cac5c,False,-1
62dc1cc1-c27f-4f13-9776-5871f555327a,ccb3156b-7143-42a3-841a-e74cc0013638,640fac247315b7d7,65dc5887bee878fe,False,-1
93d81049-8c1e-4c36-a53f-ed68ca8ee492,295d76e0-01d0-4482-8598-bc0096b735e4,e91c04355b10d186,19162093fa7fbd3f,False,-1
6d3d61ad-5314-42c5-a423-fd49381aa76d,9bae5d63-fcab-4da4-902b-e3a1f43d596f,0b68562f87ba626c,25540b32eeb5c0f8,False,-1
07031dd6-c8c6-425f-a062-bd5f6487c242,7db5c50a-5c02-4939-856f-bb8c026eaa10,42808af40d9031ea,3f1e1eb7e4ec5a5f,False,-1
0a27225d-5623-4191-8c09-f5f880a97c1e,68ec4ee4-0eca-488c-b4b4-185dcc6b7329,901033e6c257cdd8,1a267f85de316630,False,-1
40bcbbcf-1789-406e-8006-ec98a44d94f8,bfba3b1d-d004-4e58-8c3f-0188ac45a796,15a00f3a84698480,97ccfbd52d7405e5,False,-1
4204a1d3-ea3c-48bd-8ab8-3c8b3821529e,9bae5d63-fcab-4da4-902b-e3a1f43d596f,4df2858665d2ef23,a5c99996dc42eb8d,False,-1
e854e98b-6183-4f8e-9d4c-cd0d6ed7dd0c,5b19305c-e7e0-4687-acab-fc073d2a9eee,c845bb9d3e6beabb,754290def5631f6f,False,-1
0a76b9a9-cabf-40b4-9c25-59656fb3ff7e,68ec4ee4-0eca-488c-b4b4-185dcc6b7329,5aefe4e2a7c15e67,f639b3185fd64cba,False,-1
eefbd8ce-c3f9-48de-9356-60d49aa359b8,498d1792-a0c7-4fdf-98cc-7c3fc262e451,a28d79704c77875c,43c77f5672bd1a6b,False,-1
119fbb77-c292-4a45-a05e-56b2d3cc6739,5b19305c-e7e0-4687-acab-fc073d2a9eee,e4a955f6aad8c8c6,34a557c9d916f3ea,False,-1
b09b1ba5-8bb5-43f1-8838-c39b4c15d667,7db5c50a-5c02-4939-856f-bb8c026eaa10,30d09b067e43c473,8efcc09758de89c6,False,-1
c7bf2f5d-2f9b-474a-bfc6-38ac0ccd5363,68ec4ee4-0eca-488c-b4b4-185dcc6b7329,ed2e5220f4d9ad8d,4de55cd0814c07ce,False,-1
f905f69a-7376-4d02-bbc5-879759c61276,9bae5d63-fcab-4da4-902b-e3a1f43d596f,4ee276656e958a8f,5a5b58be1162e6ae,False,-1
bcba5390-c4fa-486d-ab68-2aca121ed679,9bae5d63-fcab-4da4-902b-e3a1f43d596f,86533a2b9648c7b9,bb33f3c5671a79ec,False,-1
12c5156a-028b-46e7-bc7b-bdb49acbf094,9bae5d63-fcab-4da4-902b-e3a1f43d596f,e12b18adffcc3cd1,99c48c952cdd2166,False,-1
901e8a89-1693-4169-91ee-fa2e4f9044f4,0816ddb7-0a24-49e6-8c0c-1096b189c746,545fb663ab36228e,9d64d944a8701790,False,-1
9620eff2-bf2a-49fc-82c3-e009a108674e,7db5c50a-5c02-4939-856f-bb8c026eaa10,b378236f7e6e26cf,875f6d958431684c,False,-1
ec10c263-f719-4d75-9450-22f3f7933786,7db5c50a-5c02-4939-856f-bb8c026eaa10,3973f1de7e07a7cb,19c3e6c75b3180a2,False,-1
f62d777e-49cc-4d5a-b6f7-3b393a1805d7,295d76e0-01d0-4482-8598-bc0096b735e4,28d457833fa3688e,c13f0acf54103e4a,False,-1
94d0da80-acb5-4786-a873-1118c03b5d84,ccb3156b-7143-42a3-841a-e74cc0013638,cc468f60a6322d88,4b092ebbb690ce97,False,-1
949047d5-ece2-4791-9dd7-5623dbd01e24,bfba3b1d-d004-4e58-8c3f-0188ac45a796,c53111c213bbd8e6,3cd888d16d903a89,False,-1
5d6f5d7e-3dc4-490c-9d01-5ee0f3a1987c,5b19305c-e7e0-4687-acab-fc073d2a9eee,53d2f229deb192b4,36a8b9751e020f76,False,-1
e48e2702-5149-46f2-b366-c89a16b8ebb0,295d76e0-01d0-4482-8598-bc0096b735e4,87411b0a40f48ee3,0e53984bc7230a8c,False,-1
89b7523a-a43b-4d5e-9836-6c248ada69b4,5b19305c-e7e0-4687-acab-fc073d2a9eee,447c09a4993c6893,d0a7389f0db3184f,False,-1
f2409d84-205b-469c-acef-f8d56c78f983,5b19305c-e7e0-4687-acab-fc073d2a9eee,a34d1bf253aab601,85e25db313667d52,False,-1
443f1047-aa83-4d46-bff7-28b48725c135,295d76e0-01d0-4482-8598-bc0096b735e4,54124fbd906c7151,3d97107c18ea48e2,False,-1
bd5be9ca-ba88-4219-af3c-042623ce9d74,bfba3b1d-d004-4e58-8c3f-0188ac45a796,a9c8ecfd7cb4a8ab,c6642c538e970416,False,-1
367ee0a2-1ba3-42da-8ff4-3c9c1ab0528a,5b19305c-e7e0-4687-acab-fc073d2a9eee,5fa4c15ca1838793,ae6251897daf06f2,False,-1
17ae3a57-d005-45f2-be22-d88a95aada46,7db5c50a-5c02-4939-856f-bb8c026eaa10,0889684e9601ff39,f13bb64e8f13f7b6,True,3
b45c7422-ce5a-4437-aed3-762dd8aa27f6,5b19305c-e7e0-4687-acab-fc073d2a9eee,fece23c1a72dda05,f666e4d7ab5fcfe1,False,-1
f2e8df62-a85f-418e-8d2d-a96a3bb87681,f5d91d50-ca67-4a68-aedd-8da3c715f30c,275141c2ceb775e4,daee5ea3b7aec244,False,-1
6a1d862e-9c13-4313-9528-b8c61dff62cf,7db5c50a-5c02-4939-856f-bb8c026eaa10,6d891a9d6c4baf98,2f8a2f8b335db2fe,False,-1
82be7a22-b0b1-46a7-9bea-cc1464d58f02,68ec4ee4-0eca-488c-b4b4-185dcc6b7329,bbfb8c58ca11d24f,515a17e7c67ecc9f,False,-1
d914d7f1-31ba-4379-846f-5b71784f026d,68ec4ee4-0eca-488c-b4b4-185dcc6b7329,254ac8b8e80d3e0c,88fb5d9346eb1f61,False,-1
598c841a-8180-4080-8c06-971d62c73cd4,bfba3b1d-d004-4e58-8c3f-0188ac45a796,a974a79fa4883390,c539b579a961a139,False,-1
6e57ec7f-754b-4927-ad41-978e155df223,0816ddb7-0a24-49e6-8c0c-1096b189c746,0fa6543ead19c2f3,298c347fad7e7e87,False,-1
dcea3115-6186-4573-b202-34d841061c9b,9bae5d63-fcab-4da4-902b-e3a1f43d596f,67ea91e29aafee7c,3d2b5647c2b62799,False,-1
2715e27a-f042-47ee-8cb1-a3633cbaffc8,7db5c50a-5c02-4939-856f-bb8c026eaa10,68f3c22af8fb4960,a7347fa56664ef1d,False,-1
51f8ec74-67df-4332-96a8-ae604944d9e7,f5d91d50-ca67-4a68-aedd-8da3c715f30c,8b75f1bcf0d5ba5d,e8fdb43e9f98b4ad,False,-1
6c570098-fabc-4115-b1cf-503fff99ab6f,7db5c50a-5c02-4939-856f-bb8c026eaa10,bb172966f76631a0,ffae169cc1bd565e,False,-1
be811cff-ddc2-4f27-bc24-f245abe75e19,68ec4ee4-0eca-488c-b4b4-185dcc6b7329,c1fadf848a3549d3,6f44e7248d2ae39c,True,4
9da9736a-c0a2-4f17-86fe-a47768ad2458,0816ddb7-0a24-49e6-8c0c-1096b189c746,c6201b1ab218d8e5,8c1dff16f393e35a,False,-1
a509281e-91a7-43f6-8ffb-3d11fb9d8115,498d1792-a0c7-4fdf-98cc-7c3fc262e451,377d588fa481f535,9fb2ecd2b7b5bf03,False,-1
fb0aee0a-0ec0-409d-a3f1-394755f8fd79,68ec4ee4-0eca-488c-b4b4-185dcc6b7329,779e43362c8fbde5,2ad4dd90b8640e19,False,-1
1587dece-8889-4f00-9ec6-3653db4829e1,498d1792-a0c7-4fdf-98cc-7c3fc262e451,18d5b33e254b4e68,917a3d66537570f5,False,-1
103cee37-9b90-4f29-949a-b44b391ad0f2,9bae5d63-fcab-4da4-902b-e3a1f43d596f,d680fbc26abceff2,2e47e36ad73b659f,False,-1
025bd550-c44e-4f26-af59-2bc6efd799dc,295d76e0-01d0-4482-8598-bc0096b735e4,dba344d3dc516dbe,6e36911c682decf7,False,-1
7f099370-3b60-487b-9d84-09037ad47c33,5b19305c-e7e0-4687-acab-fc073d2a9eee,f985f3cac287f025,46747619de2f3a52,False,-1
1df6c3a3-899a-40b0-be62-61f1dbb689e2,0816ddb7-0a24-49e6-8c0c-1096b189c746,ea7e76cbd3e60da4,41e4417789944128,False,-1
4b410583-b712-4a8b-a6ea-5f8876174c63,295d76e0-01d0-4482-8598-bc0096b735e4,ee08f38a91485631,bb67f1c542963af1,False,-1
f36469fa-7d9d-4aaf-a1f5-56f1f62fe3d4,bfba3b1d-d004-4e58-8c3f-0188ac45a796,fb36db77d1e24647,370b717445386686,False,-1
0c07c7fb-6d93-4ca6-8a45-3f2dc3aa84cf,7db5c50a-5c02-4939-856f-bb8c026eaa10,b5587c639fdc884d,55d4db4c316e8e9c,False,-1
db53072b-ba44-4bdd-8e38-92635ffe4b4e,f5d91d50-ca67-4a68-aedd-8da3c715f30c,c522834051bb71c5,84233e54bd393213,False,-1
86cd2995-6335-4f33-89d1-3b9963554667,498d1792-a0c7-4fdf-98cc-7c3fc262e451,1bcfc78fab7db051,b0b48895e989ae60,False,-1
94477c6c-bace-4c28-9629-ceaaf9ae8d95,ccb3156b-7143-42a3-841a-e74cc0013638,1a96d1eeb1c55e35,7c3e16939902a49b,False,-1
89dcd0a1-c05d-46d7-befc-fdd65add78bd,9bae5d63-fcab-4da4-902b-e3a1f43d596f,c9098cd2b5e5d1d9,acbfb691f6e59481,False,-1
1040226b-8f46-4225-8327-2b48b1441fc9,498d1792-a0c7-4fdf-98cc-7c3fc262e451,9e1cd4f2a1d8dc79,dfd3b9b3be505b63,False,-1
cd7a6542-3b9a-44f4-881f-ddf2298c80d6,68ec4ee4-0eca-488c-b4b4-185dcc6b7329,f9bcce5399fb1f61,202da15bf27e0487,False,-1
a5ff9071-d504-45cf-89e2-5eb4ce7dde7d,295d76e0-01d0-4482-8598-bc0096b735e4,51707e6bed683013,6cc8e5fd87351b4c,False,-1
0e1cb7ea-ffde-410d-beb1-e581b3daa16b,68ec4ee4-0eca-488c-b4b4-185dcc6b7329,091de30c11db23e5,1897e393295832cc,False,-1
10366fa0-7789-4268-a5d1-9db625539b2c,7db5c50a-5c02-4939-856f-bb8c026eaa10,14970dfeccd0a0e9,c059ec8be9c8112a,False,-1
239ae01f-e63e-44bd-af3f-9d09df436b03,f5d91d50-ca67-4a68-aedd-8da3c715f30c,b80b3b55b77e4a9b,075b9b8ca372feaf,False,-1
4f8b3751-1d68-430f-879b-8cd7ed5f6229,ccb3156b-7143-42a3-841a-e74cc0013638,1932ba3b4f8c2b22,aeb1b0ec2eb38e7a,False,-1
af5e13be-f308-46d1-879e-880912e42091,0816ddb7-0a24-49e6-8c0c-1096b189c746,05ba455875c51dca,292f9417cd50807b,False,-1
48904cbf-0855-4fd3-a845-2136b11ee14a,7db5c50a-5c02-4939-856f-bb8c026eaa10,cddd635fd14ad85d,9154ac146c63fe20,False,-1
8acb26b3-a403-4e9d-b73b-84e0305ae6ef,bfba3b1d-d004-4e58-8c3f-0188ac45a796,05927c2fe491bc95,0b6a440bf90c361e,False,-1
6b4affca-9caa-4206-800f-18764e67be6a,f5d91d50-ca67-4a68-aedd-8da3c715f30c,d9f774af3f3bdd3a,c8c1e40817710abb,False,-1
76d1ec28-142e-4cd9-84a2-e219f0272dad,bfba3b1d-d004-4e58-8c3f-0188ac45a796,a446765d68bfddc3,16c282e3d43ad6bf,False,-1
74ba6948-619a-4d18-8585-05185477b6c6,498d1792-a0c7-4fdf-98cc-7c3fc262e451,19e40a679b781b64,bc1b1daf3bb49cac,False,-1
f4f80e99-b5c8-4ce2-a3eb-6fbbcd277e6c,295d76e0-01d0-4482-8598-bc0096b735e4,14516e115c0a7c05,65adb5d80e8e0725,False,-1
58380a09-f0f6-43bb-bfd6-1b92d1cd504c,bfba3b1d-d004-4e58-8c3f-0188ac45a796,acd7f66f5512e637,a7ab29143ef7706f,False,-1
50f9313f-b283-4b0e-a0a4-9741cb43fa6d,5b19305c-e7e0-4687-acab-fc073d2a9eee,62e16bf8a26ca7a4,20a3bb6756a34d51,False,-1
614faa48-6d6e-444b-bf25-e34c221e764c,498d1792-a0c7-4fdf-98cc-7c3fc262e451,f463288d1bdb9e7a,a097f1d5805cea21,False,-1
317f0bfb-bcc4-408a-bbb2-9d9a7fec315a,295d76e0-01d0-4482-8598-bc0096b735e4,428e72bdf2c7f9c0,4e49a3a7f1f40120,False,-1
62a9f3a1-b6d7-4b7a-af6e-f25977e85993,7db5c50a-5c02-4939-856f-bb8c026eaa10,3560b990731d31a4,9f74c635a94a374b,False,-1
b4843c36-ff34-47b2-aeb0-9bec27aad2ba,0816ddb7-0a24-49e6-8c0c-1096b189c746,930f6b0c708ab95a,4bf57d90dfa679b6,False,-1
52313b5e-2522-4415-a01f-f7f4043f33c9,68ec4ee4-0eca-488c-b4b4-185dcc6b7329,b4fa7de5e0000f4e,4da82c85411dd650,False,-1
3d66feef-990e-4617-ad9a-e546fa555b30,498d1792-a0c7-4fdf-98cc-7c3fc262e451,b13d68e6291479bd,0beb6b81bc84249c,False,-1
4f12d90c-9630-47fe-989a-f9b70030ebe8,bfba3b1d-d004-4e58-8c3f-0188ac45a796,f0d674fa13108230,0515be2f43ade0e6,False,-1
c83fd655-bf62-44bb-9a32-f7f953d55150,9bae5d63-fcab-4da4-902b-e3a1f43d596f,4b2905fd71b70a38,8a366f820a8e64e5,False,-1
dadcefbc-20a6-4509-9aed-ac0e77165449,68ec4ee4-0eca-488c-b4b4-185dcc6b7329,a06dd54f7dfc9ceb,42cabd44ed21e65b,False,-1
29430e1d-1337-478d-882a-d5c023119484,68ec4ee4-0eca-488c-b4b4-185dcc6b7329,8db92ef4863be566,be9284d157d0ba65,False,-1
1b5539fd-b8ce-4732-8853-04e43ebaec7b,5b19305c-e7e0-4687-acab-fc073d2a9eee,8306694c0a97368f,ebafa889c19b9de7,False,-1
dfa02028-fb93-4191-b7e7-18693fb365a0,ccb3156b-7143-42a3-841a-e74cc0013638,68877c4f3514ae02,ebfa7b68d50fb6f8,False,-1
8db2de0b-9ab1-474a-94e4-6a0e8df4407c,ccb3156b-7143-42a3-841a-e74cc0013638,24e2aa079bbe5c65,79fc94bf9f8b61a0,False,-1
01369239-eef1-4f2f-8b6a-7f2cee0b4f43,9bae5d63-fcab-4da4-902b-e3a1f43d596f,a16dc068f030b752,5aa26f46d8a9eddd,False,-1
514299d5-853b-4bf6-8d04-3b1454d35dae,7db5c50a-5c02-4939-856f-bb8c026eaa10,f29672459bedcece,82da328d767511cc,False,-1
226641e3-9f4f-4303-b873-e994e334dc3d,0816ddb7-0a24-49e6-8c0c-1096b189c746,edb1b348ef746d9a,0264fc606a3968db,False,-1
07b99a3f-cd7c-4e7d-a6c2-a949972f4ff5,9bae5d63-fcab-4da4-902b-e3a1f43d596f,990aaddd50d0950d,8e1ff265695d0c1a,False,-1
75b237dc-e932-4c27-8b6f-bc32c83668df,498d1792-a0c7-4fdf-98cc-7c3fc262e451,fefdeeb293750d88,20d41acc5099c7fe,True,0
1906b649-ef25-44d0-8cee-259ed01a0b04,0816ddb7-0a24-49e6-8c0c-1096b189c746,9f59deb3e18cc7d7,70e1d4e4c2dc8317,False,-1
fe5167ba-5073-4c0a-bd64-0ecac6e588b4,7db5c50a-5c02-4939-856f-bb8c026eaa10,e2789613f4aa2118,fb4dafa056421e2b,False,-1
807eff65-c6e7-4e1e-b988-cb61e3c2d975,f5d91d50-ca67-4a68-aedd-8da3c715f30c,9aa1cbe68701df3d,10864c27b9113d72,False,-1
7b2326ac-baec-4f45-8525-8e0b13f02829,498d1792-a0c7-4fdf-98cc-7c3fc262e451,8323e6b4e6d8fdd9,0bb2a6746b3fb7fa,False,-1
a4309568-13a5-4248-9076-c6a537343675,f5d91d50-ca67-4a68-aedd-8da3c715f30c,03f8eba87856cdce,ee20a49cddc04fbf,False,-1
c85a965e-e4c2-4500-96e7-d2fa697f4403,68ec4ee4-0eca-488c-b4b4-185dcc6b7329,2543b4fc10ddbc26,b4d988b8f4c64b99,False,-1
e3605d9a-bbfd-4015-80a2-1fbe1a172a9f,f5d91d50-ca67-4a68-aedd-8da3c715f30c,bbc946698bd9240f,75eb6717f43ab482,False,-1
342ef57e-fc8a-4e9b-b327-e0298f43167d,9bae5d63-fcab-4da4-902b-e3a1f43d596f,bd5bad86b0deadda,dbd103491955e133,False,-1
5654aebc-8f34-4a41-829b-84a695019159,295d76e0-01d0-4482-8598-bc0096b735e4,b49ad42379950398,f951e6ea01578eb9,False,-1
2a3ec715-7efb-4294-bc5c-80c228a3c2c7,7db5c50a-5c02-4939-856f-bb8c026eaa10,b6f5892f28ecd02f,5f5a56fb4b434dc3,False,-1
c6de6bc5-46b0-4630-913f-c5d7c2936c90,68ec4ee4-0eca-488c-b4b4-185dcc6b7329,c8bf5abb694f7dd6,36d8816ac006926c,False,-1
4093a069-234a-40f0-a668-da786d016f62,0816ddb7-0a24-49e6-8c0c-1096b189c746,335eefcf818f1cc4,418644f75a3e58bb,False,-1
8a265858-6433-4f2d-ac35-32c9d7cc8f65,498d1792-a0c7-4fdf-98cc-7c3fc262e451,7cd04a5757705c2c,ee3afad7ea34afa1,False,-1
1e497ad8-5aae-47df-a379-ed58afdf4cf0,498d1792-a0c7-4fdf-98cc-7c3fc262e451,70bfa73988df42df,c60225ebc5aa385c,False,-1
02bdabf6-03c7-4938-a0bb-6bd9c11c74d2,0816ddb7-0a24-49e6-8c0c-1096b189c746,dcdc56b8c150ae91,c8e0860b36d42694,False,-1
ce6cf8c2-dfd2-4470-b003-d29d27ae9fdb,0816ddb7-0a24-49e6-8c0c-1096b189c746,01cc4082baef3169,671b3af241c13a3a,False,-1
c4618488-088d-4d88-b6bf-9954d389938f,9bae5d63-fcab-4da4-902b-e3a1f43d596f,176783b6951e2501,1f751b116f36701e,False,-1
11e32cd4-3e90-4618-879d-256fd647eb7e,f5d91d50-ca67-4a68-aedd-8da3c715f30c,eb6c93e151678f32,2a9ead75809c1441,False,-1
e979ce25-31fc-4b04-80a8-44e1cec3a7f5,ccb3156b-7143-42a3-841a-e74cc0013638,59326e0e03600d65,248a27841b541369,False,-1
22f87b03-bbab-46f0-a3a1-f3052a66a4c0,68ec4ee4-0eca-488c-b4b4-185dcc6b7329,1e0437409118ebd4,a9d3645892c93dbc,False,-1
086a11bb-92c5-486e-803a-70446a3c287d,f5d91d50-ca67-4a68-aedd-8da3c715f30c,f83758e54333b04e,2cfd19389d7c56e7,False,-1
7caa7894-3806-4edc-948c-6abcb0382006,f5d91d50-ca67-4a68-aedd-8da3c715f30c,b549c651e830249e,4ad823c492378bf2,False,-1
d548aeac-1863-4421-8409-c13d313d9385,ccb3156b-7143-42a3-841a-e74cc0013638,e7afa810f84ed964,d1d7b1c7c5192ce0,False,-1
7976d40a-5779-4bc9-b826-2c85141d9525,5b19305c-e7e0-4687-acab-fc073d2a9eee,25c5282f49bb9043,2bb93114019a7e00,False,-1
dab1c4ac-beda-4c9e-a3f3-6ce3e9ac1087,bfba3b1d-d004-4e58-8c3f-0188ac45a796,646fe2e3dafda176,eb1b4d8b7364b20f,False,-1
340603a3-ea36-4909-b468-c55f97e00929,f5d91d50-ca67-4a68-aedd-8da3c715f30c,c377eef187b07d49,6d6d5d46357f9905,True,3
1404f8f0-b1c9-4d9d-a57d-9b1c3305ef3a,68ec4ee4-0eca-488c-b4b4-185dcc6b7329,5ef86b2427b27098,71a1fe26f2ee72fa,False,-1
b5b0d20e-0771-4ad0-9076-dd12539e2b22,7db5c50a-5c02-4939-856f-bb8c026eaa10,3562ac822699dcef,db5362b46d4ab745,False,-1
6c7c13b9-b328-4c9f-9592-da20a2e8dd12,bfba3b1d-d004-4e58-8c3f-0188ac45a796,9d0f2e6c9d3e6679,d7acf9e41ca51e20,False,-1
eceec60a-5dc7-4cb0-bd7e-23f05ec5a3f2,9bae5d63-fcab-4da4-902b-e3a1f43d596f,4496e5dedfcba4e0,af27975a9b6892d5,False,-1
90a7e09f-fa62-478b-82b6-13cb3cfb8dc2,f5d91d50-ca67-4a68-aedd-8da3c715f30c,a2446edcdab97454,3d12d52e95dbd5b7,False,-1
35c0d9e5-0e34-458f-a741-e1a1e0c2c9f5,f5d91d50-ca67-4a68-aedd-8da3c715f30c,70af4f2214600f4e,e45e3911863cc887,False,-1
2d44378a-76ad-4c0d-9b14-3793779d6493,7db5c50a-5c02-4939-856f-bb8c026eaa10,88f252d1665747d0,ef1ac3ecefb79b4a,False,-1
3782458d-07ec-41da-91a5-0a1392755e54,bfba3b1d-d004-4e58-8c3f-0188ac45a796,dc642c2c339523c6,7dfba2cd9345f836,False,-1
dd7fce6d-eb99-4fc8-9349-5cd26c83116b,7db5c50a-5c02-4939-856f-bb8c026eaa10,87fdd58a9d302bd8,870e9ce1ce1777f7,False,-1
47eaea0e-24e1-412b-84ce-bf4d0105ebe4,295d76e0-01d0-4482-8598-bc0096b735e4,b026aff3c70db478,aa5a0893acc83200,False,-1
8231134a-f0af-4126-9963-69595046e4e0,f5d91d50-ca67-4a68-aedd-8da3c715f30c,14718a2888011a6c,e7f559107bb4894f,False,-1
7e07ae32-b13f-4849-a75b-777785f3cc96,295d76e0-01d0-4482-8598-bc0096b735e4,47431350288ae044,2917f5981353e3c5,False,-1
61898566-16b4-4259-be7d-466f1eb52d54,ccb3156b-7143-42a3-841a-e74cc0013638,8f9a9d86ff7746bc,ff01dc6815ad6ef7,False,-1
aa803bdf-5630-4758-85c5-683217292d09,0816ddb7-0a24-49e6-8c0c-1096b189c746,822dcb1058a003de,f294d0a0b5a47501,False,-1
52135cd4-bb7b-479c-8bbc-3ba125b38aff,ccb3156b-7143-42a3-841a-e74cc0013638,bbb7632b2fff59bb,f88a5dd9b1393d2e,False,-1
16bb8d48-df6b-42fb-9d6a-824451d98b0a,bfba3b1d-d004-4e58-8c3f-0188ac45a796,5b92f1932ee7f54c,c098825a145a1006,True,5
b9a12f58-2c55-450a-adb8-65bf86679495,295d76e0-01d0-4482-8598-bc0096b735e4,fdf171091dd4fe46,ebad191d00322087,False,-1
e8d9ab4c-2d9c-4a8c-9d55-84043866192f,7db5c50a-5c02-4939-856f-bb8c026eaa10,af015903b22af39f,12d907289c30a5a6,False,-1
b62307e5-02cc-4308-935c-3e59d317acfe,9bae5d63-fcab-4da4-902b-e3a1f43d596f,5341e708224681dd,27aac12bba4a7140,False,-1
3af1e18d-a711-42de-89ed-b6a175ae0a82,68ec4ee4-0eca-488c-b4b4-185dcc6b7329,ad92ef4298c6c507,875c192bc6420593,False,-1
8e429492-fc3d-4df6-b368-1534fcfc79e3,0816ddb7-0a24-49e6-8c0c-1096b189c746,7d556074714a62a8,9fd14d71ecf96db5,False,-1
76e70af5-383a-43c8-83c1-c31833247153,ccb3156b-7143-42a3-841a-e74cc0013638,67399f8f7a762ec5,d7f3582d084f2806,False,-1
9e7c06b0-09df-44f4-9c71-ba8b7218045c,68ec4ee4-0eca-488c-b4b4-185dcc6b7329,7cd53a1dbcb8d35d,631f80719661c75f,False,-1
db513244-732e-4d90-bfea-c606cbf29589,bfba3b1d-d004-4e58-8c3f-0188ac45a796,83c7b9f2ed00d06f,84ef79448b45f0b4,False,-1
bc13b78c-49eb-46e2-9e0e-57524203192f,f5d91d50-ca67-4a68-aedd-8da3c715f30c,45f13ef5207d4e68,278fccea7499a487,False,-1
9361c287-96fa-43b7-8ea1-724b7ae6bb90,ccb3156b-7143-42a3-841a-e74cc0013638,f920938dd42eb830,3216f19fc7491d67,False,-1
6672a803-7c48-44e5-8f30-279858629f2d,0816ddb7-0a24-49e6-8c0c-1096b189c746,7a489a8fc6c1781b,6e4e3a2cd0d4c207,False,-1
83105e17-0bb8-4a35-b83b-277a42925170,7db5c50a-5c02-4939-856f-bb8c026eaa10,55fee68080602ffd,cdd3d77cb5c1d1da,False,-1
5f1fc625-8803-4f2b-9f76-1aa5325b9a90,0816ddb7-0a24-49e6-8c0c-1096b189c746,d163d8753d2930e2,e6446871b22b8fe4,False,-1
ee587cd9-a67b-4807-a365-23d585cc5e48,7db5c50a-5c02-4939-856f-bb8c026eaa10,35e599be9eb2ec1a,a669c6cd369551e5,False,-1
6a80caa1-ca0a-4e3b-a0b2-dcb0876490ae,295d76e0-01d0-4482-8598-bc0096b735e4,09ce644364352490,233b0972493fc592,False,-1
868e5504-0058-4322-b151-4388d4a81296,68ec4ee4-0eca-488c-b4b4-185dcc6b7329,00c5aab805117786,4925769f538df786,False,-1
53451d5d-4ea5-49ee-9f22-173f7a98d711,295d76e0-01d0-4482-8598-bc0096b735e4,7b2666f506da3aca,7ab1073ffd12c3ae,False,-1
6ede6ebe-0e2c-468d-b888-c150269abe12,498d1792-a0c7-4fdf-98cc-7c3fc262e451,cc8a6cf2c8843e3d,a4d7bdccbfed5ac6,False,-1
7e285917-3436-43f0-9225-7694d88ad9cd,0816ddb7-0a24-49e6-8c0c-1096b189c746,383349f88976c139,d09d4fa85a9460c6,False,-1
4093b925-2aa9-47f2-91a7-19b1025381f1,68ec4ee4-0eca-488c-b4b4-185dcc6b7329,fb0eec0bb762d7ad,95f1506c48eb0886,False,-1
c6be111e-0260-4641-bd9b-0897fb99584c,9bae5d63-fcab-4da4-902b-e3a1f43d596f,3020f5ea946210af,352d7bb7e3d204cb,False,-1
66a13b77-af9c-4e7f-ac52-073b8a5ebb70,0816ddb7-0a24-49e6-8c0c-1096b189c746,9e02591233d60e38,ccac6c0edc9d6adf,False,-1
26280923-e129-4eed-9669-1f2017b8052d,7db5c50a-5c02-4939-856f-bb8c026eaa10,9824f6105a3b2870,5110be15d79ae6f4,False,-1
b53db696-5518-4c65-8b03-532488496760,7db5c50a-5c02-4939-856f-bb8c026eaa10,e935ac7ca71ff95a,60cfe493081a31ad,False,-1
d32e802d-6327-4e3f-80e5-dc1b0e285a8a,295d76e0-01d0-4482-8598-bc0096b735e4,ba30c1270051efd8,1dfa9f5d2776f073,False,-1
e0162431-cbd0-43b8-b617-ee2881f09e2f,9bae5d63-fcab-4da4-902b-e3a1f43d596f,557780167c90da1e,f998f5eb62d9a876,False,-1
e7480d30-b509-4883-86d2-1e2eff098eae,295d76e0-01d0-4482-8598-bc0096b735e4,aa95dec49dc8de3b,08c6503b6b2e5faf,False,-1
ffc694d6-f904-4b24-9887-336d8b2547de,5b19305c-e7e0-4687-acab-fc073d2a9eee,0184f7e794cb0acc,72cd104893995dc8,False,-1
a3bb8a5a-92e3-4c3b-b14c-0f01f3e37596,7db5c50a-5c02-4939-856f-bb8c026eaa10,beeed86bc30c7e0a,44f03a818befe0eb,False,-1
3615af3b-be0e-42a7-9214-6839d9c7f4ee,68ec4ee4-0eca-488c-b4b4-185dcc6b7329,450deee1c19c541c,51dedb9bc6f57b93,True,3
5dd4d049-7a99-485e-9849-6190adf885d4,ccb3156b-7143-42a3-841a-e74cc0013638,4599d7e23e090ab4,39ffa1bf3c8907b2,False,-1
d92cfeb5-d33e-4e14-9f5c-7cd94487f5c5,7db5c50a-5c02-4939-856f-bb8c026eaa10,a32b5d1558b6d485,1e46ab76a27b083e,False,-1
8f04324a-fe85-42e7-9357-621be62bcf61,bfba3b1d-d004-4e58-8c3f-0188ac45a796,e98fd5bed4a4f3bb,185b7508e62ed497,False,-1
48d8936e-f62d-4d5e-b93c-9c825b3da14c,295d76e0-01d0-4482-8598-bc0096b735e4,12f2807d391b5d26,6cfa71fbfe29f16d,False,-1
89d30b4c-c368-4ae9-a8d8-58c4ccc1e4fe,0816ddb7-0a24-49e6-8c0c-1096b189c746,5658759c1b3baf1a,0ddb7474fe40183e,False,-1
bde900f3-2683-420b-b213-cdb3eefeb9c3,0816ddb7-0a24-49e6-8c0c-1096b189c746,f0f230a8fcfcbaef,f0f500e8d6fe1e77,False,-1
40152573-f702-4b70-9aaa-3cc2c65136f2,5b19305c-e7e0-4687-acab-fc073d2a9eee,da9f4eb532a37879,acb7b271b7f57f57,False,-1
2c997e82-b0ce-4c51-b4a6-bf384dca9dac,7db5c50a-5c02-4939-856f-bb8c026eaa10,776dc9a6ebe64b0b,be80719993b5e419,False,-1
8aada6eb-4909-4499-bd79-edf2dd833b76,0816ddb7-0a24-49e6-8c0c-1096b189c746,d391a1baccc19027,71161ea7e876d8dd,False,-1
197b3a31-03a2-4df4-8040-edcaee2a893b,0816ddb7-0a24-49e6-8c0c-1096b189c746,0760e5e514dc6d66,226003bbbdabf3fd,False,-1
d1c74d7a-3c4d-49ad-b51f-c8da06ff8d64,ccb3156b-7143-42a3-841a-e74cc0013638,ad0425fd1a255cac,56f09f1450031382,False,-1
ab8454dd-def9-4399-b4f5-b410f7467bb4,7db5c50a-5c02-4939-856f-bb8c026eaa10,6aef7eac146b8c6d,9eee566dfd667f83,False,-1
bc2aeffc-dff2-415c-b443-6383e5fc489d,ccb3156b-7143-42a3-841a-e74cc0013638,b45cb73fac674110,6de5a708a39973f5,False,-1
0693a666-dc94-4857-bfee-795cb324f4b9,5b19305c-e7e0-4687-acab-fc073d2a9eee,f5ab3f726b2f92d5,53be709207aee76e,False,-1
ccb20db6-4b80-4d11-a4d9-54a6a2a99dab,5b19305c-e7e0-4687-acab-fc073d2a9eee,5732755f11ef5ef5,7bc3a0cdb47dd7c6,False,-1
8b028049-879f-4f27-811e-705ef5258401,0816ddb7-0a24-49e6-8c0c-1096b189c746,5ae5ec0b526b9223,8eac07f190579115,False,-1
4bdb07ef-83e6-4e62-876b-7b316950f775,bfba3b1d-d004-4e58-8c3f-0188ac45a796,511b4740f1c3f3d2,c6ffdff72c40ec01,False,-1
a7957835-0011-48ac-818d-c6deecc96dff,68ec4ee4-0eca-488c-b4b4-185dcc6b7329,8c256679d4630f12,37e38dc6ae271cd7,False,-1
b2c1adaa-7845-4223-91cc-023ec2491c0b,0816ddb7-0a24-49e6-8c0c-1096b189c746,e8509efc4d33f6fa,0655a9e86a5d7c7c,True,3
7ed2fcfc-eebe-4df8-b866-c0b210b34404,7db5c50a-5c02-4939-856f-bb8c026eaa10,82e1fd3746442e15,09aea6c8db8f1fab,False,-1
e0b8ce0d-bde7-4a5a-893b-ef24beb3c46d,9bae5d63-fcab-4da4-902b-e3a1f43d596f,a5eeed6fe2f60f0b,3c001cfe47dace15,False,-1
1d8929dd-47ce-4ec9-adc5-55d918e25d13,7db5c50a-5c02-4939-856f-bb8c026eaa10,620f7d8756d580ef,99bfe65dbf83001d,False,-1
101ae735-03f2-491d-a0ef-167d0079fa2c,5b19305c-e7e0-4687-acab-fc073d2a9eee,9d77eecb5361aa4b,bc9b4b376fde431a,False,-1
e16ecd72-203b-44db-aaa0-188bde901f6d,ccb3156b-7143-42a3-841a-e74cc0013638,c3bbc865373c0acd,6bdfa58d8d135ba7,False,-1
7f071a75-7a30-4c75-9bb4-d945dc49d7e5,9bae5d63-fcab-4da4-902b-e3a1f43d596f,127bd6e13acfec07,129980fc6f0a2cb9,False,-1
ae6a7fa7-910b-49c9-9ade-c0c39678f898,498d1792-a0c7-4fdf-98cc-7c3fc262e451,0e7701a18e961926,dd4c892733d6c0ed,False,-1
aaee3dee-ec39-43cf-a1b1-6cf8e28809d2,5b19305c-e7e0-4687-acab-fc073d2a9eee,ec55d4638912a7bb,7a166f59f0bccc7f,False,-1
fe3d61f0-a264-4f78-8bab-336d2594a18e,ccb3156b-7143-42a3-841a-e74cc0013638,e430b380499f65ba,1efd935ff78db408,False,-1
3c549e4c-c57e-486e-bfcd-4a87633befe0,498d1792-a0c7-4fdf-98cc-7c3fc262e451,e33e89634a05d9d4,4872c07a3df8ec06,False,-1
e1ab6fb8-1082-41fb-b5ca-e29a9317432b,68ec4ee4-0eca-488c-b4b4-185dcc6b7329,d9edbfedfe19e686,28fd6ab02a90e96f,False,-1
df4cfdb3-b47a-4cf1-8d22-2fc7d9a66c44,498d1792-a0c7-4fdf-98cc-7c3fc262e451,a8cb0959e5a70a66,3f2426b0603c8579,False,-1
0234f002-2c0c-4b19-9bb3-eb1e576c960c,ccb3156b-7143-42a3-841a-e74cc0013638,dd59dbbc1f4eb0dc,5535a0df9906cf35,False,-1
0999343c-c8c8-4e60-8207-01e8bd3d0823,295d76e0-01d0-4482-8598-bc0096b735e4,5f26768bd039c1f9,16bb49a0dc408d2e,False,-1
d880a9d0-d808-4d2c-85de-32520a6dea67,ccb3156b-7143-42a3-841a-e74cc0013638,0671564b12407e38,75062197bc3536a8,False,-1
fa5eee89-1e8a-4cb3-9d69-1a9a878b8d2c,ccb3156b-7143-42a3-841a-e74cc0013638,e3e49568567a6277,5c9b66ce7c25695c,False,-1
72512819-c7ab-451b-9a36-4ceb410149fc,498d1792-a0c7-4fdf-98cc-7c3fc262e451,58f264482a08fa93,792b3fa5372f3025,False,-1
c9b7bd76-6e8f-420b-becd-53f660bffe70,9bae5d63-fcab-4da4-902b-e3a1f43d596f,1e2754ddeb679b3d,e0a8967744ef4c0d,False,-1
6fd71348-eb63-4eb3-949e-d41787f93808,68ec4ee4-0eca-488c-b4b4-185dcc6b7329,1a818b5bbd939627,7af70755e1375910,False,-1
25679b7c-b878-4d90-83f4-3673d1c06631,295d76e0-01d0-4482-8598-bc0096b735e4,341716ddf2d7f6fb,fb891b5238b73249,False,-1
ae790fe7-3f1f-4e03-84b1-5ab7daef1837,ccb3156b-7143-42a3-841a-e74cc0013638,a829915eab59b19d,e2b03d5027e731c0,False,-1
7e22c79e-9069-436b-b659-da86955ff31b,ccb3156b-7143-42a3-841a-e74cc0013638,2d6043aabc3de5bb,c7caf532d702f424,False,-1
891f6d2a-e6df-450f-8322-645fbfc74aa0,f5d91d50-ca67-4a68-aedd-8da3c715f30c,2f8372d2dc45472c,e067ff050d7fa352,False,-1
ba61e541-9818-4bc1-9e1e-a4106c01a580,295d76e0-01d0-4482-8598-bc0096b735e4,8b4713c96441635e,2b370247541da9a5,False,-1
4047b00b-467a-4141-a5d1-1c67646e8800,ccb3156b-7143-42a3-841a-e74cc0013638,ca033c315ccc6a8d,61f8a4be1a8b7460,False,-1
f54b34e5-2094-4a95-8997-296c82c98b96,5b19305c-e7e0-4687-acab-fc073d2a9eee,c000a3d61b58b1ae,98e7e09e31c0ac21,False,-1
ba5466bf-8c37-4243-82e6-bfad9bf6a463,5b19305c-e7e0-4687-acab-fc073d2a9eee,264c9743bb4d370b,df79bc5f15992b9a,False,-1
3392da30-31ef-421d-b3c4-c8e07b41bf94,498d1792-a0c7-4fdf-98cc-7c3fc262e451,8e3fcf430cef7082,bae1a45e96527b45,False,-1
3c19b7f4-f730-4217-8999-582f4a08fda2,bfba3b1d-d004-4e58-8c3f-0188ac45a796,20d7567b081a95b7,584261e35688b1b9,False,-1
5be3c758-0eb5-4117-825c-3fad573e5aee,f5d91d50-ca67-4a68-aedd-8da3c715f30c,3e5a1dadb8c42d93,34bb197e58ba3515,False,-1
a448ef02-a650-49f0-b54f-571f2bd51453,5b19305c-e7e0-4687-acab-fc073d2a9eee,7d49a81623799108,8eb0cf94f2bd3873,False,-1
d3f62432-54a6-48a8-b742-c743298dfbf8,9bae5d63-fcab-4da4-902b-e3a1f43d596f,8a64b5ea5edda022,2f72f55de0e6ded7,False,-1
185c85d9-195e-4719-a39d-92a09d7aa1c3,ccb3156b-7143-42a3-841a-e74cc0013638,34f56d63e81aa48a,d997a145218282d1,False,-1
4b4708eb-f18b-47c1-9b2a-74c569e76b20,7db5c50a-5c02-4939-856f-bb8c026eaa10,3f730465a22c9834,faa3c1a768eb43f7,False,-1
46e69b80-f9df-4777-aadc-345082632ba1,bfba3b1d-d004-4e58-8c3f-0188ac45a796,2779cf5865598dbf,968d66ae8c936441,False,-1
a4b55779-d012-4a1d-ba53-e47f934d0bc7,0816ddb7-0a24-49e6-8c0c-1096b189c746,b430fe7d9016fd9e,80cc67944a2645f5,False,-1
2b6d328b-1a9b-457b-a9c5-57c665cfbb5b,498d1792-a0c7-4fdf-98cc-7c3fc262e451,dff18ab9333f6e1e,fe23779e297f5977,False,-1
485bf573-65c6-49ab-9110-f655f4be768d,0816ddb7-0a24-49e6-8c0c-1096b189c746,4062ec2e52940d31,7ee85682b2336466,False,-1
9eeb7ed9-91ea-4bc0-a4a6-0d043a2c464c,9bae5d63-fcab-4da4-902b-e3a1f43d596f,12381ff56e756709,1d2186c733613388,False,-1
947afb9b-41a2-4fd3-9212-a2d31f0d609f,68ec4ee4-0eca-488c-b4b4-185dcc6b7329,acc3979aa0afb1c9,f16de1689910cba3,False,-1
9d6e15b5-0a3e-4dca-bd34-6f1e2f3a4c69,498d1792-a0c7-4fdf-98cc-7c3fc262e451,cdcc3e86ca5332c5,871e51018412b248,False,-1
ce9bf2ca-584c-465b-954c-f58ad9385600,7db5c50a-5c02-4939-856f-bb8c026eaa10,4f222f81368bb06b,2099af9034bd409e,False,-1
cf973c26-176d-40bb-8a17-ebcf93a48335,9bae5d63-fcab-4da4-902b-e3a1f43d596f,efc7cb9363972fe8,53920c27b41e25e9,False,-1
0394153b-0eb7-4e5b-b576-0c765e97d083,ccb3156b-7143-42a3-841a-e74cc0013638,7e4ce9723646aa3d,3c6a2e695d93776f,False,-1
9cfe7798-e76c-4ee4-96c5-f8b82562a54d,bfba3b1d-d004-4e58-8c3f-0188ac45a796,9c360c13edb31958,f7c0676f17ac6fee,False,-1
05894274-b5df-42d3-933e-f76557848fbf,68ec4ee4-0eca-488c-b4b4-185dcc6b7329,f45d056e944a47ef,607bc36ecd724629,False,-1
84ba6256-20ab-426e-8441-c319a5b1db04,68ec4ee4-0eca-488c-b4b4-185dcc6b7329,d49197a13689a2df,467a2f2a1486ce58,False,-1
7df4bc70-6b2a-46db-9a0b-a972e09787dc,7db5c50a-5c02-4939-856f-bb8c026eaa10,8824770a50bd0a0e,c56b1edfeb3e849c,False,-1
ea472564-4da4-4f59-bb25-ba7e41a401d9,295d76e0-01d0-4482-8598-bc0096b735e4,f22a13ed51b3e531,e8f550911e5b7dbc,False,-1
a6dbcc08-9aa7-4b22-99c5-14e49aeaa2d9,ccb3156b-7143-42a3-841a-e74cc0013638,6ba928d937188b1f,ae6e94f950ece830,False,-1
0f9d0721-6aa9-420d-a9ab-ef628033eb42,7db5c50a-5c02-4939-856f-bb8c026eaa10,35b4735bd0ff6b52,12bff9df92e220da,False,-1
45bea2cf-b159-475c-bcc9-b9e84eda9e22,498d1792-a0c7-4fdf-98cc-7c3fc262e451,36ec3c12dca29882,bb7818e42e168511,False,-1
79e15e27-2fca-46f7-8d27-3e537426702f,0816ddb7-0a24-49e6-8c0c-1096b189c746,f379aaf1bd01d7bf,fd17fe8e0b23d7b6,False,-1
91304d25-79b9-4fe8-9868-90c6a7ee88e6,f5d91d50-ca67-4a68-aedd-8da3c715f30c,b78d4a5a0757784d,af55bc3f75e88822,False,-1
6239fd93-0e67-4151-8ccb-3e356038615c,0816ddb7-0a24-49e6-8c0c-1096b189c746,7b840047a963544a,ce2e8cc3ac2ef6d8,False,-1
84923fdd-3104-427f-86d6-9a1f4dc05e4f,5b19305c-e7e0-4687-acab-fc073d2a9eee,e04fd0fc433519e4,410187181dc5a16d,False,-1
cd2687ad-f30b-45c3-b94f-6d9853360099,68ec4ee4-0eca-488c-b4b4-185dcc6b7329,821d14a2227f49f1,3e5ef558e55fa4ad,False,-1
eed81704-80ab-476a-8eb7-83a8cfe52ef0,295d76e0-01d0-4482-8598-bc0096b735e4,ef98fee48df7d75d,def67ff12a7843e4,False,-1
ae3cef22-aff6-47a6-b356-138f882a34a4,68ec4ee4-0eca-488c-b4b4-185dcc6b7329,4c7fcbe0e226a9f9,2836a0984c40b4ab,False,-1
c1846d11-b66a-444e-943c-fae30f8448b4,ccb3156b-7143-42a3-841a-e74cc0013638,e0647e3910114636,0da582603f823cb0,False,-1
9d7f2095-f556-455f-a0d1-aa646b860bc7,7db5c50a-5c02-4939-856f-bb8c026eaa10,9e4192334a6c4fdd,b5518a1664565522,False,-1
8fe8eea4-f298-49f3-966a-aa7f866fd32c,7db5c50a-5c02-4939-856f-bb8c026eaa10,67d2f54efb40d88b,e4299711ae3ea309,False,-1
e655b8ac-161b-4439-b171-a359dc39bb21,ccb3156b-7143-42a3-841a-e74cc0013638,b1c450449e7b6c0a,611fafc116269ea0,False,-1
40f5d71f-201a-4d51-904a-fdede4da8306,f5d91d50-ca67-4a68-aedd-8da3c715f30c,c35500abdf57ae52,c397b0508f0ade1e,False,-1
aee81771-fc3a-45c4-ba90-5c6456388ad1,68ec4ee4-0eca-488c-b4b4-185dcc6b7329,a2a07b1f2ee9c31c,f5fa53076ff717d8,False,-1
2768dc49-d54b-46f8-85bc-44841e57f426,0816ddb7-0a24-49e6-8c0c-1096b189c746,e918c924648b9ce3,e1c326131007398b,False,-1
198e0706-827e-4a56-b8ba-9d87daa5c6a0,498d1792-a0c7-4fdf-98cc-7c3fc262e451,dc86cfa2bafadfaa,dc70a1a16c3297c1,False,-1
28eeaea8-5f04-437f-8528-4587ee499aa1,bfba3b1d-d004-4e58-8c3f-0188ac45a796,955b53f5da3dbe1a,e1fc0e4fe4ff4954,False,-1
f7ae76b2-77bc-4e01-bb82-281970625786,7db5c50a-5c02-4939-856f-bb8c026eaa10,9797830f72410363,43fa7d167f3cad00,False,-1
ebf1fb95-0af8-4d05-be68-40d53c43a508,0816ddb7-0a24-49e6-8c0c-1096b189c746,d62fb9d2ff2d7caf,ab105eb0d0539313,False,-1
db318818-daf5-4682-b1d8-9cee3ddb203f,0816ddb7-0a24-49e6-8c0c-1096b189c746,718dc9a80e2af0d5,f0d16783569c0b5b,False,-1
5b2e401b-6386-46da-bba3-3aa87677b679,9bae5d63-fcab-4da4-902b-e3a1f43d596f,be1bb96716c27ecc,1d532784acad06c1,True,6
592069b2-2443-4aee-a9d5-6924a6fbc5a4,5b19305c-e7e0-4687-acab-fc073d2a9eee,b40b6d85bbaec8f1,b11210ae673fd515,False,-1
6a494ca6-97f4-4cd8-a010-868570dce464,9bae5d63-fcab-4da4-902b-e3a1f43d596f,7b04519d6889cfe0,e93795024b948191,False,-1
540c0a47-18be-4b53-a4cc-1d1cd74c5db3,7db5c50a-5c02-4939-856f-bb8c026eaa10,37fe36167e0898a3,9e7b7d69861db290,False,-1
52ad50fa-cb37-4d4c-bb89-4eb400ba6db4,0816ddb7-0a24-49e6-8c0c-1096b189c746,f4920ffedd48d628,46234037ae5025e2,False,-1
e7e63dd0-f156-45da-82a2-db00f51997aa,bfba3b1d-d004-4e58-8c3f-0188ac45a796,6ff4857e9af7787c,0238375b0bc81937,False,-1
11144219-527b-43d6-82d8-3504fb7b74b6,295d76e0-01d0-4482-8598-bc0096b735e4,f8d8861003b473c3,ee4d49177b6114ff,False,-1
0bb6de63-3b38-4aaa-ac0c-2c2cbbe51fa0,498d1792-a0c7-4fdf-98cc-7c3fc262e451,9b56d86abdb0bfca,e3b713713e492640,False,-1
03e5b6cf-508d-4537-be0f-1429b39f98b4,498d1792-a0c7-4fdf-98cc-7c3fc262e451,28037d4de5411e07,113ba852dcd72e20,False,-1
638b9257-4bb5-4762-95dd-b077fc4f4680,7db5c50a-5c02-4939-856f-bb8c026eaa10,0965a74f9b38c3c2,90b4462abc2f3c39,False,-1
c787a171-2094-42b2-96d4-aecef0cf5222,ccb3156b-7143-42a3-841a-e74cc0013638,9a10e86df15a01d1,5c2d8a5d57f4cfc3,True,0
bbe2f144-2406-4216-9fa6-6c5635ae22e7,bfba3b1d-d004-4e58-8c3f-0188ac45a796,2beaa3b28365f214,fb741bd7d355a5d8,False,-1
4efbe41c-f35a-4c2d-952a-85e8cf08b4f1,0816ddb7-0a24-49e6-8c0c-1096b189c746,ad329cb9db7b97b9,ea97ca42a810831a,False,-1
d4f59600-778f-4a85-99fa-79405f1eb059,5b19305c-e7e0-4687-acab-fc073d2a9eee,01adc7cdd6806702,ab74f2762777c967,False,-1
6cc541a6-19e0-4909-b995-e0f124ca65f8,498d1792-a0c7-4fdf-98cc-7c3fc262e451,7880c07ab3ec7b3f,4d6689e1236dabd9,False,-1
0be17896-058a-4cbd-8010-4e500c88d25f,498d1792-a0c7-4fdf-98cc-7c3fc262e451,002812398033e809,a4f95a7fdd7f5b17,False,-1
81db18df-4fa5-49f6-ae46-24326a440cdc,5b19305c-e7e0-4687-acab-fc073d2a9eee,297585fc4ffb8582,5f79efab91b8a2c7,False,-1
60ebbc29-c027-42e0-89be-8b761b676bd6,bfba3b1d-d004-4e58-8c3f-0188ac45a796,df9ef4ad577fb8c8,012304846d2c7eb3,False,-1
c445741c-8fc6-46f6-86ee-340616c1c415,7db5c50a-5c02-4939-856f-bb8c026eaa10,49072252bf2a188d,cb00f00c413a5f87,False,-1
bfa0075f-0ac6-4cf9-93a2-7979ec35bbd1,7db5c50a-5c02-4939-856f-bb8c026eaa10,08febe88d867553f,c3726e229c7d93fb,False,-1
a9e6a86c-acf0-417f-87b3-ecbf745af360,5b19305c-e7e0-4687-acab-fc073d2a9eee,94fab836448afa7e,3f7d5a954fae7085,False,-1
0389dd37-d6dd-4190-8a7b-46ef8929218d,ccb3156b-7143-42a3-841a-e74cc0013638,004c7c333a433e70,6f32d25203c8cfd8,False,-1
ac95cd22-3845-4143-afe4-3faa35a0f019,68ec4ee4-0eca-488c-b4b4-185dcc6b7329,b8c0780a329327fb,29d681f122b38261,False,-1
e3adb301-8ae1-4851-8219-679186071dd8,f5d91d50-ca67-4a68-aedd-8da3c715f30c,766f873e8ce2e503,1bcd142ead7d2fee,True,7
711dfbb3-7292-458c-bd7b-5861424b33a8,0816ddb7-0a24-49e6-8c0c-1096b189c746,0ed92e1966e97dfc,96cfe111f3610a08,False,-1
2722e995-9fcf-4d7e-947c-620afe34c28c,295d76e0-01d0-4482-8598-bc0096b735e4,c5786906d1117fab,0a55ce743bd9c370,False,-1
fa1d54da-09f2-4f3f-b845-11605622ebfe,f5d91d50-ca67-4a68-aedd-8da3c715f30c,0e532786ca7e2f78,d0edea2db25ad2b3,False,-1
5098236c-b9ce-48e1-8b13-9417f321118f,0816ddb7-0a24-49e6-8c0c-1096b189c746,341408ff422fefe9,a4c30c546880c75a,False,-1
d8c44162-0d51-4b31-8427-3a2dc2d45334,f5d91d50-ca67-4a68-aedd-8da3c715f30c,a06b801897e6bfc6,435c1333d56cad91,False,-1
1e977e49-70e4-4887-b995-207e8504648f,295d76e0-01d0-4482-8598-bc0096b735e4,aa1d1ca397ff919c,5741ab791dc6cc29,False,-1
1021d8cc-dea8-4e6a-bfa2-bf00ddfd2181,f5d91d50-ca67-4a68-aedd-8da3c715f30c,a7e90a1f7a2ad8ba,9d187f8ccd30edc3,False,-1
d4775a74-873f-47f1-92df-02254b199bd8,ccb3156b-7143-42a3-841a-e74cc0013638,7137b03cd86de45a,ed37d8dbe714231d,False,-1
4612b0e2-ceb1-4fba-a290-584db64f53fa,5b19305c-e7e0-4687-acab-fc073d2a9eee,9864c7afa83e1187,a9adf9df64323f44,False,-1
d1d1e378-dbbe-4077-b8f8-549fed4b2214,ccb3156b-7143-42a3-841a-e74cc0013638,eb56fb1179b7fa44,c244df95c1a3dbe7,False,-1
d24757be-41d9-48aa-9e6d-bc178e32194a,ccb3156b-7143-42a3-841a-e74cc0013638,ec8728476e509bf4,417cadacad51504a,False,-1
51ac1c52-6b7d-4644-a4bd-63d0527b8f9f,9bae5d63-fcab-4da4-902b-e3a1f43d596f,29cce106f00c1467,4a1a9fdf252ab7ca,False,-1
6ec2170a-c829-430d-a1dd-5a78d6863203,295d76e0-01d0-4482-8598-bc0096b735e4,fb16801c2cbe3d09,ac7a75f71eb901a3,False,-1
3a932bd1-b9fc-4ab4-a825-67872258dec8,7db5c50a-5c02-4939-856f-bb8c026eaa10,9f68aa4b2271768f,b88631dac367ca81,False,-1
d2740ec2-f422-4851-a368-2fa07e35caea,498d1792-a0c7-4fdf-98cc-7c3fc262e451,061b190fc7b593a4,d754cf1a42a6035e,False,-1
289a5ff7-a7c4-44e8-a15a-7a8417292b03,7db5c50a-5c02-4939-856f-bb8c026eaa10,ffe24cf2870a1056,3ab971f673890084,False,-1
dd22b54f-1182-42e4-a2b7-4f3c889fb073,ccb3156b-7143-42a3-841a-e74cc0013638,d38990e70ad5b338,64ac90df5a7dc597,False,-1
95be1a71-50c4-45b5-b884-645013f68448,5b19305c-e7e0-4687-acab-fc073d2a9eee,f4cffda9a4e2fe73,421c91e897bb01d2,False,-1
43dcfda8-aab9-4a7b-87cc-c02ce11a4b31,0816ddb7-0a24-49e6-8c0c-1096b189c746,49ef8099065360aa,93cc836e5191712f,False,-1
6e734bf9-7165-445c-a5d6-0f0e0afb0237,bfba3b1d-d004-4e58-8c3f-0188ac45a796,519a7f2758af0df0,6a1d92129ba887e7,False,-1
58094b05-70d8-4687-8e5e-e6fc0d7f6de8,498d1792-a0c7-4fdf-98cc-7c3fc262e451,7d631eba4e4ab3b8,a08cc6528e57d0c3,False,-1
14d6681b-859f-4927-93fb-b90b9e098120,9bae5d63-fcab-4da4-902b-e3a1f43d596f,9881dc47d83a8728,1e4b9e98df059b94,True,5
bd754372-a3f2-47dd-8cd2-b68b2eb90a37,ccb3156b-7143-42a3-841a-e74cc0013638,c486b731ea9cd153,3ebc7fee7d944ad2,False,-1
ace2f54b-9622-422f-a07c-06a2648af343,5b19305c-e7e0-4687-acab-fc073d2a9eee,f118080e1a242e0a,dbcb85c6d43e5a0e,False,-1
5137f084-95b5-402b-9b3b-37f129b8fe27,498d1792-a0c7-4fdf-98cc-7c3fc262e451,9ae496782905c836,95d1a30b346fd124,False,-1
6cff4c9b-9955-4029-9d6b-c6e2a29d700d,ccb3156b-7143-42a3-841a-e74cc0013638,db84f26ae7dba7f5,d168a610909f0473,False,-1
231d214a-cf1b-4a01-bd74-a16dba7c42dd,498d1792-a0c7-4fdf-98cc-7c3fc262e451,30f48d07c8e62172,e313b30f3b3bf604,False,-1
106d1891-ef53-4793-a8d0-3da2959e6807,7db5c50a-5c02-4939-856f-bb8c026eaa10,c15621f48e45a259,d9d10d26ca180d76,False,-1
9985f69f-0563-4c2d-8a7d-3f9e847f3fac,498d1792-a0c7-4fdf-98cc-7c3fc262e451,313961d3c1956ad3,5600ce2d9cf620a5,False,-1
7ab6ce86-8d7a-4736-922c-3caedc562a25,0816ddb7-0a24-49e6-8c0c-1096b189c746,7e930fc9f76b105c,0aeea7671405b02a,False,-1
4fbb2e42-da50-468d-9e10-bc4a6ef7bde9,f5d91d50-ca67-4a68-aedd-8da3c715f30c,05ccff7577bbb09d,a953ac5ad10258b3,False,-1
63f920b1-e9b3-4f82-a6a0-d5416217feda,498d1792-a0c7-4fdf-98cc-7c3fc262e451,1e331b36dffe8bf3,44063cd595a8bc37,False,-1
d9a57dbc-8dbc-4587-a742-3837650bc4a5,295d76e0-01d0-4482-8598-bc0096b735e4,6ae1bdcf2a576a8f,54738ebd08f45e15,False,-1
c8695403-8d88-4749-87e8-8542be54eb28,295d76e0-01d0-4482-8598-bc0096b735e4,89fb482da502bc60,48eadb1e61e8ebf1,False,-1
bda7077a-6732-4b88-a92d-48b3ee2532d2,7db5c50a-5c02-4939-856f-bb8c026eaa10,b4043d7924c9d9ac,731b179115c64a8a,False,-1
9e6eb069-cce2-42f7-868d-c84feb0c6cd0,f5d91d50-ca67-4a68-aedd-8da3c715f30c,3c89ab3c2cf708fc,e1957be2ffb612aa,False,-1
50608bd4-6481-47e2-a5a0-c997078e9184,295d76e0-01d0-4482-8598-bc0096b735e4,6afd8e6784e4c604,56296532d41dffc0,False,-1
cec48280-de87-47c1-8dd8-cd6da9e17819,68ec4ee4-0eca-488c-b4b4-185dcc6b7329,e5c2b2afa0e3a06f,ceb5e5bd7d18c75b,False,-1
bad7da4e-3471-4b87-a496-d57f4895339d,f5d91d50-ca67-4a68-aedd-8da3c715f30c,21febd68746e2dc1,6e4684b413765d44,False,-1
49c20962-99de-432b-8e60-22b062f5306c,f5d91d50-ca67-4a68-aedd-8da3c715f30c,7efd2d5627b4990f,2d67dae6cc811c73,False,-1
3e86c358-dc42-47a6-b130-80fbb430ae8f,bfba3b1d-d004-4e58-8c3f-0188ac45a796,f1740517cbc4160c,7148e574684b6e0d,False,-1
cde4d6d4-1a00-4c21-a61e-bd869e110275,9bae5d63-fcab-4da4-902b-e3a1f43d596f,0e02a6e81675dc35,ec3f8e4c2650a840,False,-1
78a75eed-a4ae-498a-b50e-89a18be668f1,9bae5d63-fcab-4da4-902b-e3a1f43d596f,0bb3a7c24d1f6a4c,836c2bce37b617d7,False,-1
33ed1381-99d1-48da-9bbc-942571f42f79,295d76e0-01d0-4482-8598-bc0096b735e4,4f300caa4f782518,0cdf8334f9d65288,False,-1
93415a0f-9c50-42ef-87cb-36871f17080e,f5d91d50-ca67-4a68-aedd-8da3c715f30c,77acd8b0f4a4b6d3,505608532ba1e4c5,False,-1
5288d6e5-e341-4c51-8794-ff5ec3f5c51e,f5d91d50-ca67-4a68-aedd-8da3c715f30c,23dee625e63a6693,3b40f65234ec39ba,False,-1
76ae4ebe-4b8b-4cff-b6a6-e88f90d4eb6a,7db5c50a-5c02-4939-856f-bb8c026eaa10,a9098dcdc743a753,1a621b49026951d9,False,-1
346a63e2-74c6-44e9-987d-9b9d387d9f0d,0816ddb7-0a24-49e6-8c0c-1096b189c746,3a9da3f6d9dc3a18,622f568be2ca1df0,False,-1
908578bd-842c-4dc1-b816-ef436def140c,bfba3b1d-d004-4e58-8c3f-0188ac45a796,a3883332b5353494,854477d6cff61270,False,-1
f0d0caa7-31b5-4dfb-933c-fd6b81a80f10,9bae5d63-fcab-4da4-902b-e3a1f43d596f,46f49fabf698e2df,2406add191386964,False,-1
605eafaf-857e-4469-a00d-4f2c61196f7a,5b19305c-e7e0-4687-acab-fc073d2a9eee,a9f29770ccab0912,3f40ead2f936f354,False,-1
5a0ab275-0f57-4772-bef0-3ac09e2fce0a,9bae5d63-fcab-4da4-902b-e3a1f43d596f,1ae52096009ee36d,712b41daed375b78,False,-1
ad4117e9-e05a-402e-8cc4-6c0046ded59e,7db5c50a-5c02-4939-856f-bb8c026eaa10,5e244a12daebdada,9f1f47c5ff8e1288,False,-1
3141dc45-f366-4c19-813d-acc2e4966764,5b19305c-e7e0-4687-acab-fc073d2a9eee,9a918a44f7514133,692442ebf40ff9f8,False,-1
23054468-b5da-4184-8bbc-94a73cde7c5a,5b19305c-e7e0-4687-acab-fc073d2a9eee,f6840b86eff9173d,d8db46975acedfe7,False,-1
2ac0dc39-0555-4ff7-a578-e4acebfe5585,498d1792-a0c7-4fdf-98cc-7c3fc262e451,a0e2e0ce62af0853,49a1f0bb0572d056,False,-1
5e278230-780e-4143-89df-08c6cd417508,ccb3156b-7143-42a3-841a-e74cc0013638,1285cb6e645946a9,dd2f4088f23da284,False,-1
ebaf4cce-b020-4577-a1e8-771e3bd4f367,0816ddb7-0a24-49e6-8c0c-1096b189c746,f5e509ea37bcf343,f52175e7195b957c,False,-1
89606650-33bf-42db-8788-3570185605f7,5b19305c-e7e0-4687-acab-fc073d2a9eee,aecabc76255af7bc,df163a2c0a14cdc1,False,-1
e28b7c25-0cad-492e-b8df-9c1b8a3cad59,7db5c50a-5c02-4939-856f-bb8c026eaa10,50368fef6ea9940c,eaaf25d9eaadd7ac,False,-1
520dfd8f-6667-41d3-9b33-4c24d770379e,5b19305c-e7e0-4687-acab-fc073d2a9eee,1833911c6d87b8c9,4688d20287c8b8f8,False,-1
354eef98-62c3-43c3-964a-159955b4516e,68ec4ee4-0eca-488c-b4b4-185dcc6b7329,dcb0e37ebdcac4dd,5191bc8ca5c962a9,False,-1
fc75c754-f10c-4a1b-bbc7-113393eedd90,7db5c50a-5c02-4939-856f-bb8c026eaa10,8ed420331fc64b5c,bf5b527fbbed0b06,False,-1
20a24ba6-79b4-48f1-8685-541fd87b929f,498d1792-a0c7-4fdf-98cc-7c3fc262e451,dae1ef2d3cbf9831,ffb996398c12f425,False,-1
2eec7921-79a6-4375-b6b8-87012db29a0c,9bae5d63-fcab-4da4-902b-e3a1f43d596f,ca9f65d1575731a6,e8c8b65697ad1254,False,-1
94ee26c7-81ba-4860-8bfe-3c36461623d4,ccb3156b-7143-42a3-841a-e74cc0013638,3ccecdd915144f25,9a679bb20f9b1761,False,-1
fcb62af4-1d5f-47ba-9923-eaeee99da6ba,68ec4ee4-0eca-488c-b4b4-185dcc6b7329,a0497589548fc837,19054315f57fbb4d,False,-1
961126e0-0279-496f-8189-a0c2184d5d18,9bae5d63-fcab-4da4-902b-e3a1f43d596f,70766543a63a42f4,77b0fa997ba6a8b5,False,-1
0069a8bd-1aa8-46e8-b3e4-da35249c51e7,bfba3b1d-d004-4e58-8c3f-0188ac45a796,aec9ea52e6e27182,eb26fec03d3bc209,False,-1
55526e71-1031-408c-8755-5f83edcfc18b,f5d91d50-ca67-4a68-aedd-8da3c715f30c,55eeae95327bbd82,ff8294fe86546727,False,-1
e08bebed-ceec-4b4e-8034-8bcf8a1e680b,295d76e0-01d0-4482-8598-bc0096b735e4,8ed603f6cc8df89f,5eb6fc892dc2cd16,False,-1
9fe78fef-c445-4717-ba2c-169d82deaf43,5b19305c-e7e0-4687-acab-fc073d2a9eee,811557abbdf51bc4,a1ba6f6cf1778d47,False,-1
56f4cdf0-01c4-4973-8acf-42f58b1e5012,7db5c50a-5c02-4939-856f-bb8c026eaa10,e12beddaf8939cb1,8108eeb00cdf04f2,False,-1
2ddc1515-f1ae-41c7-adb5-d52d2f564a6b,7db5c50a-5c02-4939-856f-bb8c026eaa10,6cb981801a014fe5,35a67b0446a97e2d,False,-1
d4fb08e6-cc32-44c2-a97e-82bb10d5ce97,7db5c50a-5c02-4939-856f-bb8c026eaa10,66f38a0c81fdcb8f,3e5c51b19ced96db,False,-1
ab577bf3-c895-4d21-ae19-9128fea96d68,0816ddb7-0a24-49e6-8c0c-1096b189c746,b88f0c1d81c2bc44,f1b5dae7611701c2,False,-1
a1d6c82b-a83b-4034-b677-018b24d1c071,7db5c50a-5c02-4939-856f-bb8c026eaa10,77ba440717cf1e27,914cc7075c712c99,True,0
00f12ae2-737b-41a9-b4cf-a5053f825fb6,295d76e0-01d0-4482-8598-bc0096b735e4,e6016377ffb4b3ee,e405861771e55f3a,False,-1
ea796753-21cb-4478-9fa8-0dcb834fa27a,0816ddb7-0a24-49e6-8c0c-1096b189c746,320f8cb1a5a41007,4c39f9cba709e497,False,-1
d974072b-746d-438a-85c2-d14c815ded0f,295d76e0-01d0-4482-8598-bc0096b735e4,72301a308c1de6b2,0e9b21f6799bdb90,False,-1
a644f6b5-b9e1-42c6-8198-075d633aa46d,498d1792-a0c7-4fdf-98cc-7c3fc262e451,ef3dc80e0f7de470,2d15ddf6a99598bc,False,-1
09a454b9-3284-4d95-853a-30ace490f534,295d76e0-01d0-4482-8598-bc0096b735e4,443b7138d8fe4822,b1243435aca79396,False,-1
cc73f2c2-d321-401a-a353-60a51e3a3a72,7db5c50a-5c02-4939-856f-bb8c026eaa10,9d8e930b8ed5df33,83e65f18e01490ca,False,-1
2021f7c0-48b8-4b29-a675-6dddf521028c,0816ddb7-0a24-49e6-8c0c-1096b189c746,d3106758e07d897d,d7b3e614602563cf,False,-1
1f6a4b7e-0f57-4b39-bdb1-5799d84cc27c,5b19305c-e7e0-4687-acab-fc073d2a9eee,396ff67c98148e63,5d22332ab6491b19,False,-1
7ad51fac-3dee-4915-9412-886ec44887d7,68ec4ee4-0eca-488c-b4b4-185dcc6b7329,784c4d0b5ab4fffe,6e96e224b69b6494,False,-1
dd27b7b4-5932-4da0-b653-9ada49ea207b,5b19305c-e7e0-4687-acab-fc073d2a9eee,32d9ce9abf14b477,8ced32eb58e12da6,False,-1
f9b4fff8-28a1-4dee-a95f-fbf1b150ad35,9bae5d63-fcab-4da4-902b-e3a1f43d596f,e3a0e959be42840c,badd074813c9f1c6,False,-1
ce728118-286b-487c-9e02-a9c891357b85,ccb3156b-7143-42a3-841a-e74cc0013638,9a5a0f9a744d9260,308efcf632398032,False,-1
f19f07a0-3768-4a62-a995-675875dbccbb,295d76e0-01d0-4482-8598-bc0096b735e4,1e0715cdf01e617d,0742210badab37d5,False,-1
c9e2f72c-e657-45b1-85c6-9b6251b22c8b,68ec4ee4-0eca-488c-b4b4-185dcc6b7329,d72075eb27ce346e,14da143887cef767,False,-1
6c3c837a-e669-423c-8f63-e4772bcf9df3,5b19305c-e7e0-4687-acab-fc073d2a9eee,cbacee55601bd534,678cb7b0d2e320a2,False,-1
1950351e-e4a1-4d34-8120-549c82f93ad5,0816ddb7-0a24-49e6-8c0c-1096b189c746,8f2b26b0b454fdf1,dc2fca3654efc70c,False,-1
ec89bf5d-f35d-495e-9d8d-4818ac7e8a84,5b19305c-e7e0-4687-acab-fc073d2a9eee,63a885b7a0077b99,1abde866185b09f8,False,-1
063b582d-6986-4487-b64b-79299bb2b128,7db5c50a-5c02-4939-856f-bb8c026eaa10,b83fa5843110f4b4,9edb4d2669af4b8b,False,-1
d3ffd3a1-c469-45bb-b760-54bab51754bc,f5d91d50-ca67-4a68-aedd-8da3c715f30c,714836fbe80397f8,72a2057f8fe1bfe0,False,-1
8ea99aa7-f314-4d72-8c4a-ccb7d6bd68a7,ccb3156b-7143-42a3-841a-e74cc0013638,cf20582ff0c235c7,540cbeeb99c95ae9,False,-1
cf6a74b7-0a90-4d06-9966-30ee60f6b1d1,7db5c50a-5c02-4939-856f-bb8c026eaa10,4ebdb8571aa33c0f,4ab12de3cd7ced78,False,-1
c94a93a4-5cd5-4f04-8f33-74e398b5eb6e,9bae5d63-fcab-4da4-902b-e3a1f43d596f,93adcedd0504db7f,1aac2750b273e6ad,False,-1
1841e153-825e-4c02-8cd5-7ddf9f5a86f8,295d76e0-01d0-4482-8598-bc0096b735e4,b8b58166094c03f9,d831c7c5a67a1d5c,False,-1
e80cff6b-16a6-44ec-87f8-bccf3bc1f8ce,ccb3156b-7143-42a3-841a-e74cc0013638,b023154eb27bb282,aea5546d1a064d7d,False,-1
bdffbe60-ab36-4a71-9682-aedee231c59a,bfba3b1d-d004-4e58-8c3f-0188ac45a796,0337a233657c1db9,c9d137321c20b1f8,False,-1
1e87640b-a01b-41a5-8bb9-c293cb16d16a,bfba3b1d-d004-4e58-8c3f-0188ac45a796,219c2b2a9adc75e0,e94ae0eceaf93737,False,-1
35d3715e-356b-4d2b-955b-c256a5d92d10,9bae5d63-fcab-4da4-902b-e3a1f43d596f,1c98b9757cd1db35,8b08d2dc7d9ac60d,True,3
7cf5a62b-ea0a-4de1-9471-263e102c6ea3,5b19305c-e7e0-4687-acab-fc073d2a9eee,c84df8de21015cb9,56073bc7aa9dd5d0,False,-1
8af88f48-063b-44cb-ad7c-313cdfff745d,7db5c50a-5c02-4939-856f-bb8c026eaa10,8326a2010d388141,5812a10f248dc913,False,-1
1a6fea50-118d-45ab-b996-38d50a3960fa,f5d91d50-ca67-4a68-aedd-8da3c715f30c,b28fc63364c22574,5431ce3ae93f574d,False,-1
8ec01a64-8258-4585-9a02-ce735703587e,498d1792-a0c7-4fdf-98cc-7c3fc262e451,8735adaa09f2105b,f6d6c948f85a249c,False,-1
4496747a-1c4c-4195-9e25-fb0fa9487771,0816ddb7-0a24-49e6-8c0c-1096b189c746,021f2ff63a4b84a4,cbeda124dca50099,False,-1
a1019ddb-809f-4fea-8857-14838f180996,bfba3b1d-d004-4e58-8c3f-0188ac45a796,307ef86eaa01f86e,752ee891f30d70a4,False,-1
c4cade8d-fdef-4b5a-9506-a5391144bf23,9bae5d63-fcab-4da4-902b-e3a1f43d596f,210dff423bf07bbb,c85800e535ab9fdd,False,-1
ea8cb9bf-eb61-417e-bd23-77716c1c56b2,ccb3156b-7143-42a3-841a-e74cc0013638,6d8aa363acaaf768,20cc230a348381fd,False,-1
e47c7718-53b1-440b-8c37-95f56d1813a8,ccb3156b-7143-42a3-841a-e74cc0013638,a7d02cf89d7fee79,5a564750bd34ba4f,False,-1
159edfc7-08c0-4958-a260-679f31c34905,7db5c50a-5c02-4939-856f-bb8c026eaa10,cb751564a1f2a4e7,24242c23b892a4c8,False,-1
448cd447-fe2d-44f3-9f7a-b200c251dbeb,498d1792-a0c7-4fdf-98cc-7c3fc262e451,5621ebcf6e420f13,fd41de26b7167ffd,False,-1
3c21a070-c088-43e0-bd5e-c12ed4ec0860,295d76e0-01d0-4482-8598-bc0096b735e4,4084e96226c64d3a,2673fd97acb39ec3,False,-1
6bd671b5-3839-4c24-9be6-900689046ec4,f5d91d50-ca67-4a68-aedd-8da3c715f30c,bb1ba9bc293ea4b7,c829cccfba0fa750,False,-1
9c7eefce-f58a-47dc-94a2-df73d2702c8a,0816ddb7-0a24-49e6-8c0c-1096b189c746,682b46a565647dba,710ee6cf5a1cdc7d,True,7
1f921c52-4688-45b2-ac04-fce5c31e81b4,0816ddb7-0a24-49e6-8c0c-1096b189c746,5e1c16ee00f77cdd,7b819c270b806efb,False,-1
3a8533a5-ab1b-476d-82c9-7f888944bd98,0816ddb7-0a24-49e6-8c0c-1096b189c746,7bd82aabf748e570,5e22906955684b2c,False,-1
b4ae9464-d428-4437-9eee-dd838376111c,ccb3156b-7143-42a3-841a-e74cc0013638,2558fc22275df251,a0c4b882824459a5,False,-1
e2e03db5-8a18-467f-9d9f-059c7392f65d,0816ddb7-0a24-49e6-8c0c-1096b189c746,018cd7ed1bd5857e,07eba72e96c5a063,True,1
41e03765-dc76-4baf-9a1b-eebad8ec40bc,ccb3156b-7143-42a3-841a-e74cc0013638,cf03ab2ba8b127a2,41f6050cd6d79235,False,-1
9053d882-0c74-428b-9a59-d468b7411309,9bae5d63-fcab-4da4-902b-e3a1f43d596f,740051f9d6f87703,43b3a816caea0b8b,False,-1
145f23a4-775e-4b79-8c1a-3487f877d4fe,295d76e0-01d0-4482-8598-bc0096b735e4,fd2809f375add5de,165e1df276471345,False,-1
cf6fd5e7-6938-4c7c-bfa0-a092ebebfc64,0816ddb7-0a24-49e6-8c0c-1096b189c746,36147b26bc563972,dc4eca478c7ba826,False,-1
671bec40-1a43-4c0e-9458-3a82aa6630e4,bfba3b1d-d004-4e58-8c3f-0188ac45a796,f1a50c25e2ff467b,8a72e19b3764e898,False,-1
5b246259-369c-466a-b8f1-870216b669e0,7db5c50a-5c02-4939-856f-bb8c026eaa10,241e540e9659a1e9,37ed7a96676660ef,False,-1
223db265-73bc-4b82-839b-0e915507db43,68ec4ee4-0eca-488c-b4b4-185dcc6b7329,f60346f025e6a961,9cf137ec523b7fbf,False,-1
7d052046-1d05-447c-85d5-bd19fe78fdad,9bae5d63-fcab-4da4-902b-e3a1f43d596f,120cf921829b3f4c,4096b00e08c7e4b4,False,-1
04ebfbf9-aedc-4037-8b1f-8a04690774a7,0816ddb7-0a24-49e6-8c0c-1096b189c746,ec084f7f9fc9cdf9,33ed2a8a2ca3ba4f,False,-1
4dead4fe-adad-41be-a18c-a9eeabf529f8,0816ddb7-0a24-49e6-8c0c-1096b189c746,1ea9539f910d0833,3e0da60a79824e25,False,-1
ea777a50-f407-49e9-8272-9c98c6040bfd,5b19305c-e7e0-4687-acab-fc073d2a9eee,cc3058852db597f8,8276f6232ccd176b,False,-1
1264378a-b63b-4168-939d-45a688d6248b,bfba3b1d-d004-4e58-8c3f-0188ac45a796,ca92100042e95bd2,090e959aa148f220,False,-1
27e88660-cbc3-40dc-a0d2-063b3329849b,5b19305c-e7e0-4687-acab-fc073d2a9eee,149bab6dfae385d6,53b05f3f33c23977,False,-1
de68012c-096d-4816-a70d-eaa1d8586b51,ccb3156b-7143-42a3-841a-e74cc0013638,8bee4311676285a6,4a695b8c415134f4,False,-1
a5846bf7-07dc-42fc-926b-fc210c1133fc,bfba3b1d-d004-4e58-8c3f-0188ac45a796,cbfaa123a2409b4e,61915b0985ffc9b5,False,-1
734a063b-0fe9-4786-9e0c-d7b30bed3868,68ec4ee4-0eca-488c-b4b4-185dcc6b7329,ce673b3579d194b7,7aa8ca11696c4cc5,False,-1
63459cb1-59f9-4a21-aa53-5ec1da699bc0,5b19305c-e7e0-4687-acab-fc073d2a9eee,02f4e28083a92ecc,186c5bd46d4fbb0c,False,-1
506d518c-67cb-421a-a01d-cb7642ffa7ab,0816ddb7-0a24-49e6-8c0c-1096b189c746,dfafe33e83ec9afe,7469babc069a2879,False,-1
ba9ede64-1414-4db1-aca6-33369f382ad3,68ec4ee4-0eca-488c-b4b4-185dcc6b7329,1fb6d26412359800,fa308d44399ed6aa,False,-1
6a0f7d9f-839c-4f57-8ede-311c7a40ea4b,295d76e0-01d0-4482-8598-bc0096b735e4,e4e03006701c114d,2e0817a9f7d86496,False,-1
e279de16-3b97-4ad3-8970-18d76f08ed5d,295d76e0-01d0-4482-8598-bc0096b735e4,7a8a9e10173cdeb4,04b4fef93cd8326c,False,-1
ad74d4e9-f30d-4ca7-a8fa-6b6d515b4dec,498d1792-a0c7-4fdf-98cc-7c3fc262e451,5e2f0cc123628978,31393e0c14345bfa,False,-1
0e213e9b-026f-4505-8fe1-ef1d59c1ff06,bfba3b1d-d004-4e58-8c3f-0188ac45a796,2c91a92dcedaca2f,c487d83c02153cde,False,-1
6bb0aec0-a41f-4ed3-9fcb-87e004759e0c,68ec4ee4-0eca-488c-b4b4-185dcc6b7329,34466e95825c4877,c12fe9763a8eb9a9,False,-1
32cb61c3-1f62-4b1b-90c4-9c782b2b6ec1,7db5c50a-5c02-4939-856f-bb8c026eaa10,85dd75a9ebada086,549fd09b3cfa7517,False,-1
9a88ffed-aad4-4c5f-8449-ee81f7fcd948,68ec4ee4-0eca-488c-b4b4-185dcc6b7329,fa5f0f22ad1872ff,467b03518943b3e7,False,-1
589c25a1-63e2-4e33-b6d2-3cf999db06cc,295d76e0-01d0-4482-8598-bc0096b735e4,f570bd8c7e1cc457,816a173566cad83f,False,-1
03c24eb9-e218-4f4a-9be6-f9fb3abe1ca4,bfba3b1d-d004-4e58-8c3f-0188ac45a796,c52c394785fa1d7c,d3b30c2d218197a4,False,-1
66f2e210-e991-48e2-89cd-2101053c0572,498d1792-a0c7-4fdf-98cc-7c3fc262e451,31895c865f7b9618,a22de119282aba0d,False,-1
2d201aba-a736-40b1-88da-a48199186fda,295d76e0-01d0-4482-8598-bc0096b735e4,792eef11ea888e86,1888a28e9bfd4435,False,-1
8e7f9afe-9d54-4a6b-82ca-461308cac9e1,0816ddb7-0a24-49e6-8c0c-1096b189c746,b491f1a5e9f35c8c,d9d6e3cf8fb0b9ad,False,-1
56483bf6-a690-433a-a4ee-a66cf6e3c924,0816ddb7-0a24-49e6-8c0c-1096b189c746,3c16a0169212550e,33277edd418fdd15,False,-1
242baadb-5d09-4abb-82c2-1ef231f6bd5f,498d1792-a0c7-4fdf-98cc-7c3fc262e451,50058332cce29c8f,ed7ad33a360206e6,False,-1
7992e03f-466b-49d6-a182-7372f6cc7b56,68ec4ee4-0eca-488c-b4b4-185dcc6b7329,4800300b53da8930,116f766793a90b40,False,-1
c5fd7d1b-8ae1-47be-b9b6-b4bd6846f270,0816ddb7-0a24-49e6-8c0c-1096b189c746,554661741baaa27f,6441d89337ee939c,False,-1
1ea520e3-c1c7-4f08-89cf-303bd34f8f10,f5d91d50-ca67-4a68-aedd-8da3c715f30c,397355dea0531a3f,50e9ba77fef47808,True,5
26f285aa-16d0-4bf8-88e5-9dfa406ba550,498d1792-a0c7-4fdf-98cc-7c3fc262e451,7d8795676c03750a,4dd22960938a8afe,False,-1
aa75aadc-28f1-498d-8429-6e6c3d4dda3b,5b19305c-e7e0-4687-acab-fc073d2a9eee,f8d73b3fa9e0599d,c9f123db6180bd0d,False,-1
83cae586-cc16-46af-be9b-c2c32faab020,f5d91d50-ca67-4a68-aedd-8da3c715f30c,b714c7cbc1f7d473,0620bbd094d181ef,False,-1
8b30f07d-4e0d-49e9-b9c5-89c4254bc345,f5d91d50-ca67-4a68-aedd-8da3c715f30c,0dca6a5458ba8c0d,7e42c0706e771d07,False,-1
f8641c4f-4cc7-427d-b956-0b8aa2c1d00f,f5d91d50-ca67-4a68-aedd-8da3c715f30c,55231e5041ecfb31,204d1680fbee8aad,False,-1
828b1ece-7f22-4cc3-9495-1d706b27404a,7db5c50a-5c02-4939-856f-bb8c026eaa10,2c04e7f9ad45cd7f,7ea77d5b47d45a6e,False,-1
623f6de7-49ee-4e17-a9e2-c72a2eb531e2,bfba3b1d-d004-4e58-8c3f-0188ac45a796,b42569a9864c5276,63928f15b090ffdb,False,-1
ecf245ae-12f1-490c-97e0-47d560f9d192,7db5c50a-5c02-4939-856f-bb8c026eaa10,32b191d4ee460d3c,0643f63e5c550009,True,3
5e1ae749-ef12-4807-876b-1adf89180ff2,f5d91d50-ca67-4a68-aedd-8da3c715f30c,f0ad0a9c8f56f753,eee08ffeeea87fd8,False,-1
189c757b-34fc-4b53-9284-381253fc473d,7db5c50a-5c02-4939-856f-bb8c026eaa10,47ae03489301603e,76c2674bb42ed8a8,False,-1
33ec92ee-42d2-418b-8092-abd9de7b74e4,9bae5d63-fcab-4da4-902b-e3a1f43d596f,2fafdd3cf7685531,0b348c6214ff1557,False,-1
94fa5284-80fd-4e2a-a483-f0a98aea5571,bfba3b1d-d004-4e58-8c3f-0188ac45a796,3723d2b6c3b93e93,c315d54fbdf34772,False,-1
c614d06e-e8f2-422b-acf2-ec15cb026ef1,295d76e0-01d0-4482-8598-bc0096b735e4,dd6975fd0530d9e2,c6040f8a14151c3a,False,-1
7bb89caa-ce91-4812-8f05-1a589f0d367c,68ec4ee4-0eca-488c-b4b4-185dcc6b7329,6291dafcfe9ca6b0,7bfed7042069b10c,False,-1
73871149-d659-4333-8415-403244918aed,bfba3b1d-d004-4e58-8c3f-0188ac45a796,0d5b9da4bc023a0e,3f11b26c68756a2e,False,-1
1c682b2c-6590-4db6-aed5-0238db89271e,0816ddb7-0a24-49e6-8c0c-1096b189c746,ec56b6c9f5d0e52a,519dded41e3b5cbd,False,-1
5d2a811e-fb79-4261-9036-6bc4e25e3299,ccb3156b-7143-42a3-841a-e74cc0013638,cec71961a1943547,9cf382e71fa73ecb,False,-1
de1f1400-c8ba-49bc-bd6c-09a73c0035a8,ccb3156b-7143-42a3-841a-e74cc0013638,6ce50109e71b88c2,ce90fd6a385e07ff,False,-1
cc582d8d-292c-4f37-8e4d-bf9dc2baa03a,68ec4ee4-0eca-488c-b4b4-185dcc6b7329,7c72f8713d6ad51d,e508dcf04a4e401e,False,-1
e61ba3fc-47f4-4d0e-a194-5cb72c63ecf1,5b19305c-e7e0-4687-acab-fc073d2a9eee,9d5d42e44c1d60b1,dc2fd8cb08b5e0e8,False,-1
e221d426-fecf-4c8b-9b54-dad4ed4b3270,7db5c50a-5c02-4939-856f-bb8c026eaa10,a6d05cb225df5015,2b820ab66e333835,False,-1
ec7014dd-6d8b-45df-81f6-cccff074134e,bfba3b1d-d004-4e58-8c3f-0188ac45a796,e0053c6c8f33eaae,5a5ef9a39bf37473,False,-1
e1c5e9b3-c97a-45a8-9724-f6bde79ee045,9bae5d63-fcab-4da4-902b-e3a1f43d596f,f5d7c2e526a453aa,2dc27e449a326228,False,-1
3033fd14-4877-4e23-99b4-290f7ed8672c,0816ddb7-0a24-49e6-8c0c-1096b189c746,a53f657cfb916294,f3668028c184fb22,False,-1
929e12a1-429b-4a49-9af9-c0889e166163,ccb3156b-7143-42a3-841a-e74cc0013638,fc774041ea1ffc73,f59aa87548e0c749,False,-1
55036877-7f21-4442-a8bd-78cb865dce34,68ec4ee4-0eca-488c-b4b4-185dcc6b7329,03b4a7247a6d1124,3aefcf4222dde147,False,-1
aee4fce4-46b7-425e-9358-589eeba6b484,7db5c50a-5c02-4939-856f-bb8c026eaa10,15bbe0cb95026965,39c151e2cd83f60f,False,-1
7abb1be5-573f-4206-a280-09a385ad1c57,7db5c50a-5c02-4939-856f-bb8c026eaa10,a3b24262d4f29bfa,e3490cad65561816,False,-1
3e14ff26-9d40-4c22-8e17-5d4011432a71,68ec4ee4-0eca-488c-b4b4-185dcc6b7329,68ceaca12f527d0d,e547fadb6e1216f9,False,-1
392426e3-b96f-41e4-bfd3-596afec67a6c,295d76e0-01d0-4482-8598-bc0096b735e4,382c9c48484fdaab,3bf490af91608f0b,False,-1
a1e8ab41-ac6a-420c-b807-c39f5ddaeb43,ccb3156b-7143-42a3-841a-e74cc0013638,342fb3009fea44f0,3695ba808ad19e8f,False,-1
151844c2-a4b1-413a-bb16-1bb221dca610,bfba3b1d-d004-4e58-8c3f-0188ac45a796,193ca0902c32d51f,e1931f42df42c47f,False,-1
a85f0c90-bc65-4642-b435-e540e0ed54fc,5b19305c-e7e0-4687-acab-fc073d2a9eee,63d1368881c75605,269a0f49d768d10e,False,-1
be59a72f-c2ee-45a0-8b76-ff101e55b3c9,ccb3156b-7143-42a3-841a-e74cc0013638,044b738d7c5787b3,aac1f4ccd0ac34ab,False,-1
f346a38b-7c43-4cd6-ac11-0fc3e47672d8,5b19305c-e7e0-4687-acab-fc073d2a9eee,19eb760e2b831c34,b15c8a60ffba80d6,False,-1
0a0b0999-b843-476c-83e5-038beeac0394,295d76e0-01d0-4482-8598-bc0096b735e4,a54e4963cfbc74bc,f1c1687c937c7277,True,5
71871587-0d11-4216-9488-24e56e31d898,498d1792-a0c7-4fdf-98cc-7c3fc262e451,470caa3f3150e550,a2de23525adc18c8,False,-1
37720de0-0f96-4d3e-8249-d7f157e22fc6,68ec4ee4-0eca-488c-b4b4-185dcc6b7329,159577fa1c01b24d,40eac8c52faeeb98,False,-1
c59be1f2-71c5-4980-9400-36c0c2e2105f,0816ddb7-0a24-49e6-8c0c-1096b189c746,ce7e227e09814ab1,407c50607dd485c5,False,-1
67bddee6-e3ed-4e34-8e39-1226929448fe,7db5c50a-5c02-4939-856f-bb8c026eaa10,4290c9e3b8ba4df2,1fd03fa5caa53cce,False,-1
4d05afb0-70f4-48c3-a77e-d1a05f97bcd2,498d1792-a0c7-4fdf-98cc-7c3fc262e451,71c9a3b32010ae0d,38e076e6318d2bdd,False,-1
fbc3374b-6133-4af6-b8a6-e7b9c6a89c29,bfba3b1d-d004-4e58-8c3f-0188ac45a796,cb46b2dda14f0dbe,9af448bf316aecd1,False,-1
8bee1079-c778-4bfc-834c-f2dbedb30a05,0816ddb7-0a24-49e6-8c0c-1096b189c746,0baee0a2a0829679,754b53bcb41d228f,False,-1
cf20d377-92f5-4b24-9b14-5de6e2eacf1e,ccb3156b-7143-42a3-841a-e74cc0013638,ac6aee7bac60078b,9135fd204cd89904,False,-1
1142bef0-ec75-4437-8f96-380a23e4d4bb,295d76e0-01d0-4482-8598-bc0096b735e4,1b405429b40ae1c1,9bb2af11300c1bcb,False,-1
f79dd1f9-0a9f-48ce-a1e4-fbbb2d5b2d04,5b19305c-e7e0-4687-acab-fc073d2a9eee,7c2a445a5647ea82,4d7a148c172f1fca,False,-1
a87ca5d4-2178-4d93-b88d-a274890cf041,295d76e0-01d0-4482-8598-bc0096b735e4,d134b93a9e13abf6,717058667e0ab5a1,False,-1
3bc611d5-5b1a-4ec3-ab5e-e8f5a3668fe3,ccb3156b-7143-42a3-841a-e74cc0013638,d0889b08b35b3612,fe40d8b7efbc47e0,False,-1
9cea4fb9-8145-41ec-b2d9-4c9b964e121c,f5d91d50-ca67-4a68-aedd-8da3c715f30c,14b6f7139431653c,afec0a19419205cd,False,-1
1c582a14-8e2b-48b4-ba2c-8cdb02882843,7db5c50a-5c02-4939-856f-bb8c026eaa10,76f4a3178dede822,797521793a83622a,False,-1
2ea3cb9b-0df2-4472-af5d-02edcc5b27f5,bfba3b1d-d004-4e58-8c3f-0188ac45a796,a07d07167b2173fb,d84364022355bc51,False,-1
f82abe4e-84e8-4e9e-b864-b24dfdaec934,295d76e0-01d0-4482-8598-bc0096b735e4,c673af654087bb56,e2a0c6d25a414b01,False,-1
d79eb481-b340-4f0c-8248-ec5fa06b1569,5b19305c-e7e0-4687-acab-fc073d2a9eee,eb73c24a33d6f94e,20dac7755d193982,False,-1
245ef841-a32b-480a-a8ce-3b1df42e91e2,bfba3b1d-d004-4e58-8c3f-0188ac45a796,8cbeda27cd0644fd,da2bb2921ae3ae7c,False,-1
8ea7c58d-04ce-4e24-acab-f6162775cb7b,0816ddb7-0a24-49e6-8c0c-1096b189c746,2df4c99d5ccbfd3d,86dedab4a08f12a0,False,-1
ba0c9792-d1bf-4b45-bcf7-97c2461588b8,7db5c50a-5c02-4939-856f-bb8c026eaa10,6f5a6d0533aeea68,388f153911f03115,False,-1
14dfb956-c55a-4037-8f7d-029aeb486d06,498d1792-a0c7-4fdf-98cc-7c3fc262e451,396ec40b51d11188,fc9988b7300e3b08,False,-1
0055af12-ed3b-4ca7-b659-e695434a4d38,7db5c50a-5c02-4939-856f-bb8c026eaa10,22158933f2a728e3,a110f974710ec96d,False,-1
3f7c34c5-80fb-4544-b311-e899a159f7ba,bfba3b1d-d004-4e58-8c3f-0188ac45a796,a07bc363a5362d35,ec34b920d6f5144b,False,-1
8a9b0742-3f0a-490b-ae61-d665eb5b8a37,68ec4ee4-0eca-488c-b4b4-185dcc6b7329,29f70fb55a46507b,6f1a44193c9abb69,False,-1
bf051e3a-a17f-4fb8-bdc6-31cf5cd661d0,68ec4ee4-0eca-488c-b4b4-185dcc6b7329,67906194fc1853b8,c2195a75cea944d8,False,-1
206b036d-2619-4334-9a21-126792f43b7c,7db5c50a-5c02-4939-856f-bb8c026eaa10,c5b83da14b725776,0b29150957214116,False,-1
2e22c9d6-2879-4847-a744-cd615a10c07c,0816ddb7-0a24-49e6-8c0c-1096b189c746,cf95b87bd2e9db7e,4324c6633ae8cb5a,False,-1
48e28954-b61e-48d1-87f0-5e8a527e6f73,5b19305c-e7e0-4687-acab-fc073d2a9eee,a8e506fdd2c897e3,5b5dabd7cf079683,False,-1
cd67dae2-2ca3-49c4-b19f-97a68eaf357c,5b19305c-e7e0-4687-acab-fc073d2a9eee,cdaad4f9f1c999d1,2e003d19b92a6796,False,-1
3ba9844d-451c-471a-876b-3048b9b6529c,295d76e0-01d0-4482-8598-bc0096b735e4,4a4d1c94ca8d4c0a,9b21936a1b8cc901,False,-1
dd6c7b71-a5dc-485e-bf4c-e7cf607780ef,5b19305c-e7e0-4687-acab-fc073d2a9eee,8ea6fcc3b8f8376c,b5802ba94a415d78,False,-1
8ae9668b-3fe2-4cd9-adf5-7469340d24c4,68ec4ee4-0eca-488c-b4b4-185dcc6b7329,6b22c8b46dda9dd3,b7057a80a38bd4a5,False,-1
e100e400-b04b-48f5-aa2a-11b0f710116b,0816ddb7-0a24-49e6-8c0c-1096b189c746,b004693ef761998f,21973b069c73bad9,False,-1
2e6fa8a2-1fc8-42dc-b5f3-f1a1aa0e36ee,295d76e0-01d0-4482-8598-bc0096b735e4,4125279c0548ea81,b52c52c4508ca155,False,-1
2a9b7dd3-ec29-4055-87d7-732e04035e57,498d1792-a0c7-4fdf-98cc-7c3fc262e451,92b82dc8b0553a2d,c4b5473c4170a6eb,False,-1
ba3b9f06-8337-4312-8627-7e4788be6d2a,0816ddb7-0a24-49e6-8c0c-1096b189c746,38b769ae47d4eca1,be7edb4165fd2a9d,False,-1
6efb19dc-0c64-488a-9ab3-f23cd43d23fe,bfba3b1d-d004-4e58-8c3f-0188ac45a796,39e72f409bb0f393,e4a72ef655aae6c0,False,-1
8ec14e65-59d6-46cd-9a70-bc2bf753e385,0816ddb7-0a24-49e6-8c0c-1096b189c746,c628eefe8fc17429,435063bedf74766e,False,-1
ea7e7829-2040-4a4f-a1c2-fe1f7ee61379,0816ddb7-0a24-49e6-8c0c-1096b189c746,90eed5aa10a8ad11,144811cf39e21af0,False,-1
4e31c882-272a-4f23-b077-1bf640bc2c2d,68ec4ee4-0eca-488c-b4b4-185dcc6b7329,439150fd0f869d6e,b06a53ed085b0479,False,-1
f4482a33-6926-4d84-a647-54ff732ff3e3,0816ddb7-0a24-49e6-8c0c-1096b189c746,a06b8fbcee43d07e,38cf40241c5887fd,False,-1
38260811-2efa-42a3-9eac-f2e472d7ff1b,f5d91d50-ca67-4a68-aedd-8da3c715f30c,03de8fde71adf1b3,cc20d9090171ab49,False,-1
660f7b8e-2cd7-40d8-93a9-a9ebea8e7aa5,bfba3b1d-d004-4e58-8c3f-0188ac45a796,6c5b9208e186c3a6,38eb052b0b34899e,False,-1
484184e5-a9d8-493d-a820-56478873ae9f,bfba3b1d-d004-4e58-8c3f-0188ac45a796,d1aadd49104aca85,ec96de6edfafdbff,False,-1
0c34f23f-a6b2-491c-84c6-9ce0e01b634c,bfba3b1d-d004-4e58-8c3f-0188ac45a796,acb91635c7af2cda,044329d046741844,False,-1
66725920-8ee8-4e72-9773-c33f77bbac37,f5d91d50-ca67-4a68-aedd-8da3c715f30c,5ede2eabfdcc1a7f,ab0136184f8028f0,False,-1
5925d15c-659c-4c3c-b778-85fbacffe1ed,7db5c50a-5c02-4939-856f-bb8c026eaa10,7036e7a279b71d74,ecd8b10b0d69f389,False,-1
c003d421-1b9f-44d4-a876-861c5a8bb231,ccb3156b-7143-42a3-841a-e74cc0013638,a7e9d29316538759,295f90e4cb1fdc1a,False,-1
bbf492f4-a5ec-47a5-8684-e357d4c31f6a,f5d91d50-ca67-4a68-aedd-8da3c715f30c,f3b111a2daedbf3e,3afb21f2da501009,False,-1
9b61e8ad-057e-494a-8334-1fde951a8255,9bae5d63-fcab-4da4-902b-e3a1f43d596f,0ebdf2d8726b7dcf,7d8c7c0d00a0b0a1,False,-1
5a414559-4377-4393-9e85-60a0b7427adc,9bae5d63-fcab-4da4-902b-e3a1f43d596f,c52ab1ddfba3ae03,6bfea7f65b38ace1,False,-1
a466b8f1-2cf1-4a1e-8686-7e5130eae015,ccb3156b-7143-42a3-841a-e74cc0013638,3b27bd731cb398b6,5f3fb34f11b9eb4a,False,-1
30c70a15-52b8-402f-8a26-688f34c43bbe,bfba3b1d-d004-4e58-8c3f-0188ac45a796,48b881552a68613f,7727f0203c87e452,False,-1
a6491482-d6ff-4900-a0c1-a8e9becc94d2,9bae5d63-fcab-4da4-902b-e3a1f43d596f,47fae946932fe356,2be0fc0cdb9aed6b,False,-1
229c507b-6dd7-43ed-a23a-5e26c85d0222,68ec4ee4-0eca-488c-b4b4-185dcc6b7329,f96e7879c4cf10f6,994d37b1993ce209,False,-1
e1844645-3d78-4d18-921c-308164a8b086,0816ddb7-0a24-49e6-8c0c-1096b189c746,92cb7834023028b1,5632f302557d28bb,False,-1
bbeec186-fa85-4521-853c-6565e191aa37,68ec4ee4-0eca-488c-b4b4-185dcc6b7329,bc928681e231b828,1b4d5c746180b475,False,-1
d0300c08-0f70-436c-9ad1-38299e5a7fcc,5b19305c-e7e0-4687-acab-fc073d2a9eee,cae014704aeb9a01,d801d6ca732caab1,False,-1
6aa96816-f2df-4824-a83b-c690a9d19b14,68ec4ee4-0eca-488c-b4b4-185dcc6b7329,36ba1d8f55c0e792,7ca562230762d4b3,False,-1
d3c2b8a3-f8ef-4659-848b-f6b523216437,7db5c50a-5c02-4939-856f-bb8c026eaa10,413be8eaf6823e80,e6d1425251aaf70b,False,-1
e65f25f8-d39e-4e56-b1ea-915f589fd8a2,9bae5d63-fcab-4da4-902b-e3a1f43d596f,cef4baffca02744c,3402ce6509177448,False,-1
8cbc1d49-dc59-4d4e-8e3a-8eeadd8d95c4,498d1792-a0c7-4fdf-98cc-7c3fc262e451,72de55e6c8f55196,adbd6cb23c27bbd2,False,-1
eefb016b-9ced-410c-b641-d69559d1d95c,498d1792-a0c7-4fdf-98cc-7c3fc262e451,65da436721a4d4a0,971025fdf826e328,False,-1
8ff261ca-0d3e-4412-b80d-8c12fc1540c4,295d76e0-01d0-4482-8598-bc0096b735e4,bc7a37c0f9c6030b,643ed3463bb013b4,False,-1
ce37f0ec-51be-4198-a8fe-55cf5c825393,0816ddb7-0a24-49e6-8c0c-1096b189c746,beb2de84919cb0a8,a512fe9b75052ac4,False,-1
de0f35e9-b6f7-464e-9b9a-839d42eda35e,bfba3b1d-d004-4e58-8c3f-0188ac45a796,c3a2d28556ffb2bc,aeb1cacccaf18696,False,-1
9775ecc8-55ac-467f-8fbf-5fa8f5af22dc,0816ddb7-0a24-49e6-8c0c-1096b189c746,54c082e2686c6cae,843751f25f425f62,False,-1
4330e53f-1cf9-4a0c-a40e-9f21cdd838a7,7db5c50a-5c02-4939-856f-bb8c026eaa10,a5a8920a5163331a,70ea6e430dcb1ffa,False,-1
020dbe20-9f94-4faa-8e43-ec3900e6e8fe,0816ddb7-0a24-49e6-8c0c-1096b189c746,ceb49231c87f09a9,8c7b4981cd0ed7cf,False,-1
57396555-0206-475b-ba37-2261cf2ff95a,ccb3156b-7143-42a3-841a-e74cc0013638,189e94e6906d3908,e5f8cfccd457690d,False,-1
b96a6aa1-3438-42d4-bda3-e38396334f31,68ec4ee4-0eca-488c-b4b4-185dcc6b7329,8dcc51f3f7f13bff,680c192a0727bd91,False,-1
3c827f2a-f092-4ba5-8421-43ab23550a98,f5d91d50-ca67-4a68-aedd-8da3c715f30c,6e45997822463c53,87c0b6321a134acd,False,-1
de8bbab8-5d80-4adc-a74a-47cb64395b6f,bfba3b1d-d004-4e58-8c3f-0188ac45a796,ac1cb6b11c7d9fcf,8a50b9279c305b22,False,-1
d09bfdd0-1eba-4da7-80bf-fdca3e673271,7db5c50a-5c02-4939-856f-bb8c026eaa10,d2ebc4c306ff84a7,68c503fcd84a02dd,False,-1
544799cf-54cb-415a-8cb3-e1b8dca93aad,0816ddb7-0a24-49e6-8c0c-1096b189c746,58b0e2ab52f98f15,c84c7bdd6f1b397d,False,-1
1e2fc581-60b7-4de7-8799-1ea25a558a88,ccb3156b-7143-42a3-841a-e74cc0013638,98a96cb3f57fe362,b5c1108f7c56da9b,False,-1
dc30aa06-e8c0-43db-b409-4f6b42aea31a,5b19305c-e7e0-4687-acab-fc073d2a9eee,2d76e32dd3d86c8c,9a00332bdd6dfd34,False,-1
2a5839a9-37ac-496c-86ec-3ae07ee0f208,0816ddb7-0a24-49e6-8c0c-1096b189c746,33ad01233d655749,b46ea66916a070af,False,-1
1fd79c17-54d1-4d8b-9996-fdff84311db2,68ec4ee4-0eca-488c-b4b4-185dcc6b7329,482b75479dfa272f,cd5231a5ffd5eadc,False,-1
9033411e-769b-460d-bca6-1369fed16033,0816ddb7-0a24-49e6-8c0c-1096b189c746,2ba4c4616dee9812,d23f902ba9b1480c,False,-1
a650de8c-5d03-4e12-9e42-c3306257463f,498d1792-a0c7-4fdf-98cc-7c3fc262e451,8a57f874e611ba71,ce334b362a8cb874,False,-1
8363ac71-5fb7-4f9b-aa00-54554817b048,295d76e0-01d0-4482-8598-bc0096b735e4,a79b5c5bf50a7c1b,36a922293d64bb6b,False,-1
01cb2770-e171-4fd8-a909-c0fe11a73a8a,7db5c50a-5c02-4939-856f-bb8c026eaa10,84e68813a75fff34,53c9e85743ebd49c,False,-1
8c44ca2c-aec8-4755-921b-85f1477e3c36,68ec4ee4-0eca-488c-b4b4-185dcc6b7329,b081e549c22a42c5,40c37c77924a04cb,False,-1
1b9d29aa-df97-44cf-94d3-b21b08576c6f,498d1792-a0c7-4fdf-98cc-7c3fc262e451,a3156eb6ae96eae8,add49d710d2f4cd7,False,-1
a51ae6d4-3dfa-4f01-8a11-56f884dbc4d9,7db5c50a-5c02-4939-856f-bb8c026eaa10,269174b18e2090b4,30f57d89c2a77aeb,False,-1
aada0be7-b404-40a8-88dd-4cf920debf23,f5d91d50-ca67-4a68-aedd-8da3c715f30c,323febb09fbe6fe2,11c0143985533b7a,False,-1
7c2ec64e-02ed-49e4-9542-34df830ca668,9bae5d63-fcab-4da4-902b-e3a1f43d596f,6171ac3b912bd6a3,1cb178f7536ee73d,False,-1
89cf05bf-1f85-49b6-9436-ce2865fc6135,5b19305c-e7e0-4687-acab-fc073d2a9eee,f4b0ffb9d77c753e,126d22858a7ef061,False,-1
5750b441-1e74-4fee-8d14-19ca6d22725a,ccb3156b-7143-42a3-841a-e74cc0013638,ae7d19a5145537fe,9482cad3e47b7718,False,-1
d6418a99-9de9-42ad-b07d-ac3326c669e8,f5d91d50-ca67-4a68-aedd-8da3c715f30c,12dda6fee5c555e0,ab0b011abefc3cbf,False,-1
c1b73957-7c94-4cf7-b596-9275503bb7bd,5b19305c-e7e0-4687-acab-fc073d2a9eee,3a1d4be6f9672cab,0ea8a30b32f4364e,False,-1
c12566a8-55bc-4069-a61c-e1e769d2adf7,ccb3156b-7143-42a3-841a-e74cc0013638,d0a53c93ebc02f86,db822fec39b9b755,False,-1
4c856b21-aeb1-4d41-9546-d04b002a625d,f5d91d50-ca67-4a68-aedd-8da3c715f30c,bfe9e56b7d178d9a,f383c969ab06f89d,False,-1
d6ae000f-a0a7-4aad-81ec-c76b1f63ab6a,bfba3b1d-d004-4e58-8c3f-0188ac45a796,a7ce8a6368338d88,680ef55a7b4cacbb,False,-1
1f0ae82c-5954-43a5-b1c8-adaed9ccbd18,9bae5d63-fcab-4da4-902b-e3a1f43d596f,6a5d77698019c174,ac092f15260a5cdd,False,-1
e9494b42-1453-4112-8df9-1f08a0ab042c,ccb3156b-7143-42a3-841a-e74cc0013638,40070f5622ac22bf,fe5a4db9eb64319b,False,-1
ef9a3c5d-d661-46e5-b919-fa3fb8065c45,ccb3156b-7143-42a3-841a-e74cc0013638,9c6b722002084d41,c112fd92e1ec8c74,False,-1
21654a11-18d4-45d2-9008-9f7c641c596c,295d76e0-01d0-4482-8598-bc0096b735e4,f3983566684d10db,8a0b3174b6dd3a53,False,-1
84bdf922-b39c-4c2d-b8dd-52f52d75fcaf,295d76e0-01d0-4482-8598-bc0096b735e4,b4c9e6b5395129c6,aadb0db43677d4b6,False,-1
768925c9-7a1c-40da-82ac-ea148ccc3d0a,f5d91d50-ca67-4a68-aedd-8da3c715f30c,22d6a7a7c8213ce9,f2df4e8d044dd7e2,False,-1
f1d2bc49-55db-464c-bbd5-26807b8bddf6,0816ddb7-0a24-49e6-8c0c-1096b189c746,95bab8957a631d8c,81e45fe2e0e37070,False,-1
2aa0ecdf-c37d-42ac-8bf5-33225a648533,ccb3156b-7143-42a3-841a-e74cc0013638,a2fddd826f4877fb,bcf48bffa76fbd35,False,-1
fc9482e7-87ef-4bf5-a1e0-aef35030734e,bfba3b1d-d004-4e58-8c3f-0188ac45a796,c2f005a5e4d6f8ec,05b90859ed2edc1d,False,-1
a0aa840d-8311-473a-8d1c-34ebf5ca14cb,bfba3b1d-d004-4e58-8c3f-0188ac45a796,1f6f6fbcf0644176,330092464c82b995,False,-1
eb551c74-50b1-4d5e-819b-f272b30acf4a,bfba3b1d-d004-4e58-8c3f-0188ac45a796,0e811acb8a859429,cebf125c67f8bcc6,False,-1
3fe2ac23-aba7-4066-9708-2c24984e46be,0816ddb7-0a24-49e6-8c0c-1096b189c746,fd1a6b1b2de97246,b4ee0359808f9022,False,-1
18fa5aae-0aca-41ad-9049-5fd2b73e3508,68ec4ee4-0eca-488c-b4b4-185dcc6b7329,b64dc088141f1fd2,ac2b910c3db61c3c,False,-1
d985ad1d-1f6f-4432-9296-d4257d1c61c0,295d76e0-01d0-4482-8598-bc0096b735e4,7bdb319ce1c7035a,3752c4ac6bfe8a40,False,-1
e9f6390b-cdd8-4d4a-af06-6337bdcaa319,bfba3b1d-d004-4e58-8c3f-0188ac45a796,9bef5cbf3d5f1968,50834219103051f9,False,-1
8d3c0355-3093-43c5-96fc-afa3014cdbf2,68ec4ee4-0eca-488c-b4b4-185dcc6b7329,17f02dfe3e0e1dd5,df76f51d77f34876,False,-1
fd64a6e9-fc42-46b1-b76b-c50277abbf9d,68ec4ee4-0eca-488c-b4b4-185dcc6b7329,0f1029eb35ebeec9,5fe271c6fd202d08,False,-1
67e4a407-ab95-4298-811a-87741e868a64,9bae5d63-fcab-4da4-902b-e3a1f43d596f,5abba9e2e7af6f05,9b59f1becda86139,False,-1
b2ca08ca-18ae-4471-9cb2-d71ddb652dcd,498d1792-a0c7-4fdf-98cc-7c3fc262e451,8c31e4a03512cb27,3f74e4b06ccb98d1,False,-1
34347b25-bcda-493a-994b-0e3cdbc8bad9,0816ddb7-0a24-49e6-8c0c-1096b189c746,5a96a75806e8a611,d32ea8b6a6e404cd,False,-1
e4561c4a-aa3d-4d8c-b071-804a2c1d3b3f,ccb3156b-7143-42a3-841a-e74cc0013638,cb1b1d7ced592fb9,d8640a8372934b4f,False,-1
7f67365a-17ee-4d6e-a579-4eb5318d3de7,5b19305c-e7e0-4687-acab-fc073d2a9eee,ea91876d6eb65065,2ff50043218f9c27,False,-1
6c98425b-f9fa-438c-abf7-04c6327098da,498d1792-a0c7-4fdf-98cc-7c3fc262e451,52641fd044cbd4d2,7cbfa721ba22abdb,False,-1
f785f106-f8cd-42b8-9c9c-ead78ff3d723,295d76e0-01d0-4482-8598-bc0096b735e4,6ee6716cc8b863d3,d280ae94ec29ebea,False,-1
1fa12672-8abe-4ded-baa8-84dc8a88ec02,295d76e0-01d0-4482-8598-bc0096b735e4,f0867b70f8e8ee6c,cf1ae2c5ae088938,False,-1
65c28e21-0f8a-433e-9003-c827259b9aed,498d1792-a0c7-4fdf-98cc-7c3fc262e451,a8f285a5d30a8ae8,06f2b1b24048c794,True,4
6c89c486-4e44-46aa-8867-3bcd080387ff,bfba3b1d-d004-4e58-8c3f-0188ac45a796,7634324b09166b81,f9bd7c8276ea4679,False,-1
1349647f-9003-4900-b7ab-6d725f1be683,f5d91d50-ca67-4a68-aedd-8da3c715f30c,f9d23ed901eb857f,a5b0ee9cee8d2288,False,-1
264c8704-0d59-41e3-9e9c-0044593ba6ca,7db5c50a-5c02-4939-856f-bb8c026eaa10,cb59212c73e081d0,a0dc7141d7cfe9b2,False,-1
30b20bc9-4086-4b15-858c-9a3ce55108c7,bfba3b1d-d004-4e58-8c3f-0188ac45a796,415e963665e47d10,cf181ea1522fdf0e,False,-1
3219645c-c1aa-409d-b3be-8134be67f86d,f5d91d50-ca67-4a68-aedd-8da3c715f30c,f680f712f6abeee0,403a8149dd7015d7,False,-1
56156d19-9803-4c23-991e-39353e385662,bfba3b1d-d004-4e58-8c3f-0188ac45a796,b49e90f404ef2fc6,b52c574e68556a25,False,-1
2df6144d-be65-47b9-b211-935e9e14177e,ccb3156b-7143-42a3-841a-e74cc0013638,174bbbb94b04225e,c0f5284c2b198b74,False,-1
48272c58-6a11-4379-962b-48198d04e18a,295d76e0-01d0-4482-8598-bc0096b735e4,eddcb26304ed4492,9304a99af6389a01,False,-1
340cbe3b-a15a-4111-aaf5-1763eefcb3e1,68ec4ee4-0eca-488c-b4b4-185dcc6b7329,19aef01ebba7aba6,2f77f2c7ac6029f5,False,-1
661d3d17-7100-473a-817a-262c9c0b8427,295d76e0-01d0-4482-8598-bc0096b735e4,5e6e5b1bd51b0906,e9734d107b41d6e8,False,-1
82b4e01e-cb15-4535-8f51-e97754e1cc65,295d76e0-01d0-4482-8598-bc0096b735e4,abd3c3a5cd10166c,87e62879e866fff9,False,-1
3634e30a-2043-44b4-b8c9-1a13e6cdd7a2,68ec4ee4-0eca-488c-b4b4-185dcc6b7329,0a0f5bc8b8c3a779,82c76bee1c6519fb,False,-1
a459f16f-43b2-45b9-9a6f-4ef2a6bef367,ccb3156b-7143-42a3-841a-e74cc0013638,1ff039c0dadb3d6f,78bf630ddba788fe,False,-1
031fb26f-8f72-4a75-95a8-86a55f971f33,0816ddb7-0a24-49e6-8c0c-1096b189c746,0740a9291bbb67fc,d41ce5323e7833b6,False,-1
dceb7742-16b9-4384-8595-f1af0384f290,68ec4ee4-0eca-488c-b4b4-185dcc6b7329,d5f604bbfd3b6f87,f93830843bf059a3,False,-1
6d243be5-2043-4984-9d24-bd230c0c72c7,7db5c50a-5c02-4939-856f-bb8c026eaa10,ca620c1b37c16244,6840cc7efa827395,False,-1
34f89335-4dd8-417d-bdb4-c78772628d5d,5b19305c-e7e0-4687-acab-fc073d2a9eee,74bb1334bcbf6dec,a37c16c636b59aed,False,-1
5efef015-a822-4c0b-9222-2f95e1883597,68ec4ee4-0eca-488c-b4b4-185dcc6b7329,6a526bd3a371f035,84be3fc83274b9d4,False,-1
910fb434-f6d1-4c62-83ee-0f55fa47b915,9bae5d63-fcab-4da4-902b-e3a1f43d596f,b9d49c59e73f918e,1fa28d7aae792dcd,False,-1
606b4318-c292-4651-978c-a4558b1fcf98,ccb3156b-7143-42a3-841a-e74cc0013638,abe443941b1f0b51,5a778c856ad39beb,False,-1
826696f1-b168-4769-a901-3d18a62bfb0c,f5d91d50-ca67-4a68-aedd-8da3c715f30c,3feaa6971634bd23,b73d0b6b44ac2cd2,False,-1
ee24801b-f650-4d0f-b471-8f87fc6084b0,7db5c50a-5c02-4939-856f-bb8c026eaa10,3065d2d8104763dc,bf8692552c54db8f,False,-1
76fbb725-7bca-4850-bae5-b675fac14735,68ec4ee4-0eca-488c-b4b4-185dcc6b7329,ffd0cde4e4f08ada,b9c0194bd8b15918,False,-1
eb6e221a-6bd1-42ca-bb36-3582e70d710e,5b19305c-e7e0-4687-acab-fc073d2a9eee,df2fc3cac2c61ad6,a4f18194a52ab263,False,-1
d0fc8970-4892-4483-b880-4efac7f0d354,9bae5d63-fcab-4da4-902b-e3a1f43d596f,74ee8ae0e0b85dd2,b6381fb28e530776,False,-1
2cd74a99-96f3-4a35-9832-38218cd812df,7db5c50a-5c02-4939-856f-bb8c026eaa10,adf15645452752f8,c6bdb3acacbb9cd0,False,-1
35400ed4-1e78-4992-b11b-600b5d117b09,f5d91d50-ca67-4a68-aedd-8da3c715f30c,e1c695400882787c,eb1b8cfd002d42ae,False,-1
d1359e03-193f-44cb-8536-0c0ad1062643,ccb3156b-7143-42a3-841a-e74cc0013638,09b727799d6c1a68,94d0cbac95a09ccd,False,-1
d2c21b7e-b005-4a6c-b017-fb2307040126,7db5c50a-5c02-4939-856f-bb8c026eaa10,f1d4c6d2f86570c9,587d6f35c4e07c4b,False,-1
e3e9e065-7b2a-45a8-b235-a9fdacbf4932,295d76e0-01d0-4482-8598-bc0096b735e4,e6da7e476ddc2446,960687bb78d67a6c,False,-1
d762e7f0-d756-4df6-9e9d-34be84d4a4d6,5b19305c-e7e0-4687-acab-fc073d2a9eee,74f5451bd8d6c73d,89f4bd8ca57d98c1,False,-1
11399d4b-5a99-461a-8f23-b28137acd087,0816ddb7-0a24-49e6-8c0c-1096b189c746,b6c6d71ef9f1bf14,6395384312bd4ff9,False,-1
55e89b9b-f816-4f8d-a603-64da2165ebdc,295d76e0-01d0-4482-8598-bc0096b735e4,30c85d7981aec4d3,0934c6b63f446642,False,-1
72737fa0-d243-44e6-8e7b-a076888f5512,0816ddb7-0a24-49e6-8c0c-1096b189c746,5a1f6432912595f8,6ad76780a6191b5a,False,-1
d3fcd8fa-6446-41ad-96b1-d8fd9f261344,0816ddb7-0a24-49e6-8c0c-1096b189c746,8330bded0fe15685,3fd375f43f605b11,False,-1
034b0ed1-607e-4c94-ac24-fff009d4f81e,bfba3b1d-d004-4e58-8c3f-0188ac45a796,0c401ea8e750f879,12feb814da40fd1c,False,-1
ba8b674a-eefc-4b44-b1cf-d151d31cc372,ccb3156b-7143-42a3-841a-e74cc0013638,00f4ae75404c6a5b,1f32d4f0bc00406b,False,-1
66798e2d-3a2f-4dfd-8d5b-a9132e6cf7fe,f5d91d50-ca67-4a68-aedd-8da3c715f30c,09baeb6a98d38bfd,5d39ab32bd51f639,False,-1
4aa4a5da-79d4-4877-96d9-a133a1bdb90d,0816ddb7-0a24-49e6-8c0c-1096b189c746,51dfc4d7cf4fd3f3,ebb14e6bee2b9fb8,False,-1
fd6b9934-8f4e-413d-a03f-898122491777,0816ddb7-0a24-49e6-8c0c-1096b189c746,321b472e899e68a2,1a32a18f06314849,False,-1
b28762e7-7201-405a-9f50-70023d540178,295d76e0-01d0-4482-8598-bc0096b735e4,3343e326f13f6b46,0377d639975c1564,False,-1
604fcd4f-5c8c-4614-86d6-b4aa96b2dc8f,7db5c50a-5c02-4939-856f-bb8c026eaa10,edca3c1fecb850f9,ab4a5ee9c792b51b,False,-1
59d05685-d90d-470c-9593-d7c24735379c,498d1792-a0c7-4fdf-98cc-7c3fc262e451,176b18bf525b6055,171bc02f2355ece9,True,6
39a4e2d1-25c2-406c-ba10-0ef79d574c47,7db5c50a-5c02-4939-856f-bb8c026eaa10,150d685edf193c6f,318f0083700e9182,False,-1
cdf9efef-2800-4133-a66a-38087c442883,f5d91d50-ca67-4a68-aedd-8da3c715f30c,9497a2846a41346b,33b265bf9fa627fd,False,-1
fd744e4e-d2e1-472e-97be-7c56932e1614,7db5c50a-5c02-4939-856f-bb8c026eaa10,88c0eebfce13d792,ba451af5dfb7c7c0,False,-1
d5942a7d-cfca-4e12-94d3-4dc683589fa9,5b19305c-e7e0-4687-acab-fc073d2a9eee,057531819c8b7a5e,c3403cdd3cfdac58,False,-1
6d8b0fcc-2e3d-402c-9659-59ac4ab09275,0816ddb7-0a24-49e6-8c0c-1096b189c746,0949c1f1c385e24b,3ab029b77a6b8eff,False,-1
af4fc49c-5d78-4538-bdb0-60e225dc2e0a,0816ddb7-0a24-49e6-8c0c-1096b189c746,711051392b3d98e8,4d2fffb5bb8e9432,False,-1
8c3026cf-5021-4cfe-8bec-f56bc4356525,0816ddb7-0a24-49e6-8c0c-1096b189c746,97c7d9a11624fdb4,7e0f02cf7ef85239,False,-1
61be35e2-163a-45af-858f-2931324a0375,7db5c50a-5c02-4939-856f-bb8c026eaa10,f2e4fc4ee92fc01f,042e2b8b44e1b64a,False,-1
fc9ffaa9-4afc-4f42-b34a-0af52fa2449f,9bae5d63-fcab-4da4-902b-e3a1f43d596f,05d886dd667da568,ab1f72a9ba1d35b5,False,-1
84ee5544-8558-44c9-aa20-e6f11d02cc55,5b19305c-e7e0-4687-acab-fc073d2a9eee,aaf98818a70e9f2a,352895c11708dfc6,False,-1
0f124d5b-ab66-4533-8f0e-46ee92d7cb4c,0816ddb7-0a24-49e6-8c0c-1096b189c746,f37d6069bad9f574,c7d29340b2511788,False,-1
7e375001-b86d-4ce0-af7f-e9a6e4611a54,68ec4ee4-0eca-488c-b4b4-185dcc6b7329,7d4df42c21c78710,19e2785809aa3694,False,-1
453b1231-909d-43c1-96aa-312145b92903,0816ddb7-0a24-49e6-8c0c-1096b189c746,3f473ce506d475aa,e4157f732c7e1e30,False,-1
0fcdb964-2726-401a-91fb-e2261650251e,498d1792-a0c7-4fdf-98cc-7c3fc262e451,fdc856c4a8a08ddc,86c935e80170169f,False,-1
b7efa6e2-c87e-4a2c-8788-7e844f89b0a1,f5d91d50-ca67-4a68-aedd-8da3c715f30c,64c28c7b8afe1114,a7672fbd450d0352,False,-1
bca52b62-0398-4835-87c2-8dc9a22c4cb6,0816ddb7-0a24-49e6-8c0c-1096b189c746,74c8dc5dddccf5a2,793c53ca581e1221,False,-1
e73e4120-5ef3-4f75-a29c-694c11e10b47,f5d91d50-ca67-4a68-aedd-8da3c715f30c,68d52db3f75ca5ea,0ba183d2d5d29a9f,False,-1
3f0a75d1-509a-472c-b1f0-504be87624f7,498d1792-a0c7-4fdf-98cc-7c3fc262e451,1487f1323a9dc401,5050f8fdd8262578,False,-1
75c84ac8-d742-46de-b7a1-88ad9b503f41,0816ddb7-0a24-49e6-8c0c-1096b189c746,4636ba4f95186b94,d9eddf95c4e09ff7,False,-1
993363b5-c439-43a4-9446-046782080f9d,295d76e0-01d0-4482-8598-bc0096b735e4,0d7604fd4d2bcad5,1545e12bd3b263bb,False,-1
e66b9c03-4c37-4b5b-8347-17580ae7e468,498d1792-a0c7-4fdf-98cc-7c3fc262e451,7de430fffe605441,9dbc3d13d75a80f2,False,-1
c2aa38ee-b08c-4ec0-9510-80b5daebe0a3,68ec4ee4-0eca-488c-b4b4-185dcc6b7329,e8aa6aba4adfa1dc,023bc2fca629e9e0,False,-1
229f113f-99e8-437b-893b-d2171419d15c,498d1792-a0c7-4fdf-98cc-7c3fc262e451,701dfaf2f3f4b61f,1061f76ac651a2c8,False,-1
d14cc60c-5a2d-47b7-8499-2762a9da551a,9bae5d63-fcab-4da4-902b-e3a1f43d596f,60e3b97183b63fd5,4cd7b751caf1d034,False,-1
817880af-ce22-4922-926f-12092710af43,5b19305c-e7e0-4687-acab-fc073d2a9eee,9f2c0aef8eb70d7c,bd3a6607912859b0,False,-1
53f2e83f-340c-4aea-b976-13bd10cc0f00,9bae5d63-fcab-4da4-902b-e3a1f43d596f,ab8d3418c0052cb0,a70e3ddef23c8e3b,False,-1
a618213c-6249-4091-8afe-f622deca0314,295d76e0-01d0-4482-8598-bc0096b735e4,f854f4131af705fe,a82232e6806f2401,False,-1
05dd91dc-c327-44aa-bc05-f838a515cf24,f5d91d50-ca67-4a68-aedd-8da3c715f30c,d6dc9cb3aa6bbc77,de964beec9a56bc4,False,-1
d4929fb8-8f3b-4254-9251-864b0570a992,7db5c50a-5c02-4939-856f-bb8c026eaa10,a2a4d365f230cc4b,e5497747a5daefb3,False,-1
01b56c85-f733-4d59-8636-b924938eaf7d,9bae5d63-fcab-4da4-902b-e3a1f43d596f,5a311efc5edd6f0e,cda58edcc0999409,False,-1
23536742-b0ce-4789-93f4-fe3f13bcb7d3,0816ddb7-0a24-49e6-8c0c-1096b189c746,628fc46248c37ea3,6c28a0a3e34d40bd,False,-1
aeb3bec4-002e-4339-b927-3de1984c8d07,0816ddb7-0a24-49e6-8c0c-1096b189c746,a34de80f357c745c,ef3c15939c1f8ce9,True,2
2b1c1523-194b-49fe-aa11-c22a680a0dcc,7db5c50a-5c02-4939-856f-bb8c026eaa10,d08eefb7a6ed3d2d,849103fc07b29e0f,False,-1
d8642a3f-4ad6-4cd7-be5d-9dd2033f061a,0816ddb7-0a24-49e6-8c0c-1096b189c746,978e03eda0707150,d4536d27f3c123a8,False,-1
cd6242ee-6215-4dad-9322-f8ad3eb771bb,295d76e0-01d0-4482-8598-bc0096b735e4,344fc34f890ab75d,44bbb05d21d7adf2,False,-1
26775089-b8c6-4e27-bcf7-5f799c89d31d,68ec4ee4-0eca-488c-b4b4-185dcc6b7329,c22d07ec49b38b0a,8f4eda100d239841,False,-1
956c37b3-92c3-4476-be5a-cc22f2384c92,68ec4ee4-0eca-488c-b4b4-185dcc6b7329,8bed693b8a4c7749,40d27e3e05ef935f,False,-1
8e7dd99e-88f4-4f53-b946-5404b99e9062,0816ddb7-0a24-49e6-8c0c-1096b189c746,094344dcda479c62,c018c9f85428c340,False,-1
1ffb28fe-4db8-409c-b409-c82aa2996872,5b19305c-e7e0-4687-acab-fc073d2a9eee,4c501b50891ea9ad,079498b89e9753c4,False,-1
639dfb05-d5c9-4b61-b76d-30412478c40d,5b19305c-e7e0-4687-acab-fc073d2a9eee,b1e67e41c5d7e11c,d437f768e51588f5,False,-1
421f8070-0ed7-4e38-94df-ee4b7d351ee8,68ec4ee4-0eca-488c-b4b4-185dcc6b7329,3ac92d556614bb1f,7e7bf5538a1cac4b,False,-1
bb8609ef-392f-441c-a065-230200e3ac60,68ec4ee4-0eca-488c-b4b4-185dcc6b7329,8c366fa8c3b0300c,9eeabda0374db9f4,False,-1
2324db6f-1f6d-4999-8067-9458817f305a,f5d91d50-ca67-4a68-aedd-8da3c715f30c,3b0116368c5f9273,4faebd246ec30264,False,-1
e1553984-65f3-4276-95f9-ba71dd7c5aa8,bfba3b1d-d004-4e58-8c3f-0188ac45a796,f75707bcc251dfe1,24227aff6a03f175,False,-1
cbb0a39c-f4ac-4f4c-ac74-ec82adc4b79c,9bae5d63-fcab-4da4-902b-e3a1f43d596f,8754add4b9392662,926f3decbd3b6270,False,-1
0864494f-8434-4fcb-be61-209edee1bfc2,68ec4ee4-0eca-488c-b4b4-185dcc6b7329,caea555c13699f6a,16562518161887f7,False,-1
d2dbe2d4-dd65-4e82-a727-b932bd868eab,68ec4ee4-0eca-488c-b4b4-185dcc6b7329,bc24c70bd971923c,fe72bf348194d65b,False,-1
6dae6bfb-a1bc-476b-b7db-b0de7cf0a08c,7db5c50a-5c02-4939-856f-bb8c026eaa10,4ecc4edb995e50a6,d37938b325602108,False,-1
3b6c9db2-607c-4959-8abc-238069019d3d,7db5c50a-5c02-4939-856f-bb8c026eaa10,b7716dcd3cdbfc25,78d9f58007927295,True,4
bcbe22fa-87ae-400a-a07d-1ac1efe5926a,5b19305c-e7e0-4687-acab-fc073d2a9eee,bbc09be9c4bd6a8d,62faecb99d4b88c6,False,-1
c2f4b672-b8c4-4fec-a686-077043a276b1,0816ddb7-0a24-49e6-8c0c-1096b189c746,ae2e6729c75d5495,75103f1c16d91093,False,-1
b47c9488-bb08-400e-8ebd-125ef9fd20b7,498d1792-a0c7-4fdf-98cc-7c3fc262e451,3db182779f7be1af,606520860aa643fd,False,-1
22a2accd-6963-418e-bafa-0f7ae6d57491,498d1792-a0c7-4fdf-98cc-7c3fc262e451,48a6ef8af8e43989,5f8866907654cafb,False,-1
a8c9ac88-a045-45ce-837f-cc65298aa93d,9bae5d63-fcab-4da4-902b-e3a1f43d596f,ac31ae0f5b904a44,8e54de8d725f9246,False,-1
3e091fab-0b88-403d-b11e-69442c4f65a4,7db5c50a-5c02-4939-856f-bb8c026eaa10,91737e8f10caddfe,bb08c737769b9b37,False,-1
e8ceaeb6-43fd-4c79-81a1-2e02a5e29cd0,9bae5d63-fcab-4da4-902b-e3a1f43d596f,cacd03bf92ca97a4,954c0a9478bc5b7b,False,-1
438121fc-7c48-4659-9e65-3f5eefd47e08,7db5c50a-5c02-4939-856f-bb8c026eaa10,0189961f5511f03e,7c854764eaeb12ab,False,-1
d99a3cb5-3c6c-4309-ad4a-18004afe63d9,295d76e0-01d0-4482-8598-bc0096b735e4,cc2c1efe311af9f6,3f307984297e595a,False,-1
ba1f13ab-f924-440a-bc6d-c20d880a3ea7,bfba3b1d-d004-4e58-8c3f-0188ac45a796,c420963039312bdc,22e3c8f1cc582029,False,-1
6ab0302f-5c65-42d3-b2ba-97b8a0369f2b,bfba3b1d-d004-4e58-8c3f-0188ac45a796,a6840711e846b6ee,638971430dbe4679,False,-1
577efa57-ebc6-441e-98d4-70b1409ece2f,bfba3b1d-d004-4e58-8c3f-0188ac45a796,99be90e83fcfa487,f07d48bd7dff36c6,False,-1
c646baac-ba66-479c-81f5-53aeb25ef476,68ec4ee4-0eca-488c-b4b4-185dcc6b7329,269b2b65f47f67f9,e8f5d7a2d0c871f1,False,-1
42c22c6b-b80e-4a7a-93eb-2e29f82360e1,7db5c50a-5c02-4939-856f-bb8c026eaa10,0fa20c6bb61f9395,b42e8529f490d679,False,-1
9b11fd3a-89f4-4a61-bcce-90059aac8ec5,7db5c50a-5c02-4939-856f-bb8c026eaa10,587d06332ba8de93,5d8524b6e8ed7856,False,-1
14989503-134c-464a-b24e-b77f7c6c9511,0816ddb7-0a24-49e6-8c0c-1096b189c746,a6be7eca3b09f486,5ea15758c77430fb,False,-1
2b720cdb-3883-4188-a476-f808c23aece1,bfba3b1d-d004-4e58-8c3f-0188ac45a796,4340f38fdd3906a8,5ee4d6e8e3e1af6a,False,-1
86d06693-d350-46cf-83a5-5eba2f6c3a82,295d76e0-01d0-4482-8598-bc0096b735e4,7918024bfca28793,6389c1befbd2f7b0,False,-1
8759d967-19a5-41b0-b14f-50e724329b24,5b19305c-e7e0-4687-acab-fc073d2a9eee,e15b22d61ea61844,07ad29229dd67155,False,-1
d3ed464c-084d-4db3-a962-c021460c8eb5,f5d91d50-ca67-4a68-aedd-8da3c715f30c,caaf0e76ba19e3b8,c03cd1fb43d84afe,False,-1
df19dc33-b2b4-40f3-b14b-93f0ad05f90f,7db5c50a-5c02-4939-856f-bb8c026eaa10,2547d5d3b1fff4fa,d7380583dc299733,False,-1
04fc083b-4857-45de-a4db-7fc35914cfc6,9bae5d63-fcab-4da4-902b-e3a1f43d596f,d546be93947fc30e,012bf491dfbfe1b1,False,-1
d8c4a558-cdb9-4187-b35a-c7345cf3838a,bfba3b1d-d004-4e58-8c3f-0188ac45a796,bddd22374be6f42b,f87af7bce7e54914,False,-1
d6fc9f90-c57b-43b7-b2ef-ac214e2b6fd1,9bae5d63-fcab-4da4-902b-e3a1f43d596f,1fdfbc5b61ee1b9b,e1607a26e469ccaa,False,-1
3d85d300-6330-4877-b080-90712be08569,9bae5d63-fcab-4da4-902b-e3a1f43d596f,10f197d4fda91813,a29e38b53c40234c,False,-1
839823fe-32fd-4361-9a96-fbe48ee33a8c,f5d91d50-ca67-4a68-aedd-8da3c715f30c,9e7142ed2ec9b69f,3c35136636e7a5f8,False,-1
e1a95c92-9ea3-4e39-9fa8-c34680059612,68ec4ee4-0eca-488c-b4b4-185dcc6b7329,638ed34c1b18702d,681715ce3cd6f417,False,-1
db2538eb-b3cc-494f-9be8-27f6f65bd279,f5d91d50-ca67-4a68-aedd-8da3c715f30c,686df55b9bf6cb37,33dcbf7d125c6669,False,-1
184bfd36-f630-4fb2-9398-1ef93f8ae8bc,ccb3156b-7143-42a3-841a-e74cc0013638,92b7efca00ed5fc6,14c88e0e94b40c55,False,-1
34fc5793-2d98-449d-bcc2-e9f02fa9accd,f5d91d50-ca67-4a68-aedd-8da3c715f30c,4b8c57b0091768d8,d4c086192ffc735c,False,-1
75aec351-f8f2-4372-96f5-e39b6a5ea6b6,295d76e0-01d0-4482-8598-bc0096b735e4,2dac49aa9fc89448,079ad0ad19c41171,False,-1
3aecd25b-556e-49af-9764-5240ea7b4ac8,68ec4ee4-0eca-488c-b4b4-185dcc6b7329,5746374bcf90328f,61992af4c3cea098,False,-1
f40f67f2-36b0-4041-8e21-08ae4e139ed1,bfba3b1d-d004-4e58-8c3f-0188ac45a796,630a5852d960f429,5d1588ef9eea1d57,False,-1
0762f45f-6584-480a-86a1-8370644f980b,f5d91d50-ca67-4a68-aedd-8da3c715f30c,3b21fbeb92954fa0,f9b365d0e96f5f8e,False,-1
8bcd5d44-2583-4890-a4da-c583da5ac7a6,f5d91d50-ca67-4a68-aedd-8da3c715f30c,ef3b6a4426cf9add,55049b5dde3641c0,False,-1
370f4022-0997-4aab-a7cb-f73cf5ffa4fb,ccb3156b-7143-42a3-841a-e74cc0013638,7a466017a9bca8b0,e83c1b3daf994415,False,-1
dcc9d95f-f711-414c-a9cb-589374becf5b,bfba3b1d-d004-4e58-8c3f-0188ac45a796,3c6a89ac3f276d59,49cb90ec408ef3a3,False,-1
f22d112b-79f5-4d52-b043-7b54da86e01f,295d76e0-01d0-4482-8598-bc0096b735e4,94b6ac4b58b30d5d,9b659a32235165d7,False,-1
7a3d5cbd-01b2-49fe-8477-900b5467656c,9bae5d63-fcab-4da4-902b-e3a1f43d596f,cce8a5df1d41d83c,996eb372ec7f8186,False,-1
2ac9b826-2332-4bae-8173-4bfe9376d2c5,0816ddb7-0a24-49e6-8c0c-1096b189c746,4fcf78029c1eaf40,f3969d7aac8bfb37,False,-1
0006addb-3448-4ac2-b7dc-7586330da030,0816ddb7-0a24-49e6-8c0c-1096b189c746,42b5129f52ed114a,5dcf7bc510cad106,False,-1
3e57998c-66a1-490e-8aad-9b37ca3cdae8,0816ddb7-0a24-49e6-8c0c-1096b189c746,7d4643865f0f3fe2,d21717daa031d2a8,False,-1
f157819f-7cf2-462f-8c5a-81c6d482717e,bfba3b1d-d004-4e58-8c3f-0188ac45a796,181e4e175b4f332e,1c6bf8200a3423b8,False,-1
72e0827d-5cbe-4c46-bc9a-0f3fdfe9f1b6,f5d91d50-ca67-4a68-aedd-8da3c715f30c,d86f10d6842d9c3a,2cdc064de7ca27a7,False,-1
f22ded03-8e34-42cd-b471-74e460bec24c,ccb3156b-7143-42a3-841a-e74cc0013638,d87f0bb62c8f9a40,6d5b9315d08b2700,True,1
33ed8567-33d5-4826-a396-af6276793c54,295d76e0-01d0-4482-8598-bc0096b735e4,e594f1970a50a007,de6bee25612dc64e,False,-1
9b738e94-f5ba-4e01-9a13-edddd533f1fa,ccb3156b-7143-42a3-841a-e74cc0013638,6e0e2783d1ade152,07c1b6f48077a37e,False,-1
119206a7-3b04-4de1-8bb6-dabc7c7e4b10,5b19305c-e7e0-4687-acab-fc073d2a9eee,424db3e29559df18,88e3ce9d1a85f6f6,False,-1
652bc3b9-7282-40f3-98e0-7c31c1ad10ca,0816ddb7-0a24-49e6-8c0c-1096b189c746,252cc04b81514dbe,786c4b499adaba01,False,-1
ccf27c0b-b31c-4cf7-b82c-57c0f96e1083,498d1792-a0c7-4fdf-98cc-7c3fc262e451,7a991357a1dbf688,b175dc81e0c893fd,False,-1
2e36fb4e-a819-4757-b110-7840ae7b1ff2,9bae5d63-fcab-4da4-902b-e3a1f43d596f,d5152c60fab0c861,505162e5fedbfe33,False,-1
9a550aa3-259f-484d-9e54-44692b1e7f78,9bae5d63-fcab-4da4-902b-e3a1f43d596f,1d2b85e6d785e393,6279e24192da79b7,False,-1
19317f70-aeab-4ec5-b1a0-6eba268058f3,0816ddb7-0a24-49e6-8c0c-1096b189c746,75f5f944f4c052b8,7acbd95cf8c9a28e,False,-1
7a690e20-868f-4990-9efd-f9ff083dc568,7db5c50a-5c02-4939-856f-bb8c026eaa10,a84f8e3c88eedaae,fd3717ffb597ea69,False,-1
53fd343d-cf9d-470a-8aa6-d52d569a811c,0816ddb7-0a24-49e6-8c0c-1096b189c746,e525e3b408f46b1d,de00478e8035bd54,False,-1
01518871-0f05-4d96-8e28-79feb2d8442a,7db5c50a-5c02-4939-856f-bb8c026eaa10,fb142f1ac897cfa4,a6eba4bb0f883b78,False,-1
41b693d9-ceaf-4b04-b6a5-a6a7d83a9cf8,f5d91d50-ca67-4a68-aedd-8da3c715f30c,b5202aee569e1785,71463ee2e4f864f3,False,-1
f496ec4d-e5b4-4715-b360-2fdc68d07f85,bfba3b1d-d004-4e58-8c3f-0188ac45a796,c31ce55062d4b107,f98f8aea993b78f3,False,-1
369f957c-6c68-474a-a12b-05c357fc58a7,ccb3156b-7143-42a3-841a-e74cc0013638,fec3913fa47bff52,a7669c95a618d8cb,True,2
3c670cb4-f179-4845-86c5-4cfafa6b0a2e,bfba3b1d-d004-4e58-8c3f-0188ac45a796,b7905a7e5177e99d,1aa1e9147c8c0a55,False,-1
fa3ff8e5-93ca-4982-92e5-f6ad6810e845,f5d91d50-ca67-4a68-aedd-8da3c715f30c,4660764f048bdadf,649578ed9f765049,False,-1
0b3c8677-d58c-4154-8967-88cdb0b38568,9bae5d63-fcab-4da4-902b-e3a1f43d596f,2592bc44d461c42e,f4e90f8f5cd42bf2,False,-1
52946731-0e36-4f8b-ba82-78d0599f337d,f5d91d50-ca67-4a68-aedd-8da3c715f30c,1995667141379928,7adde961071909d8,False,-1
39d1e84a-b68f-446e-a2cc-5330d5a29947,0816ddb7-0a24-49e6-8c0c-1096b189c746,25e3d89382423f3c,02659cb2a353551a,False,-1
8dac4c5e-ac0b-498a-b2a0-f9091c9cd1d0,68ec4ee4-0eca-488c-b4b4-185dcc6b7329,de45419b39915084,34e91cf96bf56add,False,-1
4b734c14-054c-4baa-99a7-65002943d0ec,5b19305c-e7e0-4687-acab-fc073d2a9eee,d7e9a7840776df22,471e9f4d7f0b6107,False,-1
88445f41-a3f1-4fc0-82fc-168c0d702b02,f5d91d50-ca67-4a68-aedd-8da3c715f30c,f2a6ed0d5566f3e4,58ff34783882829b,False,-1
f65f4dbc-c217-4979-9001-e772c7f3561c,68ec4ee4-0eca-488c-b4b4-185dcc6b7329,a492e9aca9b42f28,04c5da5d6be33d95,False,-1
121855a5-9efb-4958-a8d6-45a78b2634ed,7db5c50a-5c02-4939-856f-bb8c026eaa10,417489cbee0bfb84,c8d7dfbf4a4ebfcf,False,-1
07e240f8-aafe-4062-af0e-54c6469c3a7e,7db5c50a-5c02-4939-856f-bb8c026eaa10,acbacd9ff635a9bf,71231e320377523e,False,-1
13505d40-3482-48e7-9005-9c8d9374be9b,f5d91d50-ca67-4a68-aedd-8da3c715f30c,003b6021df0df76b,94109c4f10fc6391,False,-1
3c4219c4-7d04-469d-8220-8c7ecf09d4b6,7db5c50a-5c02-4939-856f-bb8c026eaa10,342d4f7e8d66cc23,13ca381c30f6dc57,False,-1
55802d86-db22-47cb-87f9-5561c5e1a363,9bae5d63-fcab-4da4-902b-e3a1f43d596f,edfbaed5be82d117,12a9fe9d08980120,True,5
af836aaa-5b48-404b-ab70-5f2833129442,498d1792-a0c7-4fdf-98cc-7c3fc262e451,41875fdd2e3ee93d,027de23934dd5901,False,-1
312f577d-d496-40c5-9d4d-576983a60928,7db5c50a-5c02-4939-856f-bb8c026eaa10,0b15ae537ad95e7b,d2cfe89c3e4ee418,False,-1
a9f1ae1f-b673-4724-bdc7-4bdbd393c5dd,68ec4ee4-0eca-488c-b4b4-185dcc6b7329,7ca39eba6c2638b7,3d4b8dbf56553dc3,False,-1
be4d5eed-43c2-4985-81b0-4569a11a0c3a,5b19305c-e7e0-4687-acab-fc073d2a9eee,c86b885eb9f2eccd,c00be0da0be95325,False,-1
e2f41121-199e-4335-ad09-f7160d5d0062,68ec4ee4-0eca-488c-b4b4-185dcc6b7329,26999be5d1414a25,0de9898ee5eb646d,False,-1
d7052205-9ee9-44eb-974c-0c61955e9657,5b19305c-e7e0-4687-acab-fc073d2a9eee,ed297091dd96207a,f8a64751506abdb9,False,-1
bb6859d1-e862-448b-a515-3db5e2d6a896,ccb3156b-7143-42a3-841a-e74cc0013638,7e32cf1763ffdba7,25be0d44ff3efa53,False,-1
14d4253b-f564-420e-91ea-a2042ed1c39e,5b19305c-e7e0-4687-acab-fc073d2a9eee,a210587a9d7aa158,a06f662eb2f9b41d,False,-1
af97f846-0769-4079-a6f3-7beba9bcde4c,68ec4ee4-0eca-488c-b4b4-185dcc6b7329,5eadce402f9b64fd,f7b80ba2c0c45dc3,False,-1
816112b2-c2c7-4fbb-942a-f2ef60c7dc69,498d1792-a0c7-4fdf-98cc-7c3fc262e451,573194298bf2944f,5e851ad8ca82f7ed,False,-1
90ddf2bb-4922-4198-8667-c4004d23a075,0816ddb7-0a24-49e6-8c0c-1096b189c746,76b49e96744f178a,f99cd85b6f5ede56,False,-1
9c7bade2-6c8c-41a4-9582-dd0b50039df8,295d76e0-01d0-4482-8598-bc0096b735e4,e0194d21630bb7e1,aeb4239713d7c1c3,False,-1
186fcaeb-f816-4319-bff9-ab1480a8b1d2,f5d91d50-ca67-4a68-aedd-8da3c715f30c,9dba88cbf465fa79,209ef5dc4d2db22f,False,-1
390b5a97-b352-4d1e-9caa-e4fb2c1ccec9,0816ddb7-0a24-49e6-8c0c-1096b189c746,0ee74e209141f949,d7c598aa73930bb4,False,-1
69a18eef-8a1d-4cc0-bc4b-3f5f6b15d6af,5b19305c-e7e0-4687-acab-fc073d2a9eee,28b7ee008c82bf4a,d771c68a58c63b30,False,-1
f04d4556-ead8-465e-9351-0c8afa906445,7db5c50a-5c02-4939-856f-bb8c026eaa10,d916030eb92dfb32,d8a3bc5df74ab92b,False,-1
3dc3bb1b-6f29-43f2-bc6f-8f6d14ea0f9a,68ec4ee4-0eca-488c-b4b4-185dcc6b7329,0a28722c02f24698,ee1c3541015bdf76,False,-1
7cc09f8b-a257-4fc6-867a-c140a5093b5c,295d76e0-01d0-4482-8598-bc0096b735e4,2cb1bb4c401cb5e9,941ebefb8cf32b7b,False,-1
295d0e4f-becd-47f4-a02b-1944bef1e09b,bfba3b1d-d004-4e58-8c3f-0188ac45a796,4053f46741c78bb6,ab37b8c9f9f97457,False,-1
264a4e1e-ea45-499c-a29e-e08e3600d8a3,498d1792-a0c7-4fdf-98cc-7c3fc262e451,d683c56a29ae03c4,c82a52bdd36323d5,False,-1
964f8fe1-2b89-4cab-aa59-391f2dcbf2a9,498d1792-a0c7-4fdf-98cc-7c3fc262e451,17e663c22ca6983d,b516696924673e41,False,-1
16d696ae-189d-41bb-bc3a-d6ac1b657625,498d1792-a0c7-4fdf-98cc-7c3fc262e451,02fef0b09b7c82b8,d4de9854592f9fa5,False,-1
28871930-ab5d-48f0-aa8a-a2b5514ab07b,ccb3156b-7143-42a3-841a-e74cc0013638,a4540369aa9b00a9,ed6905a353e59704,False,-1
031aaa14-657a-4623-b2f2-7ff886887546,ccb3156b-7143-42a3-841a-e74cc0013638,1310c778185c7769,507c3d166d0f1f86,False,-1
c820b57a-afa0-4530-8273-051cd15cc426,0816ddb7-0a24-49e6-8c0c-1096b189c746,5cc7398922c0e92f,c9f45d850a2f4016,False,-1
3fe1e6d7-0623-4695-8635-68294701c94a,ccb3156b-7143-42a3-841a-e74cc0013638,387cefc0a78a2a85,ccda95557f449360,False,-1
8bd6d403-569e-4ad4-a9c0-1e82d8e9fbc2,bfba3b1d-d004-4e58-8c3f-0188ac45a796,84fb75c78f982841,18b454c03a5e7851,False,-1
e4d3cfd8-8a8d-4d91-a96e-464a91f0a4b3,ccb3156b-7143-42a3-841a-e74cc0013638,4994f12fdb3e40f0,13463b39b7c48ab0,True,7
f1b065ea-1171-4e5f-a938-ea82696d72c5,498d1792-a0c7-4fdf-98cc-7c3fc262e451,12a1ec2429c774eb,ab61ca1b46ccdabc,False,-1
2e49dbe8-beb7-4679-82cb-4a3ba34b8553,498d1792-a0c7-4fdf-98cc-7c3fc262e451,52fc5c29852fe06f,161ac869ce578b8e,False,-1
04ddc163-c2bd-4323-ba7f-6427cee258be,bfba3b1d-d004-4e58-8c3f-0188ac45a796,5778f89f95101438,17a9d7177a168838,False,-1
aa38975b-ff0b-468e-b0c6-8ebe229fd303,5b19305c-e7e0-4687-acab-fc073d2a9eee,a8d0446d6b81e37b,88611f1003a641f0,False,-1
37d3d010-abfb-4e63-b24e-1ec7623d6366,68ec4ee4-0eca-488c-b4b4-185dcc6b7329,36b06d3a17110fdd,bca1f495a76b33d4,False,-1
a4ca89aa-db00-4da4-ac8a-34cca9bf3abb,498d1792-a0c7-4fdf-98cc-7c3fc262e451,ba9bf66f7570b520,1530227527f758d2,False,-1
24866736-4d62-4571-9339-a0b3bb75a2bc,0816ddb7-0a24-49e6-8c0c-1096b189c746,a553715ce9d0d22d,e52962ee364ffcaf,False,-1
3042a49f-834b-41ec-98fe-36258ff71b8e,5b19305c-e7e0-4687-acab-fc073d2a9eee,5a2f6390a62325d7,5dbf3c3e1e052071,False,-1
dc2088d8-952a-463c-8b0f-ade6e38d6f1a,ccb3156b-7143-42a3-841a-e74cc0013638,11ae0e804cf8d4d1,51c2f82d823837b9,False,-1
599beef3-08d2-4683-bc9e-b7f54eb24d3d,0816ddb7-0a24-49e6-8c0c-1096b189c746,e50d26d7bc28ee6b,066d84135b40bafe,False,-1
f04f054b-d646-45b9-8585-cfda035539b4,7db5c50a-5c02-4939-856f-bb8c026eaa10,37d7336026bb5f83,ddcd2a77727b3436,False,-1
a9bb687c-01fd-4254-a884-2714612ea321,ccb3156b-7143-42a3-841a-e74cc0013638,d76a934de51e38fb,456c45f719a5eb2e,False,-1
3a32e985-9317-4796-8594-6efd07db4189,7db5c50a-5c02-4939-856f-bb8c026eaa10,487fe984bf21de83,0a266e7b5323c238,False,-1
209867bf-16ec-4939-89d9-bf47944d7ff4,0816ddb7-0a24-49e6-8c0c-1096b189c746,a2fcf8c17c0ce74b,6d5f621b446d45e7,False,-1
b475c633-0845-42fc-a514-929b5a0f8bd0,bfba3b1d-d004-4e58-8c3f-0188ac45a796,1f87c45336662a33,4cfcb72cb12fa920,False,-1
874bcea2-08a5-4fd3-b532-2d52e0f47bf3,68ec4ee4-0eca-488c-b4b4-185dcc6b7329,cb42671d6164e846,a657c785d740d74e,False,-1
00b7e071-dec2-4480-8419-3bd1e123ea55,7db5c50a-5c02-4939-856f-bb8c026eaa10,e56de45019e894e2,70761cfab44ba411,False,-1
ad641caa-9845-46a0-9bb5-5cee3f92e71c,68ec4ee4-0eca-488c-b4b4-185dcc6b7329,34412d7e6e898fbb,aa6121380e213fac,False,-1
27771fdf-0349-4010-9996-e2acfed16106,5b19305c-e7e0-4687-acab-fc073d2a9eee,bbcc64e6274c67ae,62b7f3d0ec35cf1a,False,-1
732cabb8-f236-42a1-904d-154080062d53,f5d91d50-ca67-4a68-aedd-8da3c715f30c,8bb4d8bf27bfd960,b69504f2fecbe608,False,-1
3bf35633-93e0-4ea7-a7fe-f31def8f313c,0816ddb7-0a24-49e6-8c0c-1096b189c746,5d99fe1654535b11,0af88292956bab3e,False,-1
dd25214a-a9aa-4b22-b603-6a0eb90e4544,0816ddb7-0a24-49e6-8c0c-1096b189c746,80a64c195a1dc603,9805ba55594996c4,False,-1
62010754-697d-4166-b958-b836b8e864cb,5b19305c-e7e0-4687-acab-fc073d2a9eee,264ef396662962d6,b7d37b604eb88a0b,False,-1
554c4d9b-484d-44f7-b311-0c64287ac204,295d76e0-01d0-4482-8598-bc0096b735e4,753fb8109831ba3e,e3a82b9104a9b35e,False,-1
3be6c75d-91fe-46b3-9032-40f0842cbda8,68ec4ee4-0eca-488c-b4b4-185dcc6b7329,4aa1d269c1beb39b,2c8fffa37295aa2f,False,-1
459de46e-7577-4a0c-b9d0-81c2107994de,0816ddb7-0a24-49e6-8c0c-1096b189c746,902db82b9393d54c,511f680df1d672d4,False,-1
f42e876b-47b4-4720-801a-9753ccbf292f,9bae5d63-fcab-4da4-902b-e3a1f43d596f,b9fbdfeb8f3f5687,ab22c4cfffbb5151,False,-1
988ddbf7-a019-4374-ae9b-e22fdfb20cc1,9bae5d63-fcab-4da4-902b-e3a1f43d596f,e0da530c13e244cd,ac8c919a7a067522,False,-1
18690834-c182-40e9-9847-04ba5cf4dc64,bfba3b1d-d004-4e58-8c3f-0188ac45a796,9d9dff5d21128c0b,acd95dad52440559,False,-1
054fc8f0-f79a-46bd-ae85-48d92577c65e,7db5c50a-5c02-4939-856f-bb8c026eaa10,3291134cd4f1fcbb,d90dc424052e2930,False,-1
2146cbce-6087-4759-b154-43a4d8666d5f,bfba3b1d-d004-4e58-8c3f-0188ac45a796,1d48152407c3cfa0,29934194c0400b78,False,-1
d8ed4705-6fb4-466c-8958-29ee5e695ef8,7db5c50a-5c02-4939-856f-bb8c026eaa10,a44822d8a0f86bbd,c1175329baab6cb5,False,-1
51bc32bf-758f-4bd6-abaa-09438d5ac11f,295d76e0-01d0-4482-8598-bc0096b735e4,20cf63861558caff,97406812bea8eb44,False,-1
6be1b06d-d5f0-4f62-aca1-a29de4412ca9,498d1792-a0c7-4fdf-98cc-7c3fc262e451,03103d21cb0c7c3a,995e60bd639985f2,False,-1
a1a6f146-eefe-4608-9cdd-5f51f7caff6b,9bae5d63-fcab-4da4-902b-e3a1f43d596f,326f65123dfa4ead,2d82b0c6c9e1eb6d,False,-1
df85f0b3-0751-432b-a716-5909ccb48740,5b19305c-e7e0-4687-acab-fc073d2a9eee,bac328d4c195afe3,ef672f169131bb56,False,-1
5f6dff36-f4f4-49ae-80df-bcbcd4a9ea1a,7db5c50a-5c02-4939-856f-bb8c026eaa10,da03b2ccf7f23ac1,dabd0ae36785391b,False,-1
0fc26e2b-25f3-4f42-b723-e70700bc4ade,7db5c50a-5c02-4939-856f-bb8c026eaa10,992a4742ce1cfbe1,9f2c72d9468e13f5,False,-1
ba3452ad-644b-4154-be1a-49d0902e875e,295d76e0-01d0-4482-8598-bc0096b735e4,fb5abaadf50af784,a4f5670b44ed2d64,False,-1
dba4f21b-cbf9-4e88-a056-a2b93b89bab0,bfba3b1d-d004-4e58-8c3f-0188ac45a796,57678caab557d54b,7524835c32a7d5df,False,-1
e2c49049-3249-4b99-acdd-6fa3bdf170d7,295d76e0-01d0-4482-8598-bc0096b735e4,3d7cff7b3297f444,e27dbdb588c22c5f,False,-1
f69a42d2-f396-46c1-b886-285053da6eae,bfba3b1d-d004-4e58-8c3f-0188ac45a796,258cf8e374866c5a,d95fcb74cd09d56c,False,-1
dbfb3122-eae0-4082-ad8e-46d2f5d3206c,68ec4ee4-0eca-488c-b4b4-185dcc6b7329,3e4641e28d9a1deb,0e0c337c6f5ef65d,False,-1
b01640f8-e3e5-4259-a3e6-ccc52ad47709,68ec4ee4-0eca-488c-b4b4-185dcc6b7329,93011546eb39f44b,8810a6011bcabd84,False,-1
1fc56824-944c-42a5-bc92-af068ca0ef01,9bae5d63-fcab-4da4-902b-e3a1f43d596f,e22853209ecae0b2,f3228f66690a2ce3,False,-1
852798ef-6313-47dd-af88-d4bd1c69a3f5,ccb3156b-7143-42a3-841a-e74cc0013638,9da6b5104e6c40b1,cd0a6c2328de5477,False,-1
fa792aba-bad5-4bad-a90b-fbd7c7780e55,bfba3b1d-d004-4e58-8c3f-0188ac45a796,49b2d36518690e2c,72a30332c8f2f039,False,-1
3fee48c2-88d2-41d6-acbb-66ccfc14dd9c,bfba3b1d-d004-4e58-8c3f-0188ac45a796,2a77f3d1fb4c33a6,4d060fa76edf062d,False,-1
08762945-d736-46dd-8c88-b980b667013d,7db5c50a-5c02-4939-856f-bb8c026eaa10,edab83aa3d933f52,82d9a9a7932a3e13,False,-1
9007edd6-df9c-48d8-a2a8-a89efae87033,bfba3b1d-d004-4e58-8c3f-0188ac45a796,ec461d8974df6d42,97045d8f985d96aa,False,-1
257e632d-b670-4758-aadb-22aca566f7b2,f5d91d50-ca67-4a68-aedd-8da3c715f30c,264a08fcc6792a5c,6cc8699cd6d7353c,False,-1
2ea96b23-6f60-4eda-a5cc-a1b521d27f66,498d1792-a0c7-4fdf-98cc-7c3fc262e451,11b730dae9939bdc,dac2f1ecd8d1e0cf,False,-1
41dc58b8-67d6-4f2d-8abc-050cbd95f53a,498d1792-a0c7-4fdf-98cc-7c3fc262e451,2c53fa7775a6f6eb,2ff8c253999c4c47,True,5
3c3b417d-49a2-4359-ad53-1938ba4b73d7,0816ddb7-0a24-49e6-8c0c-1096b189c746,820dfb61fbf9062f,8d07c17231395879,False,-1
06795541-36ec-4734-85db-29da25f704f9,498d1792-a0c7-4fdf-98cc-7c3fc262e451,b4f2f0c3f6883c0a,908b906f2e593999,False,-1
80c64af5-09b0-4417-a389-bf1bf5eb754c,7db5c50a-5c02-4939-856f-bb8c026eaa10,c79a28049db06703,f0748fd33784293b,False,-1
818c9497-623a-4756-a81e-ba2b978cd3e7,68ec4ee4-0eca-488c-b4b4-185dcc6b7329,37765d51af6b18e0,781ff8e967c3dc0d,False,-1
5f5a136a-3424-4f0a-bccf-f510a6910ed9,ccb3156b-7143-42a3-841a-e74cc0013638,d69148b5db4a5b60,1b26d52e202c2528,True,4
34982c1e-7fe2-43f5-9e5a-e2cef3d7f6bd,295d76e0-01d0-4482-8598-bc0096b735e4,09aad1d82a3d83dd,9cd26b21e8ccfad4,False,-1
223858a5-36aa-470b-ad54-d367fb065ef7,498d1792-a0c7-4fdf-98cc-7c3fc262e451,0ccb5e10ebb69203,bf980d9e26e00558,False,-1
1293d419-6782-4b8d-89f2-7952b6d94767,f5d91d50-ca67-4a68-aedd-8da3c715f30c,73759807d549b504,11dc961fa1afbe87,False,-1
c94f742c-0f8a-4c05-8334-4603a202e9be,498d1792-a0c7-4fdf-98cc-7c3fc262e451,4a015841a6214548,a0cd0fcb651f25f3,False,-1
c18fb3e8-d2ab-4bcb-b009-d4e7d0d10c2b,498d1792-a0c7-4fdf-98cc-7c3fc262e451,27f60c51f2f7348e,16170def97fd392d,False,-1
c266d5af-28cd-41b1-b2c6-caf318948692,0816ddb7-0a24-49e6-8c0c-1096b189c746,8d93a9ea03c16cfc,392970e10e48b1b7,False,-1
a61fdb54-f8c9-4e3d-94d7-021b78d5d489,bfba3b1d-d004-4e58-8c3f-0188ac45a796,f68bf5dd30b706ee,7370c44b6436790c,False,-1
5893fa97-efac-4398-a0b8-cd559ab8012c,9bae5d63-fcab-4da4-902b-e3a1f43d596f,bb3a9f7138a22347,4d1ab830edc8f5fe,False,-1
09f78944-08e9-4506-bfbe-309c91856a03,ccb3156b-7143-42a3-841a-e74cc0013638,55e764e59e3333cd,a545696dc8090b31,False,-1
98c62dda-0fef-46a8-992b-d58f4c503094,9bae5d63-fcab-4da4-902b-e3a1f43d596f,bae472d017bf1f78,2b84ae7de5ad31b0,False,-1
b7e91fd6-0122-4a91-a66c-0cbefee0336a,5b19305c-e7e0-4687-acab-fc073d2a9eee,977109541f550024,b89fcd5fcc18d632,False,-1
b034ba7c-8d5c-4d60-bdae-c0ad2b0688a8,5b19305c-e7e0-4687-acab-fc073d2a9eee,63c935d9dae53f24,683eb7a96226381a,False,-1
2f696b70-0728-4210-83b9-98381269a3c4,0816ddb7-0a24-49e6-8c0c-1096b189c746,a9f0cc255089f40f,8ca294ebeede73d2,False,-1
b2d57e1e-002f-476f-8c0d-e6e10b8667b9,295d76e0-01d0-4482-8598-bc0096b735e4,96e571ff81d41069,86d13e5dee503c85,False,-1
9ea7845f-3681-49cc-808a-48256b4bcf5a,9bae5d63-fcab-4da4-902b-e3a1f43d596f,b44d28df902b7985,2b828a253f953a5d,False,-1
145b8f54-588c-4a2b-b4c7-fd4785e4fe06,f5d91d50-ca67-4a68-aedd-8da3c715f30c,4dd7050be902ccfa,32ba501a7d1b8c53,False,-1
0391e9db-7494-4123-bcf6-f59b9f35d9ba,7db5c50a-5c02-4939-856f-bb8c026eaa10,5176294e58a76433,68b273af07fd6395,False,-1
c6e97621-09fb-42a1-a331-839468d89d2c,498d1792-a0c7-4fdf-98cc-7c3fc262e451,dcfab447aec73c45,098828b276c0c15d,False,-1
5639f614-54d2-4760-9a68-ac453b66913c,bfba3b1d-d004-4e58-8c3f-0188ac45a796,298ff0a9a109c700,38e992027eeca5bf,False,-1
c2c253cc-92f1-4e4c-98a5-9f2b04451915,295d76e0-01d0-4482-8598-bc0096b735e4,16b1af769a4b06b3,9fb777d97baef529,False,-1
6b3ac5f3-2091-4a68-a33e-a995a0751790,7db5c50a-5c02-4939-856f-bb8c026eaa10,455c24f815d94d9b,5d6726265b4785ec,False,-1
f30aabc5-f16e-4f5b-b33d-3dfdb29addf9,5b19305c-e7e0-4687-acab-fc073d2a9eee,db6704cdfdf5f352,77050cfdcf0ecd58,False,-1
82c54f3e-fd39-4637-a505-3d4ae888ba89,5b19305c-e7e0-4687-acab-fc073d2a9eee,cff7f6ac382c8acb,920c53ebd01a0a82,False,-1
2452e7eb-5afb-4bff-ac02-307497db6242,0816ddb7-0a24-49e6-8c0c-1096b189c746,53e5964de981e98a,329a7c2f37d1da80,False,-1
6d275e9f-ee85-49cd-8ef8-a85f4234be0c,bfba3b1d-d004-4e58-8c3f-0188ac45a796,b6d54bf3c8d482d3,1635ea966e249b6e,False,-1
447a5958-c0ab-4f63-82bc-aecdcd99f377,295d76e0-01d0-4482-8598-bc0096b735e4,b92c4220742b275f,24acf352062762de,False,-1
f6b0466b-1afb-4874-aea9-c4d61bff83fe,9bae5d63-fcab-4da4-902b-e3a1f43d596f,ffc24bd71bc56872,1becfbb8b30d7a3b,False,-1
acb6540f-8a9a-416c-9bb0-10e7e5980a6d,5b19305c-e7e0-4687-acab-fc073d2a9eee,2b26eba39783f22c,a0abc255203e4842,False,-1
36cf5dc0-8ed7-4e83-a206-1331bdd7e7f4,bfba3b1d-d004-4e58-8c3f-0188ac45a796,6372a682115124db,a02aee35928e2866,False,-1
596320e1-d858-4ee9-be48-325d322f8788,0816ddb7-0a24-49e6-8c0c-1096b189c746,7e5fc0019fe811dc,b9320a9456f4de6e,False,-1
1eaf4a01-c8a0-4a5e-a385-fb932cba411b,ccb3156b-7143-42a3-841a-e74cc0013638,b8adfb77bdb9513e,2d4ab8e07a3515c3,False,-1
6809af8a-2246-4184-bf5f-95508feb0749,0816ddb7-0a24-49e6-8c0c-1096b189c746,82776ffe65134070,01a54cdd2a541898,False,-1
b347226d-9250-4f87-a575-f4e1fb2a295b,68ec4ee4-0eca-488c-b4b4-185dcc6b7329,49e086b7997a85f7,915cb702e138884d,False,-1
91a6ecd6-79cc-4029-be08-bdcf071751b3,295d76e0-01d0-4482-8598-bc0096b735e4,3dd275096b709659,7f36e383dcba8485,False,-1
988617a2-8959-4099-9463-874c77095f1d,f5d91d50-ca67-4a68-aedd-8da3c715f30c,930657ed76a46d45,0d1deb66c4224bd5,False,-1
0054c2c0-4de2-42be-a29e-d07146768345,295d76e0-01d0-4482-8598-bc0096b735e4,48c3ac01da398913,62c6c8b4c6d3cb0f,True,7
af80f274-a912-4478-89c1-b7f5c1b77e8b,295d76e0-01d0-4482-8598-bc0096b735e4,601872fb60b672ba,c9d143af8c4d0581,False,-1
2800d864-3766-4993-9107-5236f1f4a916,0816ddb7-0a24-49e6-8c0c-1096b189c746,f68cc7ebff82cf3e,9afa402fc769dc0f,False,-1
516bf358-15e6-4426-bd42-82e6c7c4f3bc,295d76e0-01d0-4482-8598-bc0096b735e4,b3705320f1361732,d8f663935b7db6b1,False,-1
a7fc9be5-2311-4960-b4d1-624993f0772e,7db5c50a-5c02-4939-856f-bb8c026eaa10,638d3cb8e1ccf233,dd27dc9b79632d3e,False,-1
06b46d93-38e0-49b9-9a29-f2b89ea9c448,5b19305c-e7e0-4687-acab-fc073d2a9eee,9783e782fcb690c7,69e8f5f6340f7137,False,-1
e75034b7-5b1b-45bc-8663-5aeb618861ed,9bae5d63-fcab-4da4-902b-e3a1f43d596f,18330bfb51a76d85,8479c316718ea090,False,-1
c470ff0a-691e-44fa-8241-66cba9089d91,0816ddb7-0a24-49e6-8c0c-1096b189c746,971fb8247577dedb,166e9423ebc2f636,False,-1
fe092629-eee3-486b-9f0a-489604b4c1f3,7db5c50a-5c02-4939-856f-bb8c026eaa10,f8fd3716670469aa,c123bad0f1f9d588,False,-1
d443f98f-44bb-456f-b555-20b33e61814e,bfba3b1d-d004-4e58-8c3f-0188ac45a796,95d0e2440b6111b3,a44f8c4d87890bad,False,-1
13e3abaf-26da-4c47-bf15-b84ec44fb582,9bae5d63-fcab-4da4-902b-e3a1f43d596f,796ed20528ca24d2,03056ab9be391084,False,-1
f243fbd5-3d23-4d88-b48f-67553bd19a21,9bae5d63-fcab-4da4-902b-e3a1f43d596f,15cadcdd4afca7c8,240852717f50f91e,False,-1
0b422ade-b2be-4550-bdb1-d4a8420c92c7,5b19305c-e7e0-4687-acab-fc073d2a9eee,e7b7f7afbaab6f5f,6b489b3921e5b10e,False,-1
73fb5d80-a1f4-4c64-8259-f5bbc054792a,498d1792-a0c7-4fdf-98cc-7c3fc262e451,1043ab3f2be01684,be9d05eba409d61e,False,-1
2065214d-435e-440e-8b00-794d4d34bbcf,ccb3156b-7143-42a3-841a-e74cc0013638,810d878d52822fc8,dc5b919dc755a6b8,False,-1
069bc4d3-adff-4548-9d0c-7abf2ed30d56,295d76e0-01d0-4482-8598-bc0096b735e4,10ffe29bc0285d1c,e87e36143199bd2a,False,-1
42c4d99c-2f36-4361-afad-b46ae24edd7d,295d76e0-01d0-4482-8598-bc0096b735e4,61c1c63792aaae60,d998bc292cb66f74,False,-1
0d5587cf-f694-44ad-8e65-2e1f01194612,0816ddb7-0a24-49e6-8c0c-1096b189c746,3fc11ae85451cc35,8928142d0f2b930e,False,-1
6431aff1-40ee-4f63-939c-969de41b407c,5b19305c-e7e0-4687-acab-fc073d2a9eee,1b4d3532326d1271,f9175fe5be1c2752,False,-1
cddfecc2-aec7-46c2-aef1-25b2b7e5d41b,bfba3b1d-d004-4e58-8c3f-0188ac45a796,6bb5a94291bc6b6c,ef32947f731cd420,False,-1
183db9e7-ea85-44a1-b905-38fd27b6708c,ccb3156b-7143-42a3-841a-e74cc0013638,1c7304fa5ebd5c1b,08f655da774fc643,False,-1
58b41255-6ed4-4ae2-a6af-447558c517a8,0816ddb7-0a24-49e6-8c0c-1096b189c746,f44c830b80fa1914,e46372a2a3c03f44,False,-1
318b8f12-0d06-4ab6-b4ff-26b1ddcfb4b7,ccb3156b-7143-42a3-841a-e74cc0013638,0b69f139b56b5eb2,85603553db62071c,False,-1
eb71749b-019f-4310-a2a0-cf1b5da44586,bfba3b1d-d004-4e58-8c3f-0188ac45a796,2164f9769cfaeac2,ee60cf6b02ea846f,False,-1
88ede4b0-a5a6-4cb1-a2b7-6dcd403a62ae,68ec4ee4-0eca-488c-b4b4-185dcc6b7329,930c103d56e6d64b,fafc515aa2636e8f,False,-1
1ee3706b-a2cb-45d1-85cf-6e9c45985624,5b19305c-e7e0-4687-acab-fc073d2a9eee,2a0372a3413b5a52,5022818a2e505c15,False,-1
e2e17a32-b5a5-4741-bcf2-c06e6b52e621,68ec4ee4-0eca-488c-b4b4-185dcc6b7329,bd40af7e277fd5bd,a2f071ed33494272,False,-1
2b8c204c-fd3b-4dbc-ac56-5225b21e2809,7db5c50a-5c02-4939-856f-bb8c026eaa10,594a20e822b2490e,d075ff6d8537c091,False,-1
bb8cd279-a8c0-413e-aae0-569e13531378,f5d91d50-ca67-4a68-aedd-8da3c715f30c,c12de3a8c0dfce22,67d23e217a97fbf2,False,-1
223fe1d0-7e89-4b41-83f1-d27822594e7d,68ec4ee4-0eca-488c-b4b4-185dcc6b7329,636b2bfbfe048f68,a7686963ede47a94,True,0
f5c01ee0-3912-4f22-8d89-9eb597c5aaaf,498d1792-a0c7-4fdf-98cc-7c3fc262e451,4405273144ff96f3,ce8e1fd3433c3528,False,-1
438294d0-03cd-438b-a8b2-7906d9b0d1cd,295d76e0-01d0-4482-8598-bc0096b735e4,c2d58c22559107d8,5e6c0bb9b9404ab3,False,-1
ea99b062-eaf7-4135-93de-a5dd8afd5628,498d1792-a0c7-4fdf-98cc-7c3fc262e451,97c3fb4c938242a7,8279dff6783e6fcd,False,-1
51a28222-c49b-46ab-880e-3def46699af1,295d76e0-01d0-4482-8598-bc0096b735e4,43f2a5195aadacc8,63862b2db56c246f,False,-1
f63814ac-05de-4f50-aa40-3602c67e6348,7db5c50a-5c02-4939-856f-bb8c026eaa10,05187fcd54b6a898,0d8d55c9b82822d5,False,-1
29f88819-db7d-4abf-a67e-6c9714579929,0816ddb7-0a24-49e6-8c0c-1096b189c746,498a6eb48c003c93,c4ccdc4415980eed,False,-1
0f4f2030-e36f-4488-ada1-127f85f900ff,498d1792-a0c7-4fdf-98cc-7c3fc262e451,1d1a3fa3bad06d9d,03805e1c29d8047c,False,-1
bebd0202-70b5-4872-aca2-d0bd497bf41b,9bae5d63-fcab-4da4-902b-e3a1f43d596f,4656ff8073cf1e0b,9121148767bacd72,False,-1
12492f10-a056-407d-889e-e3452e6d1b50,0816ddb7-0a24-49e6-8c0c-1096b189c746,291908d6796f6b94,f45e56159724366e,False,-1
eca11c7e-c784-4c2b-8ac0-ab9c0770196f,5b19305c-e7e0-4687-acab-fc073d2a9eee,7ad552be2651c9e4,b486c8089156e51a,False,-1
c5628752-d392-4edb-948f-dabb1eb0481e,295d76e0-01d0-4482-8598-bc0096b735e4,2f84ee80d819c31e,6879837a8e82d278,False,-1
0e2d72aa-f374-46d9-a849-3ba15ff2dfb1,ccb3156b-7143-42a3-841a-e74cc0013638,026494dd6c34f5f0,9079b89efd2777b3,False,-1
68b37e42-e094-4ea6-a1db-e4caa6a152a9,295d76e0-01d0-4482-8598-bc0096b735e4,deeef57128271145,da7f2bf9c9553bf6,False,-1
a29bc439-99c3-439c-9a0f-7eb02a920c9e,0816ddb7-0a24-49e6-8c0c-1096b189c746,4fdb3bb6e46265a1,fa599489733c135a,False,-1
68dfc836-382c-45da-8b13-7ed6ae199241,295d76e0-01d0-4482-8598-bc0096b735e4,7eabd0c8c4ac040f,47a68a8f51929a5c,False,-1
c5e8cf03-a32a-4044-a2be-e0f41b48ebd8,f5d91d50-ca67-4a68-aedd-8da3c715f30c,076bdb76af72b67c,83ed06742a78ed01,False,-1
5d68e6ad-49b7-492a-81c2-a71a4a20e78f,f5d91d50-ca67-4a68-aedd-8da3c715f30c,7c7bc1ef6dec14fe,566d6cdcb7e5d447,False,-1
8da6f5a7-0f34-4f77-8a65-00ee45b1c6b7,5b19305c-e7e0-4687-acab-fc073d2a9eee,e90457707cf6e9b4,8794e4655878c8b7,False,-1
1874dec3-d91f-46a8-94bb-82afe1887d79,295d76e0-01d0-4482-8598-bc0096b735e4,44c406198e7d6cdf,56753b65abc65907,False,-1
1a0f40f2-49f0-437b-83c7-05f60e8d86e5,7db5c50a-5c02-4939-856f-bb8c026eaa10,08cf0af60d893b31,5a81d065ff293327,False,-1
b84125b1-f748-40ba-8e34-ee67b87d32cf,7db5c50a-5c02-4939-856f-bb8c026eaa10,d0c3cdb6aa534781,3a2b9fa15b12e95f,False,-1
c5ce0217-1024-4549-a642-a7d23825448f,498d1792-a0c7-4fdf-98cc-7c3fc262e451,46f469d4ee546f28,72dcd74d8f6d83c6,False,-1
35319071-de76-4789-8f39-2ee32e5f67a4,68ec4ee4-0eca-488c-b4b4-185dcc6b7329,042320478d4e4af6,7a07d34ca758e30b,False,-1
6f605311-ca6d-4102-9e63-24da720df6c5,498d1792-a0c7-4fdf-98cc-7c3fc262e451,4abba367ff5d243d,fef7a97f2bae8727,False,-1
f1e42f3d-a617-4839-a528-cc12844aec31,295d76e0-01d0-4482-8598-bc0096b735e4,e45eb248635a0097,62ab0b082dd6e8ea,False,-1
794f9dfe-56c1-48ce-b863-db96aad022d5,68ec4ee4-0eca-488c-b4b4-185dcc6b7329,18e830c22f6cc05a,50eced0ca5967cbb,False,-1
ee64388c-95a8-4742-8410-8d45c536e726,9bae5d63-fcab-4da4-902b-e3a1f43d596f,768779722abbc5d4,6a60bc6ffd3cc301,False,-1
feb8b6cc-a549-4fa3-b57c-b2d771c29e8d,0816ddb7-0a24-49e6-8c0c-1096b189c746,2dc23a9afc2cb495,35728ed56f970496,False,-1
2e72458c-31f0-402a-9a10-8a8cfaf8807d,498d1792-a0c7-4fdf-98cc-7c3fc262e451,9fefe895ae90187e,a9f55f23fa864417,False,-1
3edea875-4f25-4fb5-94c9-cc28ea2432c2,ccb3156b-7143-42a3-841a-e74cc0013638,98014d4d152ef87f,c405eb13d14ec152,False,-1
431c67a9-7d9c-461e-b483-86e62d026ef8,0816ddb7-0a24-49e6-8c0c-1096b189c746,9597af2f30e13b30,d8caff3ec2fe2c14,False,-1
6ef8b9ee-590d-4423-8c46-89b1a2ffb2ae,bfba3b1d-d004-4e58-8c3f-0188ac45a796,cbd65d6236fc7044,49601c6bae3b1e64,False,-1
ad599029-0886-45e5-8129-382ea9f26a43,5b19305c-e7e0-4687-acab-fc073d2a9eee,6d471b3cf49a3f2b,1c5905ad3dbe6e6a,False,-1
3432bd93-fb3d-4fff-86d4-3241206956c5,9bae5d63-fcab-4da4-902b-e3a1f43d596f,ca12b0603158cd37,b7bea2cb2bf8a969,False,-1
ac86ee2e-3f07-4e5e-b784-44c00a2d2fe7,5b19305c-e7e0-4687-acab-fc073d2a9eee,bdfdfacc25dc3ac0,1de9348c7e542e64,False,-1
13421462-403b-4b39-813b-75b2963ddfea,f5d91d50-ca67-4a68-aedd-8da3c715f30c,87cce5e2508328f9,dac1e161cc7247b0,False,-1
003a3208-3228-4479-9da1-634a70157a77,0816ddb7-0a24-49e6-8c0c-1096b189c746,982ee30d011a59ac,e9b9f21ff11dfd1d,False,-1
2222bc10-5f1a-4aaf-88f8-77477a73218a,ccb3156b-7143-42a3-841a-e74cc0013638,119630221d4cc64e,9db03a1e00cd45db,False,-1
d5b49529-3e1a-41e2-8a57-e4798a3e59c3,68ec4ee4-0eca-488c-b4b4-185dcc6b7329,d939cd67f8127f5e,2d243bd0a5d4c9f8,False,-1
d5108f5b-df6e-40bb-81bd-485d10670c83,f5d91d50-ca67-4a68-aedd-8da3c715f30c,530f2885bc0a4a82,e9afac6d02c239e0,False,-1
7e8bcb84-95b0-4954-b6c5-9f61e3f7c298,7db5c50a-5c02-4939-856f-bb8c026eaa10,778e88b6e6aa7bf0,24b7cd75ba9460c6,False,-1
c93e53d9-0e64-4e69-bd97-53e6076c9bb7,295d76e0-01d0-4482-8598-bc0096b735e4,6fa84eac95cfb40d,7a30c917ce0995b4,False,-1
1930d3bb-5db2-4b0f-9b00-49c69fef81ff,7db5c50a-5c02-4939-856f-bb8c026eaa10,196da53fc052f7ec,9f1f5668710d3cf4,False,-1
3cae7a5f-ffd1-44a9-840d-788bce8513cf,5b19305c-e7e0-4687-acab-fc073d2a9eee,7c13cad907918d7c,3869dd4a1606eb3b,False,-1
2953f417-eff4-42d3-b77a-5e7a85ac616c,f5d91d50-ca67-4a68-aedd-8da3c715f30c,9bc076e5fe25684c,b5e599ebeb1b6558,False,-1
fc38150c-9b8f-48e5-a3bb-99e5d9018a18,68ec4ee4-0eca-488c-b4b4-185dcc6b7329,ffbec9505471766e,bec8329b57be60c1,False,-1
2b70494b-6d6a-496b-8b6c-af7084cb03cd,5b19305c-e7e0-4687-acab-fc073d2a9eee,c5641ed1b6bd3cf1,4c790969c4de7410,True,3
c9a43174-dd30-4d18-8d2c-282d4742b05f,ccb3156b-7143-42a3-841a-e74cc0013638,9b37f99b4daaea1f,b7a8b3f7b75ff38d,False,-1
ab4b5cd0-6d7a-46ac-99e5-1046a4133a1f,0816ddb7-0a24-49e6-8c0c-1096b189c746,7a1879cad471374e,8d0d8e9177402955,False,-1
a44b0ccb-da0a-4737-89ce-3955905c74fd,5b19305c-e7e0-4687-acab-fc073d2a9eee,00f4704109b3db42,c4ab43e28e637bd3,False,-1
e65af6f4-aa10-4fad-b5e0-89369a294481,498d1792-a0c7-4fdf-98cc-7c3fc262e451,b21d39b991412a22,0531596afcb3b04f,False,-1
cd0336a6-d0c5-40fb-82ce-cbc6acc019cc,9bae5d63-fcab-4da4-902b-e3a1f43d596f,daff848122b0cdf1,413c3cc63f49d987,False,-1
806b9742-60dd-4bec-8cbd-819c8a392cac,498d1792-a0c7-4fdf-98cc-7c3fc262e451,d96aafd7c8c8ae68,41e614d1f16125c5,False,-1
4af84584-578f-4455-b55a-6da6b22eb943,ccb3156b-7143-42a3-841a-e74cc0013638,11cfc76a250fb223,070385c64d833000,False,-1
26f62678-99d5-4154-a5c5-367aa0b52836,9bae5d63-fcab-4da4-902b-e3a1f43d596f,70080ad1e0443671,dd7115c5a897f0f3,False,-1
9b80fd2d-26d6-4a27-973a-f141ac991019,7db5c50a-5c02-4939-856f-bb8c026eaa10,e1ca745fcdcfe71c,d468ea79a1aed1f7,False,-1
38ff85b4-4879-4cc2-bd48-6db2b7c59868,498d1792-a0c7-4fdf-98cc-7c3fc262e451,f98ff945b1cd7e81,dfbd9430a413d461,False,-1
5c630e94-95bb-496a-932d-3c25aa34b984,f5d91d50-ca67-4a68-aedd-8da3c715f30c,7370138714f19f51,0ea5e8614d71f74d,False,-1
4df68af1-89c7-418a-b229-4f668fd6612e,295d76e0-01d0-4482-8598-bc0096b735e4,275bd97c50139089,20799ede7e1c3071,False,-1
7df0594d-1c74-488b-a082-5d4e7b8a30a1,9bae5d63-fcab-4da4-902b-e3a1f43d596f,cc1dbbecaf420bc3,84f83b8898f5ba5d,False,-1
c835b2dd-d15f-4fc3-9da0-1585a78ca112,ccb3156b-7143-42a3-841a-e74cc0013638,7bb4e5f485f0cd07,87b7c5f4ddacd490,True,2
2f12a23d-feb8-46bb-ab5d-663ee681a096,bfba3b1d-d004-4e58-8c3f-0188ac45a796,0e9de5a92b2d7a88,ce120803c6e41ab9,False,-1
5400b1d5-3cd0-4ca1-82f0-6d28bbf6f418,7db5c50a-5c02-4939-856f-bb8c026eaa10,c8fae19d650debb1,edc0177a5ea75c14,False,-1
fc4b219a-3a59-479c-9133-c5c265bcebd5,5b19305c-e7e0-4687-acab-fc073d2a9eee,51b12dc2ec30cc18,8f421d1eda94f388,False,-1
a2333799-ba11-4c77-a108-8dd247bd7d8e,295d76e0-01d0-4482-8598-bc0096b735e4,740dbfedd4ba3b24,b09fc042c8d62916,False,-1
6e40a375-f766-44d1-ae05-43620546036f,0816ddb7-0a24-49e6-8c0c-1096b189c746,f5bdff47fa40775e,efa9294765eb208c,False,-1
bb00bf9e-bef7-4a67-b75c-b0736f26a613,9bae5d63-fcab-4da4-902b-e3a1f43d596f,ea5b0d14f222a047,74ed07897c583f82,False,-1
44cce72f-73e7-4910-9539-b6b13b17a5d0,295d76e0-01d0-4482-8598-bc0096b735e4,c2aabe9ea75147d5,52dc13676c9c0ab6,False,-1
84d4f253-dd75-45e2-8198-1dc3e9ac91ed,498d1792-a0c7-4fdf-98cc-7c3fc262e451,905cd240a5cc788f,a468708edbb428f9,False,-1
5359a207-cf53-425d-a2ff-b6ec94eedb04,bfba3b1d-d004-4e58-8c3f-0188ac45a796,6192a585c471e11f,6c1af1dceea3eebd,True,3
fdb07fb7-bc93-4bc6-afdd-113c1f622207,9bae5d63-fcab-4da4-902b-e3a1f43d596f,89628d63d371cbc7,a28736b473e74d2b,False,-1
3f035156-136e-4e72-868c-5ac9becda8bf,7db5c50a-5c02-4939-856f-bb8c026eaa10,356dac01389937f1,22a0c3c5eade46fa,False,-1
caf5d014-c09e-4aa9-a86d-5fbc6b1c8cae,ccb3156b-7143-42a3-841a-e74cc0013638,a23fb81a377fdcdd,ff8e50ae71b1d337,False,-1
7979a052-c0e4-4b81-b15e-331e810165a3,bfba3b1d-d004-4e58-8c3f-0188ac45a796,9b746d4e7951bfe0,c51e31f2083d5ec7,False,-1
59896072-ec31-41af-9676-4f965e04c286,ccb3156b-7143-42a3-841a-e74cc0013638,664623fee1adb8a7,7c2a4201539a079c,False,-1
ae69d07c-9fe8-44d3-97ec-8b0dc5f9f984,498d1792-a0c7-4fdf-98cc-7c3fc262e451,caeac5de422f5222,fe663985bafd4aa9,True,0
689d397c-fa85-4a38-9b27-fae0e166a164,498d1792-a0c7-4fdf-98cc-7c3fc262e451,8f836a74cfc90935,78fa7e55b3421e8f,False,-1
1606d45e-7e77-4df0-9c35-6eea57ad43f1,7db5c50a-5c02-4939-856f-bb8c026eaa10,72757ee05be38650,e097e96557171adc,False,-1
a6046ef6-3cf5-40d0-9b3c-b71a27b96bd7,295d76e0-01d0-4482-8598-bc0096b735e4,bd8cb7a5192f26cb,d2452586d93a77db,False,-1
4bc935f6-ebd7-4289-bbef-bdce848f7d77,68ec4ee4-0eca-488c-b4b4-185dcc6b7329,ae7f6dc460b3e603,3c3720dea48b10c6,False,-1
e781c39d-db7d-4c85-bb84-37a06838136c,295d76e0-01d0-4482-8598-bc0096b735e4,64f953b7f4bc82e1,d33a92ba67d9a149,False,-1
7185b5c1-495c-41c4-9017-a9fe18eee554,9bae5d63-fcab-4da4-902b-e3a1f43d596f,aaaf694bf5575252,33cd2d7ad79b5ee2,False,-1
261665b3-826d-4573-a20e-98a706a3ca65,5b19305c-e7e0-4687-acab-fc073d2a9eee,fa610608127dbfd5,e17773c8276a58eb,False,-1
e937dbb3-e6a7-461e-875e-533d33a747b2,bfba3b1d-d004-4e58-8c3f-0188ac45a796,64b9627926c89e8c,effffff6e78a2b93,False,-1
6ad3790d-876d-44e6-a661-8a0cea26b1bf,5b19305c-e7e0-4687-acab-fc073d2a9eee,a412b96b99b090d1,1d103bc2396f70a9,False,-1
e083c5a5-c792-42f9-8544-d8dd3f03b611,295d76e0-01d0-4482-8598-bc0096b735e4,453ac95d793212fa,40766dbb58ff6804,False,-1
86b207c3-23b4-4851-8917-157af5c4cd44,ccb3156b-7143-42a3-841a-e74cc0013638,83c362c963c2c87e,b37e8af285136f8f,False,-1
87743fa5-8d17-44f0-8724-c92d16ed5da9,7db5c50a-5c02-4939-856f-bb8c026eaa10,722b994d62db3db9,ea7b389db7984aa4,False,-1
dc827631-8750-46c7-933f-ef7a655c9b9f,ccb3156b-7143-42a3-841a-e74cc0013638,253f804ec1606311,d09bfcf6d4ad02e7,True,1
9cbcaef6-ca55-48b8-b594-fd962e4af12b,f5d91d50-ca67-4a68-aedd-8da3c715f30c,19d2f25a1b47a082,b090245d00967931,False,-1
4fbad582-02a0-4d1e-b3a3-86dbef008e9d,bfba3b1d-d004-4e58-8c3f-0188ac45a796,bc664bff72e80e87,0fde775f54a35959,False,-1
d2beb599-e1f8-4e49-b692-ee4f92fe01f0,bfba3b1d-d004-4e58-8c3f-0188ac45a796,2f730a2fb075858c,3082814d2f8634c3,False,-1
94ca3876-38e5-4ed1-9422-09544a392f75,498d1792-a0c7-4fdf-98cc-7c3fc262e451,f87c3cfd50947086,1bfd51974a3ccffb,False,-1
b9d5d19c-4b55-4f7d-bebc-5ce59aa8dc2f,68ec4ee4-0eca-488c-b4b4-185dcc6b7329,a5913a080f36de52,635ce189115a0a0c,False,-1
7e547732-44f6-4ad5-856f-ebedfaa6e6f7,295d76e0-01d0-4482-8598-bc0096b735e4,87d8d134f1826ce0,79a142fece3924d0,False,-1
168a7fed-84b7-4f07-bde4-444708c86c7d,bfba3b1d-d004-4e58-8c3f-0188ac45a796,aef075ee29c088e1,78a8f084c0c029d6,False,-1
93982cfa-1d2f-4e16-ae0f-4b89b8531fc2,68ec4ee4-0eca-488c-b4b4-185dcc6b7329,83f3cc956458e1d9,e413a94efbe1090d,False,-1
c4413e9b-a0bd-41be-ac9b-c1215f924467,bfba3b1d-d004-4e58-8c3f-0188ac45a796,7888a7e4f0cd3259,02a275310318b453,False,-1
c13228b4-ff9d-49ce-80a8-7686d66bb4f1,68ec4ee4-0eca-488c-b4b4-185dcc6b7329,b8c598676a83adb2,c0a9f93da4089c6a,False,-1
db3f4b8c-b31f-40e7-ac11-57b5dfb5ef61,5b19305c-e7e0-4687-acab-fc073d2a9eee,b722d152aef6b25f,e46fd19bf330a0f0,False,-1
d5da3e0a-90af-4956-941e-6fb1c34039a4,0816ddb7-0a24-49e6-8c0c-1096b189c746,ca59c41249336ca7,dd97cf3dfee5496b,False,-1
ae2d6aee-78b2-4ba9-8a45-d8af12aaa79f,295d76e0-01d0-4482-8598-bc0096b735e4,d787187cdd0ca2bf,28e55b982d440466,False,-1
c06bb2f4-e8eb-4223-9d9b-4428ae654f69,7db5c50a-5c02-4939-856f-bb8c026eaa10,a3c907f3a47f517b,32f914a403dcfc21,False,-1
202bbf32-1018-4538-b830-f961621625e8,ccb3156b-7143-42a3-841a-e74cc0013638,ec8441956bb303a6,7e0dc2a8d58c92e4,False,-1
8a36f028-31f3-4dc5-b831-89971cb89ab7,5b19305c-e7e0-4687-acab-fc073d2a9eee,0cb53d65571d027b,ad17ce5ec2053557,False,-1
e5297648-fe05-485a-9c7d-15a226e580d1,9bae5d63-fcab-4da4-902b-e3a1f43d596f,b1bdd6cf1268cc99,018ce431dac53c6d,False,-1
4ddaaa09-6bf2-407c-9160-c400f7481972,0816ddb7-0a24-49e6-8c0c-1096b189c746,03b321508a75cbdb,fe6e6013334a5089,False,-1
5ab5fd94-5347-4935-a35a-a22eee87bf9a,7db5c50a-5c02-4939-856f-bb8c026eaa10,fbf4e24437288b56,ab5ac7efc12fafca,False,-1
6b3ec16a-8b70-4557-aa1b-ab7e188a95cf,5b19305c-e7e0-4687-acab-fc073d2a9eee,17a9c6c5ff986bf6,fd4e467aa69dd457,False,-1
771576fc-de84-4897-9f21-a4154d9f7381,0816ddb7-0a24-49e6-8c0c-1096b189c746,d84093960efec2f7,424e94f2b8535f6f,False,-1
bc2582cc-2b4c-4431-b873-f4b84c157455,9bae5d63-fcab-4da4-902b-e3a1f43d596f,d943e908cec12dc4,56d03a703a19083d,False,-1
a3fbe1ca-193c-4e60-8779-a8363ac2b6c9,9bae5d63-fcab-4da4-902b-e3a1f43d596f,bff1dbbbbd80406c,48c05aa5eff0eaed,False,-1
f2edb872-de87-4667-8c38-4e6e0cb5f813,f5d91d50-ca67-4a68-aedd-8da3c715f30c,2de5263bbb59dcea,be3804908841104b,False,-1
b86c5a08-bebd-4070-a6f7-897456b889af,f5d91d50-ca67-4a68-aedd-8da3c715f30c,e514e18367ba9d24,db7764edbb9b5f67,False,-1
d93f9a61-57ab-400c-bab7-1bc3a4b10803,0816ddb7-0a24-49e6-8c0c-1096b189c746,b17cdbe388eaa35a,a33bfa7fc70c4aba,False,-1
d8ec8890-3ffb-4c30-8b7a-2597b817d8e6,5b19305c-e7e0-4687-acab-fc073d2a9eee,cfe829cedda5af14,3a0b86d851ceff07,False,-1
a4868f40-4154-4eb2-aaf5-c48a0a66ef3f,0816ddb7-0a24-49e6-8c0c-1096b189c746,28fc3ebb1cd2ebb0,4cfbfa735a3dd607,False,-1
676cca1c-3ee3-459b-9638-d5fb50281793,f5d91d50-ca67-4a68-aedd-8da3c715f30c,6d307aa7fe39b5a8,cee9a9060088f78b,False,-1
b2028548-d089-4dbf-871d-c69474ee4d24,295d76e0-01d0-4482-8598-bc0096b735e4,6fe64ce8ccbc2b58,74b178a83a6f0255,False,-1
f59971cc-46b5-4748-a6b5-8ea73c9ef985,498d1792-a0c7-4fdf-98cc-7c3fc262e451,f99442abb9790dbc,48ae9c1e76d34cd0,False,-1
22c40287-0a6b-4501-b5d1-3b204297febd,ccb3156b-7143-42a3-841a-e74cc0013638,6beb4c514cd01e95,d477c7f5cb75d7ee,False,-1
e8d5e145-772a-44c5-ab02-d7dc2cf663ea,498d1792-a0c7-4fdf-98cc-7c3fc262e451,8c96c8d164f2b6e8,17b009d78038e744,False,-1
be7eb56c-7b0f-4634-b1c5-08622aae3489,ccb3156b-7143-42a3-841a-e74cc0013638,7f1c6f7734facaec,f556d011d6303680,False,-1
3f745a3e-d7fb-429b-945a-f5c80a1932a6,9bae5d63-fcab-4da4-902b-e3a1f43d596f,398bb93eee348b83,4610fbcb152bfd0a,False,-1
8e6c3f11-2d5b-47cb-8f96-5ba6f5eb0f97,0816ddb7-0a24-49e6-8c0c-1096b189c746,b1dccedab72c9dab,0400784e4c9967f7,False,-1
b5f90add-02d2-4854-ab0d-7035b64d5cac,0816ddb7-0a24-49e6-8c0c-1096b189c746,e6026c5b8340acd1,8c9c77338743205e,False,-1
12d8d440-90df-485e-afbd-b047e24ba2c1,7db5c50a-5c02-4939-856f-bb8c026eaa10,4e937ef6d3da7b1e,74056228393db0f2,False,-1
9b0a03ff-70f2-4f2c-9eaf-3881d969b407,5b19305c-e7e0-4687-acab-fc073d2a9eee,24afa1c12572c106,5106b69d9934139b,True,3
78fa294c-cd0b-4623-b4fc-e5c1d046b69a,295d76e0-01d0-4482-8598-bc0096b735e4,25538d0ab917d64e,94009df7f0aa4be1,False,-1
9be9ee4d-52b8-4aeb-8ec3-4bbdd1412373,0816ddb7-0a24-49e6-8c0c-1096b189c746,b3d156f469cbf5a0,6fdacf0c7719de7e,False,-1
e11314f1-6238-4b98-9170-047c98dc8e7a,498d1792-a0c7-4fdf-98cc-7c3fc262e451,62bfa617c7c5a67d,82dd4b96e7e82176,False,-1
3b79cedf-1ed0-46bc-84c2-5d5876170956,7db5c50a-5c02-4939-856f-bb8c026eaa10,fc86776b4579dbcb,50eaa408a2d77927,False,-1
2eae2dcd-6607-4d24-ba9e-18ac73c15557,bfba3b1d-d004-4e58-8c3f-0188ac45a796,31fe5e2e579bd5d1,9d6178d2bd7fb7f5,False,-1
ff29af7a-eabb-4177-a10a-9e68bdefbe8a,5b19305c-e7e0-4687-acab-fc073d2a9eee,6c92384bf006e6d9,54f80501b7ee486d,False,-1
33a96921-6eae-480b-b4ee-0b1211c70618,5b19305c-e7e0-4687-acab-fc073d2a9eee,eb28c0d601197ba1,77bce7cd2426622a,False,-1
5f08b33f-5114-4b31-9c57-8edc55f13405,0816ddb7-0a24-49e6-8c0c-1096b189c746,5112f613799a17d3,f489b4f40756fa87,False,-1
6ab8729d-9949-4cf1-93a6-117200874118,bfba3b1d-d004-4e58-8c3f-0188ac45a796,a60587ad0a08cec4,7434ba8c2634d129,False,-1
7df89f5f-d692-4210-88be-70ba92b3d526,f5d91d50-ca67-4a68-aedd-8da3c715f30c,39f3141a2d1141bb,d80206f3393da464,False,-1
7078aa3d-8585-4889-9bff-5e9bea376fb8,0816ddb7-0a24-49e6-8c0c-1096b189c746,3694a74b81a208f5,23283e17a8dfac00,False,-1
5e922473-70e8-4719-86af-8e8ee0a5121c,9bae5d63-fcab-4da4-902b-e3a1f43d596f,985272546c5b9164,779d5f4979361796,False,-1
33924213-c481-454e-ac89-d823ab573b84,7db5c50a-5c02-4939-856f-bb8c026eaa10,1a576680453854b9,04fdd568dc878d27,False,-1
2c860f7d-ee63-43f2-80dd-11c6d681d7e6,bfba3b1d-d004-4e58-8c3f-0188ac45a796,4f566dae506d9467,0846adb46e1e1b51,False,-1
9ca2613d-7239-4401-bb7e-644dda013696,7db5c50a-5c02-4939-856f-bb8c026eaa10,308dfc0f664bfa7b,7f69b57cba87fd69,False,-1
f33eb4df-eaa0-4ca6-95dd-996e64f9853f,f5d91d50-ca67-4a68-aedd-8da3c715f30c,1ac4a2611c6412d3,b0fd29db60a18f8a,False,-1
69883d92-e2a4-405d-a14c-75356cf91de9,bfba3b1d-d004-4e58-8c3f-0188ac45a796,72dd12a55644ed85,eedfc321b747e5a2,False,-1
21000587-40e5-4bba-aa18-00c2f62c6b12,498d1792-a0c7-4fdf-98cc-7c3fc262e451,a26fbb8981153984,c33ac5792bf2f195,False,-1
1b0349f7-b59a-474e-9b78-3eb9326215dd,9bae5d63-fcab-4da4-902b-e3a1f43d596f,6409e79acdae05f7,a9b8f7f1a3bbe1f0,False,-1
42272942-0058-4cd7-a8da-45e5c131e125,295d76e0-01d0-4482-8598-bc0096b735e4,a8ca8703230bddd7,70a8b486cf7dbd4c,False,-1
3ed581b8-0cce-4d65-b0a9-4fe413062528,295d76e0-01d0-4482-8598-bc0096b735e4,027acbd8402c2bfe,cb0d605c0dd9b89f,False,-1
f2eda041-aae1-41a7-a225-c2c2499853f6,68ec4ee4-0eca-488c-b4b4-185dcc6b7329,4f36d947ff84ec85,8788785453c38016,False,-1
5b125c45-5964-4a84-af5c-8c2df92a75dc,68ec4ee4-0eca-488c-b4b4-185dcc6b7329,ff7f3ef8cf82fe21,0e5125d57cf38341,False,-1
8e7a0475-d6d7-4485-9415-f103f138a1df,bfba3b1d-d004-4e58-8c3f-0188ac45a796,0c1e0bcafb27b1fc,272d8efe19ee9b36,False,-1
088452e8-d73d-4167-a73a-cddcb79200d2,295d76e0-01d0-4482-8598-bc0096b735e4,e003bce1286ff320,e84623456f1ad768,False,-1
b78b4f75-b1b7-4862-96a1-2280d4aaebd5,0816ddb7-0a24-49e6-8c0c-1096b189c746,b7a7954a6098e0de,d49b046d94515dc0,False,-1
877f04cd-37ff-4a49-88ea-a691ba26c11d,f5d91d50-ca67-4a68-aedd-8da3c715f30c,b591998ae3723045,67bd4378508bbc8d,False,-1
76ef57c2-34fd-455b-834a-965c977c5b88,5b19305c-e7e0-4687-acab-fc073d2a9eee,7bc8890d16209c02,4f4fef4c84a7b6d1,False,-1
e2e76d9d-3f7c-4ce2-94ba-9322af82f28f,bfba3b1d-d004-4e58-8c3f-0188ac45a796,2f2bc7d9417da600,32f4b691ebe53c61,False,-1
dc384c53-c4d8-479e-bdc8-708f4729d40d,bfba3b1d-d004-4e58-8c3f-0188ac45a796,446ae23c51b79474,f0c9e4cc131ef031,False,-1
e7249009-8df2-41d9-b45f-56b00ece4743,295d76e0-01d0-4482-8598-bc0096b735e4,ba629a56be553a28,9a4585d4ab050ecb,False,-1
cb5ff69a-0774-4a72-a583-4d8ba7c8cc55,9bae5d63-fcab-4da4-902b-e3a1f43d596f,c90237287f31f8e0,1b3853117379c3a2,False,-1
4391343c-518c-42aa-a225-7c7ff3311c50,ccb3156b-7143-42a3-841a-e74cc0013638,d69f7e74a75d22ee,e95ca4573fdd236d,False,-1
bf36251e-0804-40c8-9a96-14050a9de195,5b19305c-e7e0-4687-acab-fc073d2a9eee,8873cc303194324b,2e44b0e12d8996e1,False,-1
5fdb3ba6-fb26-4a82-9cb2-3eb28593358f,bfba3b1d-d004-4e58-8c3f-0188ac45a796,25c4dead783a22b2,7c25f613afbe62af,False,-1
65af17e6-1803-4cfa-9792-2760ad29296f,7db5c50a-5c02-4939-856f-bb8c026eaa10,b20dd07042fec210,f2adbc8d32e1eaab,False,-1
bdb000b2-fe13-4a0b-9cfc-727cf0ce225b,f5d91d50-ca67-4a68-aedd-8da3c715f30c,dc46049a1a7d4d5f,7446d79770400ec2,False,-1
6adce060-b586-413d-a281-98c2619e4851,ccb3156b-7143-42a3-841a-e74cc0013638,5b3b3658e9611197,3c05593ec5820e3c,False,-1
e622a245-ed04-4400-aa33-fdc4baa4d3a1,498d1792-a0c7-4fdf-98cc-7c3fc262e451,6741e5ef658f280b,77c9b1c0cb9f64b4,False,-1
d894ecf5-3368-4eca-a0b7-8103e7dfa8cd,bfba3b1d-d004-4e58-8c3f-0188ac45a796,9826e5a3e05116f2,409497fd6f60f71c,False,-1
01d8b055-0aec-4594-9100-d22a9445c40e,bfba3b1d-d004-4e58-8c3f-0188ac45a796,7b6a6c634b0c52e3,15a935ecbc4a018f,False,-1
b4659ecf-e15c-45ed-8bf3-998254acdba8,68ec4ee4-0eca-488c-b4b4-185dcc6b7329,c7589be8a500ce4a,f8e4a7d062712208,False,-1
b5251457-1fac-4699-ae0a-5678110cb25c,7db5c50a-5c02-4939-856f-bb8c026eaa10,f01dee762c2f5e4b,5adc65c0adb236ff,False,-1
09e9e8a2-0fca-49de-b36b-5d296e80df1e,5b19305c-e7e0-4687-acab-fc073d2a9eee,cc4e7ef01aceb2a5,784b1f223cdc2af4,False,-1
1552ca3b-828a-4020-91df-4251d5eaf0ab,bfba3b1d-d004-4e58-8c3f-0188ac45a796,73ca4fcf879240d1,35ca2cce56c61305,False,-1
a28de3ca-298c-4fc3-a15f-1ed0f36d128b,bfba3b1d-d004-4e58-8c3f-0188ac45a796,a25b7507b9eeafcb,6ef6299d3136d017,False,-1
b0851ab8-896b-449e-bf39-3f32bef6072c,5b19305c-e7e0-4687-acab-fc073d2a9eee,6201c1f3e4ffdb09,ab991775abe75909,False,-1
c89e9592-6f59-4965-9edb-c27c66b8a93d,0816ddb7-0a24-49e6-8c0c-1096b189c746,6b7cf6b7647ddff7,455ac2819eafdee2,False,-1
6df58b33-13bc-46fa-a1d9-c4b08dbddff6,68ec4ee4-0eca-488c-b4b4-185dcc6b7329,fb891cd04ec3bd9d,738a86bdb15df254,False,-1
1c648545-8404-46fa-8c20-6f835a644230,68ec4ee4-0eca-488c-b4b4-185dcc6b7329,e25319eb0cb38552,47ce5be1cce0f36c,False,-1
a54b402a-09a0-4d22-97d6-d8944982ac35,f5d91d50-ca67-4a68-aedd-8da3c715f30c,f161ce1fd0500601,c18a5450a95582d3,False,-1
d84c8efc-c37a-4703-8941-0ed86ebc92e1,bfba3b1d-d004-4e58-8c3f-0188ac45a796,2808b2ab4af7032d,d7edf8410ec529e5,False,-1
e3ed4e76-94b9-4a9a-adfe-ce41adacbfd1,295d76e0-01d0-4482-8598-bc0096b735e4,6144135c5d064d34,5eb8bb59c88adee1,False,-1
657703ac-44b6-4308-a813-2a09986a0af9,9bae5d63-fcab-4da4-902b-e3a1f43d596f,2815c8d768ab73f1,f72f456f6aa6982d,False,-1
64930cdf-0c9d-4c8a-a801-bc2173071897,bfba3b1d-d004-4e58-8c3f-0188ac45a796,8b5352ad97292957,b0c43d262d7bfd18,False,-1
bfba2176-7bd9-4dc5-a66a-d19a52408ec4,498d1792-a0c7-4fdf-98cc-7c3fc262e451,d428814ad275b6a3,16b06f593a3677ba,False,-1
a0ebd71e-6be1-4b15-b143-ed4477fa5f03,9bae5d63-fcab-4da4-902b-e3a1f43d596f,5281b02e0365ba64,c18b0add39279e58,True,2
49eb1b25-7185-4920-9c94-32ac8155f7f3,bfba3b1d-d004-4e58-8c3f-0188ac45a796,611a7c167b38abce,4e28d8cf12a9ec4c,False,-1
b86452bf-0c81-46fd-935d-73c74c84f6c0,ccb3156b-7143-42a3-841a-e74cc0013638,dc95758c9afb489e,f3a9673c706c3105,False,-1
9dd06ebb-62d5-4ee8-97cc-05c3c5ead111,0816ddb7-0a24-49e6-8c0c-1096b189c746,0d37178416656aa9,7ac9f2b4c1f1cc62,False,-1
7b935ac0-8515-4ae4-8fe9-e382785906e2,5b19305c-e7e0-4687-acab-fc073d2a9eee,3a5f059df6ade552,93b589c6558f50cb,False,-1
d2e09d35-b76e-48d5-b2f9-2d33fe8acf40,9bae5d63-fcab-4da4-902b-e3a1f43d596f,9cfcb5e19e88a755,8b4c0aa72fc288a8,True,5
d3fa2af3-9470-47d4-bb52-3580c99354c0,295d76e0-01d0-4482-8598-bc0096b735e4,54df6521a420d76d,f8f39224c771a128,False,-1
fb8541fc-dc0c-4fd8-9724-b2af4e677dc0,bfba3b1d-d004-4e58-8c3f-0188ac45a796,23864fd6e6bb95b4,8e7bfeb8df40824c,False,-1
3b21937a-240d-452c-87e7-1888502a2086,498d1792-a0c7-4fdf-98cc-7c3fc262e451,817f2159b625d910,faf6a3b560c9a86d,False,-1
f87f85d4-1fa3-42c3-b373-68e3e11509be,9bae5d63-fcab-4da4-902b-e3a1f43d596f,34c6f781598cfc64,1b75a41b9a173122,False,-1
16c1bb61-6c44-43bc-bd48-7a0869180959,0816ddb7-0a24-49e6-8c0c-1096b189c746,326f52eff5faaabf,71de43933322e88c,False,-1
b525b673-0546-4c23-9f83-f70e662a01ee,7db5c50a-5c02-4939-856f-bb8c026eaa10,ec4727ca42235cd4,91acf1f8adf6363c,False,-1
3daf4bb6-bffd-4613-9738-d6c1704299b8,295d76e0-01d0-4482-8598-bc0096b735e4,5bda8cfb4984f689,e49bea4e316ba0ad,False,-1
378ba0ff-289a-49e7-b253-2f8e4c007c3a,295d76e0-01d0-4482-8598-bc0096b735e4,f911d3841af7c9cb,0af3847f63b93200,False,-1
ad13a3c2-28de-4302-a211-299363e7e73f,bfba3b1d-d004-4e58-8c3f-0188ac45a796,67866d7ba5a0e7f1,07863d0ec73446e3,False,-1
4bf29680-3912-4f24-8de6-76a2a007ff9c,498d1792-a0c7-4fdf-98cc-7c3fc262e451,73b28b72ee18eba9,bde9944ec8d669ec,False,-1
289dbc5b-6e57-49f9-beff-6f4977f4b685,498d1792-a0c7-4fdf-98cc-7c3fc262e451,458d09278f90768d,e9c77c1bfb5dac6c,False,-1
3316e139-e3e2-4c96-bad1-caacbda3c919,ccb3156b-7143-42a3-841a-e74cc0013638,814daa5d606e48bd,2db2d6d534eeac24,False,-1
31476283-e51b-470a-a922-eab8dc73d6d2,ccb3156b-7143-42a3-841a-e74cc0013638,55156f99d80c2986,77c533945f0f7faa,False,-1
f595141c-a8f6-4b10-90f4-7bf985881f41,7db5c50a-5c02-4939-856f-bb8c026eaa10,db3f901a0e25d940,ee45856c331311b2,False,-1
8c3cb3a1-6756-4b49-be0a-2aab246079ac,295d76e0-01d0-4482-8598-bc0096b735e4,d1ba42e4c2c21158,1a480cf764c3f97a,False,-1
322c5709-a79a-4744-a6b0-a2d867d616cf,295d76e0-01d0-4482-8598-bc0096b735e4,8830b30e43efd690,17c93a8aa6a22699,False,-1
5c4ef28f-d51e-4181-ad4d-24e22e318ebd,0816ddb7-0a24-49e6-8c0c-1096b189c746,d5220abf2c81798e,183de4a99b8408f2,False,-1
3fe24847-7963-4ebb-b0b9-5ef6c2c96189,5b19305c-e7e0-4687-acab-fc073d2a9eee,46451922cfc210ad,b22e67141f47ebe7,False,-1
9d42e135-4715-424a-92f8-035d6dc832db,5b19305c-e7e0-4687-acab-fc073d2a9eee,2f41a8f9b9884367,74368d0228a1e796,False,-1
afc30077-75df-46f7-b366-1e8cc1603e56,68ec4ee4-0eca-488c-b4b4-185dcc6b7329,5088422078704105,7a321a9ba325f5ea,False,-1
f4922d05-d62c-410e-8949-203067632146,0816ddb7-0a24-49e6-8c0c-1096b189c746,64d1142c9cefa8c3,c5d961675b8e8625,False,-1
8287ad8c-5a13-47c8-92d2-747b6425583a,498d1792-a0c7-4fdf-98cc-7c3fc262e451,1392062c0e089e73,27d8fc8c8dbbac9a,False,-1
e0f2c18a-3f9b-49a6-a232-8ba02349378e,0816ddb7-0a24-49e6-8c0c-1096b189c746,8aa10905e445b1f0,6db0e07712e265b6,False,-1
b17e5f0e-8b3e-4a1a-9dca-028f1af2ff68,295d76e0-01d0-4482-8598-bc0096b735e4,3328c748e7dfc53c,11704de584dd7889,True,0
6571d785-029b-4116-9b7a-2f8d2a6fc344,498d1792-a0c7-4fdf-98cc-7c3fc262e451,206fc129d60547fd,e538843cf026ffbf,False,-1
d855cc45-d337-459d-a1eb-b4f9ec428f3e,7db5c50a-5c02-4939-856f-bb8c026eaa10,71f958b4d7c64c14,71761d08f0760e85,False,-1
aadd6d25-e343-487a-a7d4-710feb18e6a5,9bae5d63-fcab-4da4-902b-e3a1f43d596f,3098f59a51aae62a,712c2a0d951fb065,True,1
2ffc3098-c39e-4d0d-a6e6-85f08d26ffb4,295d76e0-01d0-4482-8598-bc0096b735e4,7874caf06b7b1b7b,711d6207c8527cb0,False,-1
fedf677f-eee8-4634-9983-a02babcd7f95,f5d91d50-ca67-4a68-aedd-8da3c715f30c,8c688e4fa5c3b6ee,7152804fbe883879,False,-1
14965384-67d5-438c-a550-702182d6af63,68ec4ee4-0eca-488c-b4b4-185dcc6b7329,87cd355d57accbb7,e6e40daa32c238aa,True,3
1b572bc3-ef82-42c5-a9c6-e3bf59c3f641,7db5c50a-5c02-4939-856f-bb8c026eaa10,f29e9b1a2be8154d,49505cb59fcd5eee,True,3
2cfcb143-067e-4a8d-aed4-73d5b64c1cdd,295d76e0-01d0-4482-8598-bc0096b735e4,927893841aff5f3a,3b1077769061082e,False,-1
6d08d2bc-8216-48c4-8085-1f8aa2530cba,9bae5d63-fcab-4da4-902b-e3a1f43d596f,7dea1cbf82bb509a,fcaabd3ae5fa7ca8,False,-1
b25b2198-9904-45ae-9e3c-d3d060bab04a,f5d91d50-ca67-4a68-aedd-8da3c715f30c,ac77ed5b4a26860c,dcbe652f56a0d6cc,False,-1
1553214c-7be2-4379-83cc-fb8dbd7671bd,f5d91d50-ca67-4a68-aedd-8da3c715f30c,fea7dc3fe95d979d,0b00cd06992f4ee3,False,-1
60d2b47a-3876-4492-8f1e-61768892289a,ccb3156b-7143-42a3-841a-e74cc0013638,0ae8357f01c0405d,01c02f5c7cc5cdab,False,-1
3816e46f-f690-4f4f-869b-4d20ffa9f26a,295d76e0-01d0-4482-8598-bc0096b735e4,b5e223a16b7ffd90,ca3066086f6eec5e,False,-1
f98aa4f4-d0b4-4d17-975a-f39a5b15f9f8,498d1792-a0c7-4fdf-98cc-7c3fc262e451,67bcdc0c4b8d6c0e,504f679c0a7a07a4,False,-1
4afb208a-9de5-4ad3-9120-0b10c2634e14,295d76e0-01d0-4482-8598-bc0096b735e4,896eceb1874c223e,309ff4b1c3e88117,False,-1
f04c1af2-2a6d-4428-99e8-18f944b257c3,9bae5d63-fcab-4da4-902b-e3a1f43d596f,2bdbaab6eb81a545,6456a67ded7e96de,False,-1
2cd2a3ae-1699-4f74-a267-f3de64df11cb,5b19305c-e7e0-4687-acab-fc073d2a9eee,eb612188a4c64e45,5b42cb8bf60a0b26,False,-1
195ec7b7-673d-4f05-9d6a-11ded66e3247,9bae5d63-fcab-4da4-902b-e3a1f43d596f,f21c0f67a8c2c8da,98853795c926c645,False,-1
0c63bb3b-4da2-4314-a3a0-86786d01dc83,498d1792-a0c7-4fdf-98cc-7c3fc262e451,d6a0c35d54375d12,3bdf246ffae1f64c,False,-1
30e3b23f-8467-4b2b-bbca-43883599539e,68ec4ee4-0eca-488c-b4b4-185dcc6b7329,33bef4c83fbbce71,e4b8822731c0d77b,False,-1
d4aa2948-d8fa-4a3a-95e2-630c76365b9c,0816ddb7-0a24-49e6-8c0c-1096b189c746,186b30130061fa28,a0d37cb52247869d,False,-1
602e56f0-1229-4332-93c1-016bbe4fd355,68ec4ee4-0eca-488c-b4b4-185dcc6b7329,b2c5d968cca611dc,73e9d429caa2ba00,False,-1
fae97a61-51b8-4641-bb2d-6b090f45799e,7db5c50a-5c02-4939-856f-bb8c026eaa10,f5f91bdccb2738b5,834ec64479f00edd,False,-1
f2a62b98-eda9-47a3-9e4f-846225376bcd,295d76e0-01d0-4482-8598-bc0096b735e4,4e0a59c20526abf0,d0fa062b2aa40bdd,False,-1
36f59ccb-d1b9-40aa-8745-7ca5a7bb3368,bfba3b1d-d004-4e58-8c3f-0188ac45a796,7a387a1337baff19,af93cf953bdf8765,False,-1
ab576a07-b290-472d-8342-6aad11fc6a1b,f5d91d50-ca67-4a68-aedd-8da3c715f30c,93ef2bb2a8a2656a,d70cfda015be2383,False,-1
35b164d0-73ac-4bbc-9990-a2f324eb7c5b,7db5c50a-5c02-4939-856f-bb8c026eaa10,1e04cc41aeefa278,dc71b3ebba9bba2a,False,-1
0b725e32-0a18-4510-8c9f-a2e676c4353c,ccb3156b-7143-42a3-841a-e74cc0013638,ed2f60d2d207dce8,607aea0d42ed0ef3,False,-1
1913327f-6f1a-453d-94ab-eb2d164e2dcc,bfba3b1d-d004-4e58-8c3f-0188ac45a796,35bd7c013f199c23,ed0fce934652952d,False,-1
096a4096-e220-431b-8178-35254ca2132b,5b19305c-e7e0-4687-acab-fc073d2a9eee,066a08952d809b65,efa35dd27c174502,False,-1
e2fd05d7-cad8-46bf-8e95-5877f4c8d5b9,bfba3b1d-d004-4e58-8c3f-0188ac45a796,8d1fe2a5cc938d8b,43a9eeb5b61725fc,False,-1
c4c03047-949d-44e0-9f9a-5a77c0b68679,498d1792-a0c7-4fdf-98cc-7c3fc262e451,79edf5faced88995,f2898c5dbd7282fb,False,-1
d6e3ad63-c365-4836-801a-8f8bcf06d573,bfba3b1d-d004-4e58-8c3f-0188ac45a796,73b239402feb36ef,0371895a52c7eed6,False,-1
ebdc046c-8643-4d0d-9817-0c51707937da,68ec4ee4-0eca-488c-b4b4-185dcc6b7329,970e79af8b49dbc0,c4df73c5964fef1d,False,-1
06728814-cf99-44d6-b8d4-9f14ef426d80,7db5c50a-5c02-4939-856f-bb8c026eaa10,a3252b781a263303,fcc8652f23b4f474,False,-1
024f2408-27f8-4e40-b585-a2299631b8b8,bfba3b1d-d004-4e58-8c3f-0188ac45a796,081d7d1564562885,ab76bd56ed06f694,False,-1
5cd26fd9-b37b-473a-b7a1-ddb986b15305,ccb3156b-7143-42a3-841a-e74cc0013638,0009c9045e0911c4,f061ac60473169f6,False,-1
78bb7703-7c20-4a7b-bb5c-8f780c4b42ef,ccb3156b-7143-42a3-841a-e74cc0013638,61d04d9852f1135f,4f54e96c43390e71,False,-1
125a74ef-9558-4867-aa40-6eca7f7286e2,f5d91d50-ca67-4a68-aedd-8da3c715f30c,88e28bf545dfda5b,5acc7523125d9700,False,-1
f4f2c84f-96b8-4e90-913e-7297df4eee70,68ec4ee4-0eca-488c-b4b4-185dcc6b7329,bb580d0afc614025,3593d7c6cb2a0af0,False,-1
2a3e5326-214e-438d-a88a-63bf6743aa04,bfba3b1d-d004-4e58-8c3f-0188ac45a796,01f7b9f4310a4ec7,5e514a3c98e9b827,False,-1
80577cee-baf2-4a0f-873c-17133234cfce,295d76e0-01d0-4482-8598-bc0096b735e4,5cf8585670df7f62,e1dae9d5fadb248f,False,-1
4520634f-0904-4e9d-8e97-9dac961eedc8,7db5c50a-5c02-4939-856f-bb8c026eaa10,fe40d4ccdf95d5a2,56995385b4e15f73,False,-1
be3f2da7-169d-4fa3-a6c8-df8eefd6e2a7,f5d91d50-ca67-4a68-aedd-8da3c715f30c,cf2fc63862bd4971,f61971d16a5e00bc,False,-1
f7db89cd-3b1f-4f3e-99d1-a355189640ed,68ec4ee4-0eca-488c-b4b4-185dcc6b7329,30641b05c193436e,88e2a48f054e2836,False,-1
43ed70d5-add5-41ec-b740-b8b2483772c1,bfba3b1d-d004-4e58-8c3f-0188ac45a796,48609bb75ff7543a,e18eff008e400581,False,-1
586a34af-efa0-4539-ab8c-5fbd2b8e1470,498d1792-a0c7-4fdf-98cc-7c3fc262e451,587556ca4dca107e,6a5488e42281b080,False,-1
6f41db0d-f13c-4559-bc52-5ed9ced6690e,68ec4ee4-0eca-488c-b4b4-185dcc6b7329,65d171e7f48f324b,8ff9373be1be62b1,False,-1
1f5e4bfb-0228-4789-8306-fa94f9f2261a,68ec4ee4-0eca-488c-b4b4-185dcc6b7329,a1a80ece3130406e,06f0eb2a157a19e7,False,-1
1c2a1cee-077e-4255-8797-d39a77a60564,7db5c50a-5c02-4939-856f-bb8c026eaa10,c18586065a831786,bd48b9a4952b5a46,False,-1
61855ed9-776f-4181-bc1d-2c7091212ed0,295d76e0-01d0-4482-8598-bc0096b735e4,fba405e6e1052e0a,12433c4705d05e94,False,-1
4d90c3b3-6dd8-417a-84da-8f469b67093e,f5d91d50-ca67-4a68-aedd-8da3c715f30c,ee309c5117b5c853,8826e83e89d642f8,False,-1
a42dab89-930b-4963-b473-e530b40b0bdc,295d76e0-01d0-4482-8598-bc0096b735e4,a9a0e398f04f2054,cd9659e89ed6bf5f,False,-1
02e4e60d-fb4e-4df4-8416-babea4aa36bf,9bae5d63-fcab-4da4-902b-e3a1f43d596f,9b0f3c7aa938d617,246639e1c5cc265d,False,-1
3d0c3f1a-9c21-4efe-add4-f1747ac14bcb,295d76e0-01d0-4482-8598-bc0096b735e4,cdcbe6b9ecc92ca4,94d1f6b310f8344d,False,-1
51d3ace1-d806-4bba-87ab-01e6531e845a,0816ddb7-0a24-49e6-8c0c-1096b189c746,44c746e5aee7c4ca,d035413e7d81870e,False,-1
406fc519-0d0e-41a4-9d89-9b264d3a9d94,0816ddb7-0a24-49e6-8c0c-1096b189c746,c7a3b8a3a5ced1c6,f91b8e76f4f12200,False,-1
7e894b35-4cfd-4f81-8959-000a70006ce6,9bae5d63-fcab-4da4-902b-e3a1f43d596f,2bbb8d377191a645,61c031a9bca6444f,False,-1
d674566f-67c7-4380-9623-7be63c3a985f,bfba3b1d-d004-4e58-8c3f-0188ac45a796,abd0828a912acb5a,25b19415c9d9bc0a,False,-1
9e48ff54-355d-4716-a664-4a6c80ad7ffc,295d76e0-01d0-4482-8598-bc0096b735e4,3cb239db813803a6,20edbc8545985b02,False,-1
1d0d3a36-cd7f-4694-bd05-596f374038e0,9bae5d63-fcab-4da4-902b-e3a1f43d596f,bcfc068b7dc80450,ba1964581a7c5a8e,False,-1
e2982a6a-a892-434c-9f7f-ddf64c953c55,5b19305c-e7e0-4687-acab-fc073d2a9eee,f2826c2a22019d7b,1930cd72b8299255,False,-1
39484a53-ec8d-42c1-85e5-263be4d2021c,f5d91d50-ca67-4a68-aedd-8da3c715f30c,5d47c94a42b092cb,a9a5dc3eaca08c3c,False,-1
e4ada9ac-6f4b-4e28-afad-d169599dacf0,ccb3156b-7143-42a3-841a-e74cc0013638,48b75d21fe78a5dc,d9b658081b482ab9,False,-1
5cce2569-58fe-4e2d-a7d3-f74ffb367749,ccb3156b-7143-42a3-841a-e74cc0013638,ee66e248ae55ceec,7887451e0fb937c3,False,-1
97b4971a-0182-4a78-9969-ce0a5acc4319,295d76e0-01d0-4482-8598-bc0096b735e4,fa750bed8a190449,ad44381511b8d934,False,-1
93f93c87-5bce-40ce-881d-c9da1be14c1d,f5d91d50-ca67-4a68-aedd-8da3c715f30c,48d88d192166d769,e8a5ed9734e45987,False,-1
3ba20f06-1c38-4251-9574-7c944a8a410c,295d76e0-01d0-4482-8598-bc0096b735e4,1fd6f1ac25fadc06,980683e03bca2ff7,False,-1
7fd8197c-d253-4cb1-ac43-c2955d01e481,f5d91d50-ca67-4a68-aedd-8da3c715f30c,3165506c72050c5f,82d0e4d405969b6d,False,-1
380879a9-e65c-4151-b6ef-ee7326cec267,ccb3156b-7143-42a3-841a-e74cc0013638,88a480c118cdba09,5bb7f3fd6495a391,False,-1
2f8d2c86-b892-4a72-8d0c-82e9970bf121,ccb3156b-7143-42a3-841a-e74cc0013638,93ea77d1cf22fcfc,1842ecc052d74889,False,-1
f9bb2aa2-1bb7-401f-9003-63931b04d246,9bae5d63-fcab-4da4-902b-e3a1f43d596f,1a3e7cc639f512cd,fce3919396a58702,False,-1
750d9e3f-9710-4c76-8a5d-dfb8cc50db67,f5d91d50-ca67-4a68-aedd-8da3c715f30c,ebddd6a6068574d7,459f947a5f850d09,False,-1
61218a8b-fcf5-4b5b-b800-8ef611d9ec6d,bfba3b1d-d004-4e58-8c3f-0188ac45a796,b49b592ddbe9347e,362aaae144e81299,False,-1
ea797be7-be6b-43c9-90e7-2402c128ddb8,5b19305c-e7e0-4687-acab-fc073d2a9eee,6cb2e7eb1bdd4c77,d89ae7b9da251926,True,4
5b7d7824-d1dd-4582-8995-566cc751df06,bfba3b1d-d004-4e58-8c3f-0188ac45a796,7ad583f7b1ac76af,49bb29e9f6da7dfd,False,-1
c60cab52-cb7e-493f-a4b5-d4fab7310a9d,9bae5d63-fcab-4da4-902b-e3a1f43d596f,34ec75afb4269446,74faa9a30568f6e1,False,-1
1a4f3925-8b5c-4f07-81da-a7a2b882c130,295d76e0-01d0-4482-8598-bc0096b735e4,166375b09d80f1be,d2f0d41817f03bdd,False,-1
b8178a3c-cdd8-47ae-9471-d4274e389a44,7db5c50a-5c02-4939-856f-bb8c026eaa10,0cbeb456345d0745,4287e9bea843dff6,False,-1
3c6a635b-1111-451d-93b3-2e2ef95dd918,295d76e0-01d0-4482-8598-bc0096b735e4,dfa2711b150722a1,b7880d67073148ea,False,-1
56bdfe44-10e0-404f-bd48-055b441181a5,ccb3156b-7143-42a3-841a-e74cc0013638,1811495bddd931bf,f4c87e978d839c88,False,-1
c9c96b15-a3e2-4d20-8db8-b62a404a8d4c,ccb3156b-7143-42a3-841a-e74cc0013638,1d53a108fa89c254,22d9ee8642aef900,False,-1
0ef7a765-3898-4346-9d82-1ef9a47369c0,0816ddb7-0a24-49e6-8c0c-1096b189c746,8e166fd628cb92b2,cba1827f1aff3627,True,6
6e05f288-99fa-4131-87e0-0f75179aec05,0816ddb7-0a24-49e6-8c0c-1096b189c746,f7760e8bca23afd4,5442ef1a4ad0ca45,False,-1
804ad688-818c-477a-ad3a-2acd584a21ba,bfba3b1d-d004-4e58-8c3f-0188ac45a796,20b9c0370eb24109,68967b71c304ef30,False,-1
c1534e99-881e-4bdd-86ac-df177c12808c,ccb3156b-7143-42a3-841a-e74cc0013638,c8c6b6f45ba39741,de5f27abddab4000,False,-1
db5c786c-6dd9-4283-8772-2aa4fad978a0,ccb3156b-7143-42a3-841a-e74cc0013638,404e22fb9bbb2de4,7f7734ae6c5be6da,False,-1
c279cf47-8699-4066-8a0c-5ab9380bd2ce,5b19305c-e7e0-4687-acab-fc073d2a9eee,9ec008299a82c722,06dc0f78de2b5826,False,-1
c83c0b67-b2fd-4318-91ff-6570fe88aafd,5b19305c-e7e0-4687-acab-fc073d2a9eee,454575b371a04a71,45a488e2e75784f9,False,-1
59ddbcce-24eb-4ff5-a184-a372e57b76ef,295d76e0-01d0-4482-8598-bc0096b735e4,97012efeb78f18ed,e2ebff0bf215bd54,False,-1
538ec07d-b7ca-45df-b448-c7be9f4d049b,7db5c50a-5c02-4939-856f-bb8c026eaa10,09eac8f97e7e985e,56dc221dfd99872a,False,-1
8e8a0491-ff1f-451a-b6b3-275339377d67,0816ddb7-0a24-49e6-8c0c-1096b189c746,023a6657ffe6ed9c,f09fb84d1509b6a2,False,-1
c2412893-0041-4400-9a9b-495895bbc817,498d1792-a0c7-4fdf-98cc-7c3fc262e451,0366f9039149a06c,5dfd12b9c041a370,False,-1
ec3abaad-334e-411e-8764-07b846251313,f5d91d50-ca67-4a68-aedd-8da3c715f30c,71169b46313043da,98e50377a6f96e80,False,-1
61d1cd5a-9292-4588-9381-8626a8f528f5,f5d91d50-ca67-4a68-aedd-8da3c715f30c,f502abbac63f084a,eefaf6f9d2984f89,False,-1
80fac5b2-f93e-47fa-b244-55ad22b9b7d3,0816ddb7-0a24-49e6-8c0c-1096b189c746,1e06b2de15439590,2c263230f7c47f53,False,-1
cc70ccdb-edfc-409a-b940-b1c162696528,0816ddb7-0a24-49e6-8c0c-1096b189c746,95f011de68aab9e8,748ea8d3731838fe,True,0
c7c45694-b4eb-4203-9d21-270fc299f4f3,68ec4ee4-0eca-488c-b4b4-185dcc6b7329,46b5db55f1c7130a,a07b7a3312658f55,False,-1
788fae79-417f-464d-9529-e21f508e6a53,5b19305c-e7e0-4687-acab-fc073d2a9eee,4147884bfbf01720,a56703bd4c1d41f0,False,-1
65e91066-7711-4860-a393-43a0ee0ba5af,f5d91d50-ca67-4a68-aedd-8da3c715f30c,3b4505136e811218,e4bfa6f3b99754d7,False,-1
817353d6-bc07-4292-929c-217d8f843e8a,0816ddb7-0a24-49e6-8c0c-1096b189c746,e05c6a94e22402e0,e6ef1816d6266c88,False,-1
fd1f922b-462b-4aef-8d2c-6d13f9269b37,0816ddb7-0a24-49e6-8c0c-1096b189c746,ca62f2421b4fc769,8d49f705167206f0,False,-1
091adb77-80a9-4274-8e39-c45d2a060828,498d1792-a0c7-4fdf-98cc-7c3fc262e451,cc7f577a1c9b8cef,faf791be43295ba0,False,-1
e289b0ac-5bcc-44ce-a5e0-8abd396b95d0,bfba3b1d-d004-4e58-8c3f-0188ac45a796,68fe23b789ba144a,176deb25aac808b6,False,-1
c8ea5118-e997-4407-a9d4-d4d1cab44d41,295d76e0-01d0-4482-8598-bc0096b735e4,baff47cf75639e44,5d6a8ba6a33a2794,False,-1
294b0706-d3a5-4d57-b030-67691d79ecc4,9bae5d63-fcab-4da4-902b-e3a1f43d596f,5730d3317469c19a,1ccc7fc1d0ad7901,True,4
f8efdfbd-29b6-4564-955c-6caa36768466,68ec4ee4-0eca-488c-b4b4-185dcc6b7329,adf49f5644e87639,f3007005d167abb4,False,-1
adcfde2a-3bc0-400a-a590-9299e90638c0,f5d91d50-ca67-4a68-aedd-8da3c715f30c,230b061e3b2ff7cd,d11485550e8d6738,False,-1
ea17cf6e-61d4-4fe3-8062-a48f09357d10,bfba3b1d-d004-4e58-8c3f-0188ac45a796,c19587faedc654bb,752c86cc5dbbb22b,False,-1
a61c2364-8081-40db-b3a4-563857698334,9bae5d63-fcab-4da4-902b-e3a1f43d596f,60361cfae9ab21ee,c4d35ed8b42774c5,False,-1
ebd240d6-c11e-477c-81ec-501f960d2b1b,498d1792-a0c7-4fdf-98cc-7c3fc262e451,dc4084f05471e602,7b983826b8337878,False,-1
803b4f94-d335-4c6f-83fc-99d8b1bb35c6,f5d91d50-ca67-4a68-aedd-8da3c715f30c,0ecbb3d7f2d335e8,15b00074b064dc8c,False,-1
e0d7a3df-32a2-40a7-a1c4-7f9883157ae2,295d76e0-01d0-4482-8598-bc0096b735e4,edf44992f2506d26,7eb8827f12a6df53,False,-1
be16546a-c285-474f-9985-ffc24e4f6a08,7db5c50a-5c02-4939-856f-bb8c026eaa10,f9b8ecec38447374,066a2af88553c9ca,False,-1
9ea68f6c-41c6-41e6-a4d8-e1e3e448b31d,ccb3156b-7143-42a3-841a-e74cc0013638,0c0ec87df5e431b6,db92408ae0bafc50,False,-1
f6b166b4-d73f-422d-b8c5-844632b542ac,68ec4ee4-0eca-488c-b4b4-185dcc6b7329,d3c908fa48556832,3ddd707c9f4a3516,False,-1
1ff53500-eca4-4e80-a62e-1a7ca1d7515b,0816ddb7-0a24-49e6-8c0c-1096b189c746,2c95bcf48fda60a2,3aeea6265573dcaa,True,5
0df6a13d-8b0f-4e58-8dea-ec02d6e283ca,295d76e0-01d0-4482-8598-bc0096b735e4,3908cb6ee5016f23,de376aafbb2a0424,False,-1
ead6de64-bfe3-4d8b-9026-324954a6153c,9bae5d63-fcab-4da4-902b-e3a1f43d596f,b91bfe6fa5c69412,d7362e3f6391c4c9,False,-1
9e16d4fb-39dc-4f42-aa62-b91e46af5036,f5d91d50-ca67-4a68-aedd-8da3c715f30c,0787da932a134b71,4b91d42ac9a1fd79,False,-1
d92cee29-7e77-43a9-8358-04c5cae404cc,5b19305c-e7e0-4687-acab-fc073d2a9eee,11a6e91c4612833d,7fc310b34585d482,False,-1
d10c2958-e9d3-4b95-a5d9-c584d3d3bea7,f5d91d50-ca67-4a68-aedd-8da3c715f30c,e089dc95a98d7cc6,0bb298799d27cbea,False,-1
8ccf8e6b-7bca-470a-b3b5-48c85235ac85,ccb3156b-7143-42a3-841a-e74cc0013638,ad890b599817237b,f3eb149292ccef1a,False,-1
a69f08a2-8369-4f71-b2ec-fc9d7bd8f42e,ccb3156b-7143-42a3-841a-e74cc0013638,a4baf91985ebda21,f358c3bd71c73416,False,-1
255c3bb1-e62f-4c9a-aebf-1fdaa9c2b502,9bae5d63-fcab-4da4-902b-e3a1f43d596f,1a27f702bd751f2e,4a36601668bbe232,False,-1
a6515e9b-a202-4028-a9c1-b052d89c0863,bfba3b1d-d004-4e58-8c3f-0188ac45a796,15cfd1ffa1b9d898,9296d22fed6c8df8,False,-1
21ba53fa-3fdb-4a09-b920-988b3f1d4bcf,5b19305c-e7e0-4687-acab-fc073d2a9eee,1264401869645a4e,991cb3daba155cfc,False,-1
98f05803-dae6-443f-ae7d-23f8417437cf,7db5c50a-5c02-4939-856f-bb8c026eaa10,9a5632ddb3f87040,60c667d318dceba8,False,-1
ef839bf0-9e60-47ff-b889-c244414169e8,68ec4ee4-0eca-488c-b4b4-185dcc6b7329,46e78f601767cba3,b39076963a1d3cd7,False,-1
d4999b90-0bf0-4ed7-bfe8-0d60a4d1f3f1,9bae5d63-fcab-4da4-902b-e3a1f43d596f,c4a6870b73a13833,0b72a4309488a2a4,False,-1
9a7ba475-8021-4691-b2af-422f592fc6e4,68ec4ee4-0eca-488c-b4b4-185dcc6b7329,00e29dba3c4c367b,9a1a2168602956b2,False,-1
92aff22d-3eae-4a18-bb32-e896632f5881,498d1792-a0c7-4fdf-98cc-7c3fc262e451,84b0266a0b5fde28,e4453e1fd4dd95b1,False,-1
3ebc297e-fea5-4f04-9692-673ce6a1961f,295d76e0-01d0-4482-8598-bc0096b735e4,79758872281cc2ee,692011edcd105a50,False,-1
7d0c9c70-3361-4653-b041-2d26f7b61ee7,f5d91d50-ca67-4a68-aedd-8da3c715f30c,d8b1f04e0be7bf4e,46a08a2419fe27d3,False,-1
2eb477a5-1fa1-4609-842c-13321e64a8f7,ccb3156b-7143-42a3-841a-e74cc0013638,b2b59ae51bfe8780,64c7d3b4ea22d42b,False,-1
f9ec2e5d-3b39-452d-82ed-8432f90314fe,9bae5d63-fcab-4da4-902b-e3a1f43d596f,d4e5466e649ff103,74b9e4b1c327b19b,False,-1
3be292b6-8b02-4330-8241-4ce919332884,9bae5d63-fcab-4da4-902b-e3a1f43d596f,cbfb1686eaede35b,cac39a6470d1ac14,True,6
19ca991e-6196-4bb3-acb0-81bce7e2b7e6,498d1792-a0c7-4fdf-98cc-7c3fc262e451,60899d41cc407935,f95bd60ab584c957,False,-1
8cdd0a1f-e896-4443-a248-bb57fe740faa,498d1792-a0c7-4fdf-98cc-7c3fc262e451,7ea4e6d94874792b,50a89a8117ac5708,False,-1
7b83db27-a8c5-426f-8881-0d1927ad8977,7db5c50a-5c02-4939-856f-bb8c026eaa10,78b92a0e7c4b7490,7b7fb6f79f422a6f,False,-1
35d3160c-2006-4cb9-9bf2-21461af13151,68ec4ee4-0eca-488c-b4b4-185dcc6b7329,d42a4303fc621b57,bcd21d005e17322f,False,-1
df25bd38-005c-41cd-99e8-01dc61e0c5e3,ccb3156b-7143-42a3-841a-e74cc0013638,7f50d926f956ba9a,1ddb6c4fbd8017ec,False,-1
2534d1d9-f019-4bbc-a1d9-5000aefeb812,498d1792-a0c7-4fdf-98cc-7c3fc262e451,8f9a34593133d50e,996ceec82e9c74e0,False,-1
f8878e3f-12e6-45f0-a852-734ef8ce6b45,bfba3b1d-d004-4e58-8c3f-0188ac45a796,a2753d52a67c2902,52a9e33fc35e5d98,False,-1
b4a3567b-8687-4fe9-9e21-fc5fa7a2c644,295d76e0-01d0-4482-8598-bc0096b735e4,8f7021cdbedc9041,009cdb8d7d1077a6,False,-1
2c55b09a-7695-4198-ba08-ff7401d69f4b,295d76e0-01d0-4482-8598-bc0096b735e4,052f95fe2a1e83fc,5dcfaa7f09e30928,False,-1
12f64a31-7917-4e8c-9e1f-b42fae5e1108,f5d91d50-ca67-4a68-aedd-8da3c715f30c,7a9a561d6f56024b,8dc5806efc9d12ed,False,-1
d1ee0c8a-7a70-44a1-abaa-9423333d2330,f5d91d50-ca67-4a68-aedd-8da3c715f30c,690d2936635bf5df,9e4fdfa972692809,False,-1
103f1fe6-0229-4345-af5e-668af0f0f7cd,498d1792-a0c7-4fdf-98cc-7c3fc262e451,102d3ad721c0ab70,14f3256f88cfc206,False,-1
b931b0ff-c1e7-4065-adc1-84124ecda28e,ccb3156b-7143-42a3-841a-e74cc0013638,7d98d7ef9424e5b5,ebe4fb1aababca7d,False,-1
a8485928-9b0e-4777-9d4c-14575b989315,f5d91d50-ca67-4a68-aedd-8da3c715f30c,108e94f97580efa7,1333663aae696b12,False,-1
be4eb4d3-5608-467a-bca3-95e15caf66d2,295d76e0-01d0-4482-8598-bc0096b735e4,3da95f5d901335f0,ba6a61e54ee54238,False,-1
b929f3ec-7c04-4391-9421-3b1e6abdafcf,295d76e0-01d0-4482-8598-bc0096b735e4,6ad5f04da26bb76e,1f593000de35e7a2,False,-1
a9108cf2-efdb-49ed-b2f7-36e7eebedb53,ccb3156b-7143-42a3-841a-e74cc0013638,2e1b3bb6c94033b9,de1c7f1f5d542c26,False,-1
6b102f32-7d4a-4aa2-ab0f-612fa049a3f5,bfba3b1d-d004-4e58-8c3f-0188ac45a796,8de8699f6bbb0f9f,855db161af576cb4,False,-1
9115489d-3a8e-498e-b2a5-9bba7b752089,9bae5d63-fcab-4da4-902b-e3a1f43d596f,f84f59b5ff946f2f,6ccb3bc2c7edf581,False,-1
f939531d-2bda-45bc-a0ab-a3f6b9fe315b,0816ddb7-0a24-49e6-8c0c-1096b189c746,8a9f8aa4280a0aad,d606802fc7cfd457,False,-1
952b1180-997a-4dae-9cea-56826572af85,295d76e0-01d0-4482-8598-bc0096b735e4,ddeeff49464f3b76,22b83d2ea3004550,False,-1
4616d690-4a82-48e4-b115-00fb133f6628,f5d91d50-ca67-4a68-aedd-8da3c715f30c,3b691e1650a81ce2,86abe8e9862f22d0,False,-1
e94e0a36-ba2e-4698-b7d2-8c8ede258134,68ec4ee4-0eca-488c-b4b4-185dcc6b7329,e60d48b480c154aa,327b4a7d622a1c84,False,-1
c9157c09-31f7-4c7f-b713-2e809e7f0dad,ccb3156b-7143-42a3-841a-e74cc0013638,313b2cca68696b36,831dcdf5bec98f93,False,-1
e1209b3a-0e27-4611-8f65-6c87d0561ef8,295d76e0-01d0-4482-8598-bc0096b735e4,51e141521a605e51,7ac30da86f50493c,False,-1
44a80923-110f-4c40-9043-a3a10ce2f029,9bae5d63-fcab-4da4-902b-e3a1f43d596f,1cbed3666af9a3fc,d801ba63b852a6dc,False,-1
c91768e9-158a-4af6-a1c2-2874e1aa5d9f,498d1792-a0c7-4fdf-98cc-7c3fc262e451,55739b982dc21b55,2a1c9203502792db,False,-1
18e6c586-4806-4696-98fc-02f09247f76f,f5d91d50-ca67-4a68-aedd-8da3c715f30c,fa2b16f36aafb7bd,04444f45c54441b4,False,-1
21870d0c-a03f-4c03-9df9-458389425122,9bae5d63-fcab-4da4-902b-e3a1f43d596f,b5e2f8ffabe85353,4356f77eeb6a4e9a,False,-1
a035e592-2d1e-4b60-88c6-083ec19d727c,68ec4ee4-0eca-488c-b4b4-185dcc6b7329,581ad0cc64679814,e77c1df867e24fd6,False,-1
8c11db1c-a92e-4f5a-a1f6-c37d334801eb,498d1792-a0c7-4fdf-98cc-7c3fc262e451,f0b420a78b12b638,b944a2249caba461,False,-1
9e89c4f0-2308-471b-b514-f694d1abf139,7db5c50a-5c02-4939-856f-bb8c026eaa10,ceb4dbc0a3d3a2ab,0271daf0011e11f3,False,-1
c15db992-087c-4930-bd44-e27c9530eb93,9bae5d63-fcab-4da4-902b-e3a1f43d596f,f14f1e16f52e398f,9934402ace86c0ca,False,-1
2a4b6e1d-ae58-4861-8016-1a7e0f73a0bf,5b19305c-e7e0-4687-acab-fc073d2a9eee,2bf46cd559f44a9c,699259bea9e17554,False,-1
37b34027-907c-4ffa-8114-eba30cccbed1,f5d91d50-ca67-4a68-aedd-8da3c715f30c,5ad90d504f0090ee,ee23d1d813f6d801,False,-1
edbc9ff0-a1e7-407b-900c-8d3de4f564cb,498d1792-a0c7-4fdf-98cc-7c3fc262e451,8bb853cf6e2f2e82,60a291ccf8383cbe,False,-1
774f7a0d-b25d-43ea-9897-d4f4fc49abc2,f5d91d50-ca67-4a68-aedd-8da3c715f30c,3f2248c81e7ca20b,aebaf53092b6654f,False,-1
8310c9f5-cfb7-43fc-984b-2a9226eb3e9a,ccb3156b-7143-42a3-841a-e74cc0013638,a6fef83a73ff1308,393da267522f9a66,False,-1
fe22e479-f924-48d3-b8ca-3caca2464021,ccb3156b-7143-42a3-841a-e74cc0013638,0ee7fa040d52eb7c,1c02c3c4549b9cee,False,-1
cc777cbc-9772-462b-9e9e-6b66245bc0dd,295d76e0-01d0-4482-8598-bc0096b735e4,04d7758fbdd14b58,cdeec35c737edb90,False,-1
7ab16ac7-fe91-48c9-b186-cb26d396766c,498d1792-a0c7-4fdf-98cc-7c3fc262e451,0fc47cf1f7eb169e,7d26741759751740,False,-1
b6dd3f8d-7a50-496f-9a00-afa1e79ef571,68ec4ee4-0eca-488c-b4b4-185dcc6b7329,4f69b79fb6189622,95c6f6effd84c4ee,False,-1
6022c13f-1cb7-4ba1-a720-3e16eb55abe8,0816ddb7-0a24-49e6-8c0c-1096b189c746,bead9829020f02a0,df9c6fe2abb3e919,False,-1
ed020f8d-2e3c-4e31-8f21-cb4c34198066,0816ddb7-0a24-49e6-8c0c-1096b189c746,4324434f811689d9,3c08016a3a9accc3,False,-1
2398c5b9-f049-4d8f-8f4a-f014ad19230f,f5d91d50-ca67-4a68-aedd-8da3c715f30c,cbcbc82fcb520601,65490aeb4c075038,False,-1
3116a0e9-2803-4411-8ffd-e15aeff60eee,f5d91d50-ca67-4a68-aedd-8da3c715f30c,07206dc22c0d5f7c,f7977ef746d3b252,True,7
aed839fd-3d91-4bc4-bb35-1417ba618832,5b19305c-e7e0-4687-acab-fc073d2a9eee,a3e57ad75db4de4f,daedfcb8f5f751d4,False,-1
8ecfd22e-fd89-42a6-a9e1-3d534362de6c,bfba3b1d-d004-4e58-8c3f-0188ac45a796,27121cb3edf4e97c,0abb7b8b5e4017fd,False,-1
200b6742-d450-4cef-af2b-99570f0a47d8,68ec4ee4-0eca-488c-b4b4-185dcc6b7329,cd94d0e2de57ba9c,6b6faf64198758fa,False,-1
46bd3bb7-dcca-4026-98ae-315babb48e74,7db5c50a-5c02-4939-856f-bb8c026eaa10,f120d0a6780d7e85,85c140d2302e4bfa,False,-1
7346d978-5205-4b66-8a05-35858f50d4e6,ccb3156b-7143-42a3-841a-e74cc0013638,bbb14ec7954243c4,1caeea93c5ee0f00,False,-1
f623b101-7071-4ecd-8960-eae2a7eb4748,7db5c50a-5c02-4939-856f-bb8c026eaa10,0731afff8a9d4c42,2f8f32ac7443cd88,False,-1
1962fde8-ac42-4399-9d8d-85878885b026,68ec4ee4-0eca-488c-b4b4-185dcc6b7329,cd3683a309ff4278,0f19ee8055808b22,False,-1
9e2959e6-43db-4078-985e-39c02c5f30b7,ccb3156b-7143-42a3-841a-e74cc0013638,f8d37197ac4abfb8,96f7a64f82c36455,False,-1
abd813a9-e88a-4bf8-920a-1269d3102040,5b19305c-e7e0-4687-acab-fc073d2a9eee,7b68e9176dfc16c9,5cf5ffcf296d6b6c,False,-1
60171d60-e721-4590-97c9-6e53660f1638,295d76e0-01d0-4482-8598-bc0096b735e4,9687bc516120db73,cbc5f09aa824338a,False,-1
7ce7b981-adb5-4f4f-8a94-40ae961105e8,9bae5d63-fcab-4da4-902b-e3a1f43d596f,95da92602abe8ab6,78a4c85343b84020,False,-1
4cf8664e-e4c5-437a-ba7a-ac0e0e51d586,f5d91d50-ca67-4a68-aedd-8da3c715f30c,7024c3a1feb0f695,d031c2c44d068431,False,-1
42e9abbe-3fe5-4e92-bc09-b9af02206caf,bfba3b1d-d004-4e58-8c3f-0188ac45a796,871f9bbd404b3833,0d78c12bdb71b007,False,-1
ca3d28bd-728b-4949-917e-e2f2628b95d1,295d76e0-01d0-4482-8598-bc0096b735e4,0b51f95f652c1fca,60da8351831e59a1,False,-1
feb92349-a1dc-4758-bbda-e213e343c6ea,0816ddb7-0a24-49e6-8c0c-1096b189c746,d871b6db8000df50,c4a358c0ccd1726f,False,-1
f101989c-9754-4666-9c0f-c204fb9a1e2f,295d76e0-01d0-4482-8598-bc0096b735e4,7b00fb57715f1b2d,cfb730a499e84ec3,False,-1
503a2efb-79c3-4cf1-b0b7-4647dc14bff7,68ec4ee4-0eca-488c-b4b4-185dcc6b7329,ab8d5e68aae1e7e5,598e8283c9b9c62b,False,-1
b72457d0-fdc2-442d-bdc9-84e2c626c4e2,ccb3156b-7143-42a3-841a-e74cc0013638,33595efd0858bb3d,04c37da8719c0087,False,-1
0d341808-3bc8-4ec3-8370-cca93608d79d,295d76e0-01d0-4482-8598-bc0096b735e4,f2228fc8701b3be3,aee9e9bdf378ebc1,False,-1
1d69e6d7-44e1-4a7c-ba1b-d643b4143465,0816ddb7-0a24-49e6-8c0c-1096b189c746,7d30797ad7138cf0,5b6a9f08f089dd7a,False,-1
59d8e8aa-9aea-4ca1-99fb-386b4eb1b585,0816ddb7-0a24-49e6-8c0c-1096b189c746,486ac49628153853,37ca07eee981255c,False,-1
bc805594-cf6f-49a6-ab14-220099fc4578,bfba3b1d-d004-4e58-8c3f-0188ac45a796,3b5e63c4078580ef,fdcef09cd4d0915e,False,-1
1b35c0b8-070d-4b5f-8b0a-f32685b4ebae,0816ddb7-0a24-49e6-8c0c-1096b189c746,7391e36f1280cfa3,03d3fe5e8d34e311,False,-1
7a8ba17e-4505-4e4c-b0fb-7cc1501b8d4c,5b19305c-e7e0-4687-acab-fc073d2a9eee,c32c5f3dc1e98b89,a815e5d26c7b5401,True,2
a5e67edb-5f34-46c8-b012-9d7fa64abe46,68ec4ee4-0eca-488c-b4b4-185dcc6b7329,18fdfb79c138bf6b,1407dc261958ef21,False,-1
c10ec6b4-45d9-4c85-ba79-e174a6dba063,bfba3b1d-d004-4e58-8c3f-0188ac45a796,aa234deb5ed79795,2cfd2ed5704bb6f6,False,-1
ef91d7ca-7a83-44b2-b8f5-75ea6373b04b,68ec4ee4-0eca-488c-b4b4-185dcc6b7329,be77529049c046bc,3703f4f5dc6acede,False,-1
7f680cf7-2f85-4c07-b17e-4761e0257127,0816ddb7-0a24-49e6-8c0c-1096b189c746,8c8a9a083fc5f0ec,ef0c5c06648c5550,False,-1
7e156183-aed3-429d-b8a1-1a9e7b0f3305,ccb3156b-7143-42a3-841a-e74cc0013638,c78db1d8b52ef6d2,68263a49f7e70370,False,-1
c4f4d4ee-a11c-48e4-b42b-21807e0c9c17,0816ddb7-0a24-49e6-8c0c-1096b189c746,2ae78427793f809d,0be43cd735cd7895,False,-1
6b56c73c-3384-4ef1-a1ee-dc4f7ae0e9ec,68ec4ee4-0eca-488c-b4b4-185dcc6b7329,5eb75cc4332773fa,1fac8de8df0c40a5,False,-1
1efa05de-3593-4c80-a48c-76dfe50ca3bd,498d1792-a0c7-4fdf-98cc-7c3fc262e451,41241a12b13611d5,adbb185f47c6d5cf,False,-1
4d65fda7-8683-4aa4-8809-15e0afdc7945,0816ddb7-0a24-49e6-8c0c-1096b189c746,12999acb43974078,135c415c1c83a48b,False,-1
fe5f975b-2196-41b6-86e1-d689ef4ee75a,5b19305c-e7e0-4687-acab-fc073d2a9eee,be0e3a39c3b1cb81,94b284eac4b7af6c,False,-1
2abb5ad3-00b6-4c4b-84fb-dd88cdccbe9a,498d1792-a0c7-4fdf-98cc-7c3fc262e451,28b13b4a167f9f22,ba217bce390f6c45,False,-1
a9bc6899-b222-4178-8fe4-8a254f1b033b,7db5c50a-5c02-4939-856f-bb8c026eaa10,84bafe3eb476bc3d,a1f388e47dcc14fb,False,-1
e370ad6c-a24e-4b54-b279-cc1d148a4167,5b19305c-e7e0-4687-acab-fc073d2a9eee,da4db1df4242c39d,24866630afdda751,False,-1
c762b516-cd64-4441-891f-f812b755f843,9bae5d63-fcab-4da4-902b-e3a1f43d596f,961846cf053d1cf8,7cb0b97a28aae71b,False,-1
e075a201-7d00-41cf-9050-bfb7595593a0,5b19305c-e7e0-4687-acab-fc073d2a9eee,3cb2fc72f79a1c64,fb8a4445ceb3a705,False,-1
dc56ab3a-0cfd-4d19-9953-043b8843653f,bfba3b1d-d004-4e58-8c3f-0188ac45a796,c06072b73e415174,35349e5d0a602b31,False,-1
a15e7845-6542-4b8a-9c9f-b017ef7ffa56,5b19305c-e7e0-4687-acab-fc073d2a9eee,7f9dc61af56a6729,f3b6dbe300ecf150,False,-1
9b11656a-de12-470f-9a66-e3e32d99a40e,9bae5d63-fcab-4da4-902b-e3a1f43d596f,ee268df57fc1edd8,7301051607852895,True,6
cb39cabf-adb3-469e-9b7e-4ae31415af96,ccb3156b-7143-42a3-841a-e74cc0013638,b915efc7c6cf5bc1,f34a439595812d65,False,-1
59a7d0c4-d144-4c24-975f-e4971d968f11,0816ddb7-0a24-49e6-8c0c-1096b189c746,12f673076e312dec,682292e850a02d70,False,-1
75a349e1-1aa1-4f7f-88c0-9f01c0ee5419,f5d91d50-ca67-4a68-aedd-8da3c715f30c,aeee1e92fc640a4d,e897cc1ba929f9c3,False,-1
dcd5f183-c0e3-4fd4-9ce3-32ee1097d195,9bae5d63-fcab-4da4-902b-e3a1f43d596f,b51ec8b8aa75a7e2,c1ee1051c3edbc2d,False,-1
1a77f2b7-29c2-4acb-8c06-46b084aa8121,9bae5d63-fcab-4da4-902b-e3a1f43d596f,132f52e67a7524bd,8b930619375466aa,False,-1
1d9dc79c-8197-445c-aeb6-33b42d193311,68ec4ee4-0eca-488c-b4b4-185dcc6b7329,861c23cf033eaba8,b38550b136b05574,False,-1
cd62e916-ba87-413e-a1f2-0539b23329f6,68ec4ee4-0eca-488c-b4b4-185dcc6b7329,2277f5a3129390c2,86441e623e0a2e40,False,-1
5eb8d1a9-ed54-4ff8-aeb1-ec223dc34b24,bfba3b1d-d004-4e58-8c3f-0188ac45a796,418df16b3908f0c4,35b86ba88cb78c53,False,-1
16499533-9e72-42cd-a713-5fec81959f92,9bae5d63-fcab-4da4-902b-e3a1f43d596f,c7621243bcacab6b,7499e0ea29b32151,False,-1
b4654660-d868-40ca-8ef2-fc31fa323026,9bae5d63-fcab-4da4-902b-e3a1f43d596f,f413ae11ba712f0d,067ffe3bd8b52ae5,False,-1
57fc6cbe-58d5-457f-bef7-9e0f66fbe181,7db5c50a-5c02-4939-856f-bb8c026eaa10,873942b0ef7cabc8,8b4c85a43bfebda1,True,2
adfdfa07-969a-4173-a8a0-f64de1944d47,ccb3156b-7143-42a3-841a-e74cc0013638,38070526a3784a4a,15ea09b4477488a7,False,-1
5defd10d-ac8c-453d-b1b8-334ec35128d7,295d76e0-01d0-4482-8598-bc0096b735e4,907e757550019c77,f893631258c73c13,False,-1
6efcb25c-798f-47c0-a8ab-424292281205,7db5c50a-5c02-4939-856f-bb8c026eaa10,33e7863e62b9fde8,41f81ed96960b192,False,-1
780e5b70-c0f5-45dc-ac81-44a9006c29f0,9bae5d63-fcab-4da4-902b-e3a1f43d596f,bc09fff2bdba81c2,25cc7a190e9655da,False,-1
41e61041-1a5f-4812-bfb0-452aca7f440d,68ec4ee4-0eca-488c-b4b4-185dcc6b7329,828c03469d955716,d674f873909f3773,False,-1
7745ea0a-1852-4d7c-acbc-3f1b635eca22,ccb3156b-7143-42a3-841a-e74cc0013638,02e4675309f02cc7,78c1958c36518ac5,False,-1
7c34e5cf-0dee-4a67-b99d-75b7ac9899c9,f5d91d50-ca67-4a68-aedd-8da3c715f30c,f245cd5cb9fc457c,5dc8b5df57088f76,True,1
b12e8328-15ec-44cf-9314-47ea471d63fe,0816ddb7-0a24-49e6-8c0c-1096b189c746,ffad0cb84c71b13c,4f2cf154290587d2,False,-1
c28dc83a-8f7c-4d4c-a71f-4db57def0bab,68ec4ee4-0eca-488c-b4b4-185dcc6b7329,8ea820e54a104c20,7c15327589093277,False,-1
35989092-4528-4f22-91e3-38ff6c7a1903,7db5c50a-5c02-4939-856f-bb8c026eaa10,ebbb68088955ef7e,7426df73b9e1a518,False,-1
1567104a-4308-4928-accd-e42fca13a316,0816ddb7-0a24-49e6-8c0c-1096b189c746,2ebd024be95af34a,9074615685d6b2c5,False,-1
ae15c3d6-9218-4bc3-aed9-ecf029ab73d0,ccb3156b-7143-42a3-841a-e74cc0013638,d649014a9b6a2e29,49e63acb17879b51,False,-1
2f8175f0-7944-438d-888e-e87eb08da970,5b19305c-e7e0-4687-acab-fc073d2a9eee,266ef311bd07a8ea,c87aaadab8354e95,False,-1
5007ef7a-32d0-40f8-a012-1dc2bf3b06e5,f5d91d50-ca67-4a68-aedd-8da3c715f30c,52e1e95ffdaa3c55,83d8c2d9393b7de3,False,-1
55cbfa49-205c-44af-984f-a4260140ab08,0816ddb7-0a24-49e6-8c0c-1096b189c746,2be84b0b0651d37a,d518a087200ce58b,False,-1
1fd56bc9-bcb3-4fb4-b2f9-f8bd706dbeab,bfba3b1d-d004-4e58-8c3f-0188ac45a796,3f7195b393439bd4,69db8199471cfd38,False,-1
98815510-4300-4b44-b453-32c64e299e0f,68ec4ee4-0eca-488c-b4b4-185dcc6b7329,40735870b77df3f2,d43611489f346a9a,False,-1
4f32ac73-673e-4b33-b6e1-fe121ee87acb,f5d91d50-ca67-4a68-aedd-8da3c715f30c,b28a5304fc4054a6,8acb3f736fe87f1f,False,-1
ce6ea009-c1d2-48f8-bd49-7c3ba1c07c87,498d1792-a0c7-4fdf-98cc-7c3fc262e451,6034d32b028f802b,b3dbfd77b32b0b33,False,-1
ddae4e03-1d7f-4948-891d-c05e2de4f4e5,bfba3b1d-d004-4e58-8c3f-0188ac45a796,1b0ad01abafcecb8,3064c97e9e1b51ed,False,-1
8ce23ea8-6879-466c-85ac-571f910adf2c,9bae5d63-fcab-4da4-902b-e3a1f43d596f,902cc7a7492a9990,ea9a888c612872a7,False,-1
440d40e2-37dc-4e4b-83f6-baf069698bbd,f5d91d50-ca67-4a68-aedd-8da3c715f30c,8c0f91327ce2e172,c449d2954571ec20,False,-1
f20f43c3-2387-477a-beb3-7ef60b1857fc,5b19305c-e7e0-4687-acab-fc073d2a9eee,59ae5e390be980ac,969e3d6bdbfc9ac4,False,-1
0154ac93-248f-48d3-938b-26ce72cd449f,5b19305c-e7e0-4687-acab-fc073d2a9eee,7dcdce8dad9ea214,f73e657a3f228f94,False,-1
9761db29-6fe1-47b3-a992-ea4019c72af7,bfba3b1d-d004-4e58-8c3f-0188ac45a796,c18471dffd43840b,232c67a20cc00251,False,-1
8d67d3e0-74d9-437e-99ea-39736047221c,bfba3b1d-d004-4e58-8c3f-0188ac45a796,1694972a0b04b833,f812d5adc1d58f5a,False,-1
84379eba-e025-4288-8192-3e9585a6dc65,ccb3156b-7143-42a3-841a-e74cc0013638,d4a6568137984373,62215058249b318e,False,-1
06401af0-d694-43f2-a8db-f03455f018e6,0816ddb7-0a24-49e6-8c0c-1096b189c746,1bdd5acd19eb909a,a095c5d8674bafc5,False,-1
5c18f421-e844-40cf-8334-4c31721c5dda,f5d91d50-ca67-4a68-aedd-8da3c715f30c,415973c6ad0792c7,37c13e07c9c83319,False,-1
0643e2e5-1f0d-4d51-aee7-f0b737876015,9bae5d63-fcab-4da4-902b-e3a1f43d596f,9fa32fdaba2d2d46,80088e9e4bf10009,False,-1
5b29d811-b709-4eb6-aa2e-193859bb0ff7,68ec4ee4-0eca-488c-b4b4-185dcc6b7329,8f8cfc4195d84421,4dc0dbdda915f42f,False,-1
4d449fb0-0ee4-49a4-8cdd-9e3c8eaf1e27,295d76e0-01d0-4482-8598-bc0096b735e4,81336ad91c1c857e,d645c8ab96983777,False,-1
a5391344-cc4b-450f-a1fa-7133280248a0,ccb3156b-7143-42a3-841a-e74cc0013638,9231addbcc5ae90a,7ed184c8e9d0c7d6,False,-1
c4848151-751d-4efa-8d4f-f84b0c06501e,295d76e0-01d0-4482-8598-bc0096b735e4,77dc1b43e22a86cd,80286538569b8169,False,-1
fe239745-ed64-4a9b-b5a9-4c57e2a7a65c,9bae5d63-fcab-4da4-902b-e3a1f43d596f,509f8f26ad2cd715,d5bd57948798542e,False,-1
fbd9a877-3bfd-4058-97d3-ef2955fd67eb,ccb3156b-7143-42a3-841a-e74cc0013638,a40062c14a00bebc,e35f5776bae65df8,False,-1
e99e9c11-183e-4e4a-98f2-ce5825c7cb75,7db5c50a-5c02-4939-856f-bb8c026eaa10,517d7630419cac0f,dc69c0f59ab9ea71,False,-1
b5723cd7-d91e-4d9c-89d9-90bcb8665296,7db5c50a-5c02-4939-856f-bb8c026eaa10,f131d683662da2d9,232efbbfb81f349a,False,-1
a19fd5ae-9385-4f4d-8abd-52860d751a1e,ccb3156b-7143-42a3-841a-e74cc0013638,9df4bab4ed72b276,1837e2d8ec45b75d,False,-1
16230210-5982-4e2e-b6dd-a1d269066729,498d1792-a0c7-4fdf-98cc-7c3fc262e451,d69597d15954858d,23962d4c8c504c35,False,-1
1d37ad8b-6117-4eb5-a876-12177c644741,0816ddb7-0a24-49e6-8c0c-1096b189c746,13fcde8e0e841374,4212e39f4d87a679,False,-1
7773106a-8a9b-4100-9c32-f64b6e3a4658,5b19305c-e7e0-4687-acab-fc073d2a9eee,0592200c4760c5e3,36c7f74d13dc5f42,False,-1
8cdec432-fef8-497b-b322-3875de5850a6,498d1792-a0c7-4fdf-98cc-7c3fc262e451,4aa4cbc3cdae6c64,8b825d106abaac49,False,-1
db75ff81-905b-403e-b54e-08bd81bdeb94,295d76e0-01d0-4482-8598-bc0096b735e4,aa07e95d94d8fa7d,ce455cb81f794b16,False,-1
9d22af96-905e-4f12-b3c0-2ff05978fd63,295d76e0-01d0-4482-8598-bc0096b735e4,7100b32f16df787f,1eebd890db065951,False,-1
06515d2b-7032-4d7e-8583-f612e69ac6cf,ccb3156b-7143-42a3-841a-e74cc0013638,d8c76bf2bfff1c23,429feb9107934c58,False,-1
6d22d417-bf8c-4e19-a701-80a0cc294afc,498d1792-a0c7-4fdf-98cc-7c3fc262e451,b75466a6bb381a34,babb21f3c4203255,False,-1
8ca1908b-48de-475f-8794-5a7fd94f8904,295d76e0-01d0-4482-8598-bc0096b735e4,b1ea23fc1ec5a34e,fdd15a41b821ca88,False,-1
d5526919-1158-47b3-a00e-3e639db2abc0,68ec4ee4-0eca-488c-b4b4-185dcc6b7329,592ae0e09040ceb4,b051fb5275bed4c7,False,-1
d41dff7a-4eb9-4c42-9796-58d8e98c956d,f5d91d50-ca67-4a68-aedd-8da3c715f30c,d4a96119e564b594,92aa6a826aac5b26,False,-1
c7d43dd3-bc89-4f09-a01b-9fc076ec2914,f5d91d50-ca67-4a68-aedd-8da3c715f30c,363c7653436f8f70,e0c69bf898d47b98,False,-1
