device_id,fingerprint_hash,device_type,os,browser
eac21e0f-87c6-47d9-86c3-45805f6066ee,b7404863b07727fc,desktop,iOS,App
085495b9-d8bd-48e6-b2c3-b9062cf183e2,e15c0355daffb3a6,desktop,macOS,Safari
aed9c38a-6e75-4f50-a1f2-0e4252460430,96b1d6862715a3d1,mobile,iOS,Safari
f477e17a-fa7e-4e52-ad50-a543851f707b,076654177b955c78,tablet,Linux,Firefox
923bad95-454e-4944-944b-d434bc7214bb,066b7f08c460e65d,tablet,macOS,App
d7f78b29-076f-4953-a5ca-032eab5bdf2a,5dd8219fc92135e5,desktop,Linux,Edge
5886f345-6844-4f5c-8d29-b371ce9653b4,f93b01c88bf7b89a,desktop,Android,Edge
6c45d631-9ae6-4664-921b-0c53c14ccdd9,b35302d9cc6e0f75,tablet,Linux,Safari
b01522b3-492f-415b-957e-f204c661d901,7ec7a2c538aea1da,desktop,macOS,App
9e4e81ad-565b-4b44-a267-8d729909960a,79cbb2a6474c319c,desktop,Linux,App
df2d8735-d44d-4817-b16d-a08803cf1ca6,1adc63a2414678d7,desktop,iOS,Firefox
9031dc91-447c-4701-b37c-b0d677f461bb,2acae77e803c1fa4,mobile,Linux,Firefox
a88a007c-8045-4a37-b7fe-429115f56e68,41728570ba37fbc4,mobile,Windows,Chrome
6c74adb6-c9fa-47dc-a3b4-c1132fe329bd,436f7e2265f48599,desktop,Android,Edge
96b3e69b-a66b-45c6-aa54-48e74d1e005d,841d927e7778a602,tablet,Windows,App
21431d8c-e5c1-4d91-88d6-63502970804f,51a010f363d12dcc,mobile,Android,Firefox
d3df3349-f131-40f7-b392-6273ddd5f858,464715ac22c50824,tablet,Linux,Firefox
dcb7b76d-311b-4973-bc98-950a5da61d41,ccefb281efe0f70f,tablet,iOS,Firefox
b2240a98-236d-4433-b9be-b7365f3a6efe,7abe4e70ebcd5f70,mobile,iOS,Chrome
2e29e565-6e27-4cb0-939b-721e81e84ad1,a605d0a196ff8738,desktop,Windows,Edge
12f3b67c-00e0-456c-8650-4fa982090aa0,75250b436542b8eb,mobile,Windows,Edge
1f47e41e-594e-4281-a94a-ebb83f915aa5,97aec341f51cc5c2,tablet,Android,App
da5e1b23-f3ca-40f7-93f7-381134f29c8d,653433cd9ba11a42,tablet,Linux,App
d821f7c5-d94d-48e3-badf-07706c5dca88,8093e3efd12270fc,desktop,Linux,Firefox
48349090-8f22-4d04-b82b-3d9793946773,f2ecdfbe7ef5a391,mobile,macOS,App
9733a512-5eea-46d9-bb2d-b56297a4d45b,f5e5313b7953546e,tablet,macOS,Firefox
43f4f9a2-312f-4287-8358-bbd54803872b,a585b34ffbd2ff9b,desktop,Windows,Edge
4e5737e6-4f16-4e6b-9fc4-6f0e3db0ee67,bc5fc685c2ce2006,tablet,Windows,Edge
397b1f2a-e41b-47ba-b213-4c16adb35ffe,2a9be379cbeb1a6e,tablet,Windows,App
ddc280f6-def8-46c6-9672-74e4e3963d5f,2a7a56765cc3511c,tablet,Android,Edge
5bb0f0ce-70be-4fe9-9358-22379c6e9184,45c3be63c030a763,tablet,Android,Chrome
b743a6c8-b98e-4eb9-9b5f-10375015f604,9a9b5793f311428f,mobile,iOS,Chrome
4906043b-6d28-4d87-a7b9-5cac45fdecee,e61cc541abc93f56,desktop,Windows,Firefox
eadacf9d-bc45-4e45-8492-071d9e06b6a2,f56f91d70be6f657,desktop,Android,Firefox
5512c65e-423f-4d3e-b67e-e6d171968274,24dc58f704f58b3d,desktop,Android,Edge
c63b90ba-ec3a-4e34-a035-4779bea16e7a,640931c42c640ff0,mobile,Linux,Firefox
ff1cc74b-4250-4ee2-8d6e-36df35f3527a,64fc4911eafdc7e7,desktop,iOS,Firefox
b6595368-4775-4721-9406-40e2203c6642,4368251bf893ef93,mobile,Windows,App
0dd75252-0296-4d90-ac14-b3daf712c8c5,8be1c21ae68dcbec,tablet,Windows,Safari
1606b493-bd6a-4d98-950b-c3ad8bf62fc4,850c6cd30b9a5ab9,tablet,macOS,Firefox
581bb74b-21e7-4022-8ba0-ec31c5bc3463,f7445a8bcfa77727,tablet,macOS,Firefox
40d92795-1062-4513-bc78-f1e1c228d81f,41a5207a44b93b31,tablet,iOS,Firefox
035c31e9-4088-44b1-9359-c6956be99fe5,35afe783a1e7dc7b,desktop,Linux,App
1122d452-ef3e-439c-aa20-e86c04e4bbbd,19927f52f06c432a,tablet,iOS,App
4d23846f-fc9f-4da0-9f80-872fd977df05,9a891ad31ba9c314,desktop,Linux,Firefox
59402f0b-b0e4-44ed-a5ed-78dd3e081859,da5d006808f6ee8b,mobile,Windows,Firefox
cdcf20c5-4e07-4bfe-8c87-f3a3ba0f1377,06843f001a41c91a,tablet,Android,Firefox
dbd2fefa-a37f-47ba-9f1d-05f49ec44c23,f74dac1d3040e00b,desktop,macOS,Chrome
a6201d8c-e111-4d99-be3b-a8e0b0e29920,18b3bc50f20920f5,mobile,Android,Firefox
17737378-c8c3-4b44-8ec7-f63aa2434b77,098ec30bad527f07,desktop,macOS,Safari
404b2e5b-ba27-4a02-a114-f3de1e9aabd7,27de4b97a1103b86,tablet,Android,Chrome
2287a845-60df-4124-97b7-da6d260786d2,3caf7d521c6e0d84,mobile,iOS,Chrome
5c65227c-0330-4637-86e1-aa91150f2c09,c538d7a46c25d2bd,desktop,macOS,Firefox
f1f40a49-aff8-4baa-9d09-dc2bb5f8356b,ab9f1ca50a6cdabb,mobile,Linux,Chrome
15c625e4-b5ca-45f0-b441-58d3cf165ae1,94ada639eed174c9,tablet,Windows,Edge
85433bf8-7f55-4ca2-9629-7d761cdf5778,ce2f50f0e94175c8,desktop,Android,Firefox
86e3daa7-5218-49f6-a6ae-f55facf74d60,897f03e8ef037d4d,mobile,iOS,Safari
17be5bc9-2a10-46ab-aa10-472384d0d85d,4cb6f7a912be0a55,mobile,Linux,Edge
177440da-1080-4460-9ae8-c8f557158725,103e575349ccac5c,desktop,macOS,Firefox
a080ec99-ee68-4fe3-8a4b-045843769ed1,c84c94496f072d97,tablet,Android,Edge
32be1fbc-0ff7-4065-9dba-1293db157e91,5e06a8af824a958f,tablet,iOS,Edge
4d4abf42-8273-4060-bcff-4deaee0e02e5,a9cb3e76b3d38201,desktop,iOS,Chrome
5f0a0d10-32d0-4de8-8cd3-abecbc97562e,78aaed5fd0c0c1bb,mobile,Android,Safari
f6e132f2-dc91-4c2b-b374-11032441dccb,05cb6eb30ab2b4b0,tablet,Linux,Firefox
0960f8f8-861c-4f86-8ace-116a81096605,802adc50a470b417,desktop,macOS,App
a0574032-febb-46f4-b637-f764e8d26774,aa093551c68b6ed0,tablet,Android,Chrome
f52683f8-d3dd-4e70-bf24-3aa1d302a427,bfda9fb2a03bc54f,mobile,macOS,Chrome
974dc9bb-80a7-429b-81a9-585682842bb6,79a2e7b88dfb2ae5,mobile,Windows,App
1529b85c-b69b-4e96-887c-bf1e45ac1e0a,49974dd59be93b80,tablet,Android,App
9de112e1-1bcb-422e-8806-503dae41d7dd,938444b3c7af84b7,tablet,Windows,Chrome
25c86835-e8fe-4418-966f-d86da574f2fe,71cf59a31baf86a1,desktop,Android,Firefox
9b381cbf-8b0c-4c4a-8afb-b42b7b14e673,02b11badda68639d,tablet,iOS,Edge
8cbff1df-3699-45dd-a701-26e9d490b58e,396adde2807b7a9c,tablet,Linux,Chrome
09355a67-8503-44ac-b8d0-5a9999c94885,7f0c18e2d4af2760,desktop,macOS,Safari
19c6d131-e34d-446a-949b-a3e40f6b46d5,28799e4d514df82c,tablet,Android,Safari
0848005c-64cb-45b5-ab79-e63e28169ace,586bfcd6b8d1dfe3,mobile,Linux,Edge
ba7e159a-8a5e-4466-ad33-0c156d5ff92d,a7519c26516c13c6,mobile,Windows,Safari
36cbe0eb-a16f-4e96-bf27-8414528a91e7,5afa5ef7d06a67a4,tablet,Linux,Firefox
042ad818-e24b-4d20-a235-b8e5bdaef50d,7c9bd55434275ef6,desktop,macOS,Safari
ebf25740-75de-4c4a-abb9-326868af2e17,b10c85ca8b0f6ac3,mobile,iOS,Edge
c6b9d1b1-5fd3-4a0c-b1da-193b4b2cde62,ccc8e431377ff0e3,tablet,Windows,Chrome
070fa123-f938-4d5d-8f52-91f6924e2594,67178419d7f50520,mobile,Windows,Safari
353ee3e2-6b21-401f-8d0d-c52d8b1bccf5,82f8a9a865853c46,tablet,macOS,Safari
9e7fcbfa-78ee-4af7-8940-5bac3c640efb,ed70a899aeb12fd3,mobile,iOS,App
66102d9c-6f56-4063-9f69-54fedfe79447,8c99fac9a4c83371,tablet,iOS,App
ee46b8c2-80cb-49fa-afd8-5ef26da5b695,3993a589771e74eb,tablet,iOS,Firefox
bf67f02a-5998-4a9a-ab5b-c9e569310860,06d3c9631b98839a,tablet,iOS,Chrome
3d67d707-f231-48ef-a1b5-13a5a3fa6b57,381880cfa6b7dc47,desktop,Android,Edge
d7ed87ea-2882-4f3b-bed7-47b06510a145,30acae3fbeedf387,desktop,Android,Firefox
f9ed98a8-4e4b-4c14-9a68-777a2129d016,d86c016daa8c7cb5,tablet,Linux,App
d720ecb1-3500-470f-953b-893224a7c61d,6dce0ba4aba4e6a3,mobile,Android,Safari
60e99ecc-c55b-46c9-a994-ab5e999f582e,80031482addbe008,tablet,Linux,App
f3aef8be-451e-4029-9fac-e246618d264d,e66d69a2970c914d,desktop,Android,App
ef14ca62-0e4e-4702-91b2-89332ae7f57b,b57831f7bb9fdfd0,desktop,macOS,Safari
0b1761c4-ff0d-48f8-9cb4-661ef9a23eb0,d0d8be3bfe9b1bf5,desktop,iOS,Edge
b7f7b33b-6027-4acd-ac58-0ecf1ffde450,7c7b7eaf56ad1541,desktop,Windows,Safari
c8bb22b2-2acb-494c-a212-cf55cfd02ff4,b1cc91ec0d8fbd6c,mobile,iOS,Safari
3ccfeac8-63ad-48dc-b690-694c175a4b28,3117554beaee36d6,mobile,Windows,Safari
f4a525d1-a2da-40d9-9d31-7603f1a8167b,f4716b563e017df3,mobile,Windows,Edge
858dd493-acd6-45e4-8768-04caa368fc7d,9727f94b6f53dce5,mobile,Windows,Safari
d814b788-655c-4063-8fe7-5e61408fc75c,559f4ba8f819f13e,desktop,iOS,Edge
b23f09df-a974-4867-9998-fe64845ea170,73b0357ecf1eec6f,tablet,Windows,Firefox
fc0d391a-b00a-4250-b151-0bab2a8ab7fd,b9b70e53d84361b0,desktop,Linux,Edge
dd0d33c8-2f2b-40d3-965a-977f0ea0b2ee,f969780d17a48a2d,desktop,Windows,App
55dea480-3c92-4f28-ab50-012e33dd7eae,912bd6e3b09c7b24,tablet,iOS,Chrome
85ec1d93-be23-4d31-bb64-2a828ea7cc18,6ee7f713390b171d,desktop,Android,App
6c85ddf9-80e2-41e2-8540-4b6c9103ff89,a3f00ff97c6e8f74,mobile,iOS,Chrome
3cdd7a51-ac0a-46ad-bc82-861fa6f4e3ef,ebf3b69dc4e1fd1a,tablet,Android,Firefox
841dd4dc-259b-4009-89df-7d66e63df052,d899a649be23f63a,desktop,Android,Safari
90ccf941-a142-4297-b66a-ca559553f923,93ffbe9f20044c5f,desktop,Linux,Edge
d5ced5c9-273f-4805-b592-8819cfada374,4f344d2d6b496627,desktop,Android,Edge
54963dcd-ee71-41c9-8507-5d69f5d041eb,beb7424d8d72fcbb,desktop,Windows,App
54db5e38-7790-4dd2-ba5d-cac27124e41e,5d4d6ea8a8681d96,mobile,Linux,Firefox
5fb67576-47f9-4492-84b6-2febcdee8b41,3ba56406673d572a,desktop,Linux,App
1d34c1ac-9852-42ad-a464-c55f99b5f900,0f8d025e2fbe16aa,tablet,Android,Safari
b1579b68-4919-488e-a4a5-012426daf83f,aaf489c8c21f4283,mobile,Android,Safari
0a35d65e-79e2-477f-b7cd-8d28fb10a9af,ece415ed2c161d65,desktop,iOS,Safari
00328232-8112-449a-8a4d-11601de68794,7007e1b6a2412f1f,mobile,Windows,Firefox
293b0877-ebce-48fd-a2b6-1be65bae9c2b,681f1b5049286599,desktop,Linux,Edge
9689018e-5040-482b-b7e0-8de0986ef784,427650eeef26f993,desktop,iOS,App
cba7196f-342a-4f64-b41d-c2675cdd3660,0452360862522758,tablet,Android,Safari
072596e1-cf3d-4280-817a-93f6d50babb0,44521846f479badc,mobile,iOS,Safari
d48e12fb-ea4a-4d97-9605-51781febd9dc,f4c3887f606f9329,mobile,Linux,App
b61e00e6-7505-455c-b394-7b7d35953be0,288e4ad44d2437fa,desktop,Android,Firefox
06492da7-3d76-467f-af67-197ad8feb4b7,17c9c677333ce852,tablet,iOS,Safari
5aa1e3e6-a951-473a-9044-5bbe873d9cf6,f4d800133cdf538a,tablet,Android,App
70592966-e9ca-43a9-95c0-5e00ac3a8d0b,ed82bcc6439eae6f,mobile,Android,Firefox
90b09053-2cf5-4f59-86ef-65afbb8eb308,b21c11be1572738c,mobile,Linux,App
557022de-78f7-4e5d-bd6d-8646206d0f7e,3c58c21b1101cdcf,tablet,Android,App
fa4f24cd-2a68-448c-8d1e-334dfa09e9cf,7ea0b7d619c49a22,mobile,iOS,App
ef6b1bbf-132e-4e4f-a584-3aadf6c0d9de,84ee0d1c2ecb3550,tablet,Linux,Firefox
238bf413-da42-4b58-b1dd-2e052251b499,8eaa7931a7f9c792,mobile,macOS,Edge
af2dd6f6-0df4-4ca8-8e51-141a8603b545,571f438d164938d1,tablet,Android,App
0e01e2f6-0451-4dd7-8316-f540fab75b51,9c3e43ac8e4b2efa,mobile,Windows,Safari
50b9615c-12c9-4b35-8d88-13ff551226e6,b49896f78aa05978,desktop,Linux,Chrome
6f2222db-bff3-450c-bfc5-ae9e6a61ea7d,5da27be12de970dc,desktop,Windows,Safari
53d83f39-0ea1-44e4-b4f8-7e12a3f5e433,c249c5c686a7a959,mobile,Windows,Edge
d1105e1e-a485-4aa1-8f15-89cd5b924e9b,4a5f78921365911b,desktop,Windows,Firefox
5cd9ed8d-42a5-454d-911f-5929d3195686,91d741750b0ff783,desktop,macOS,Chrome
1933c9a4-ce87-42a8-bb55-d33c7e1ca803,2a46539bbe972979,tablet,Android,Firefox
ed2f74c3-67c0-4198-9767-5250d5cefde2,e2b3073663fba3cd,tablet,Linux,Chrome
c6985bd0-de48-496e-b279-a87a10b49716,f1cb82863b6b8658,desktop,Linux,Firefox
d58a80b0-0cc9-457e-aed4-5a4d77c469db,6a7df11d15851357,desktop,Android,Firefox
3d7dd04f-6bef-4225-b5a9-894cdfffdb9d,9f501f8b87640923,desktop,Linux,Edge
e155bd4b-874d-4526-b6b1-9223e8ec2e85,85d0150e508932ad,desktop,Linux,Firefox
21940a25-135e-43f5-a252-636cb41a3f4d,a2b1eef3a0e42bc1,tablet,macOS,Firefox
fa3b6647-2a80-4fd9-be6a-55a9a1ffe3de,482935807418e309,mobile,iOS,Edge
adf547b4-f84f-4899-8845-35b4ed5bd550,da91b7d2e96e6609,mobile,Windows,Edge
eebc50cc-817d-4b7f-9852-b9b69a481c7e,bdb3f97f77b4f07c,desktop,Linux,App
8a4e5b65-a211-4260-ac7e-83212762da3b,90732d3fa12d81f9,mobile,Android,Safari
5386f18b-9bc5-4150-a741-eb6e85d5ff26,2dde8f7f971b85a6,mobile,Linux,Firefox
ae333836-fc30-4f4a-bc43-7e2810602fbe,dd3c909c83b98928,mobile,Linux,Safari
e1e9a83c-86b9-4aca-ab7b-0480c3d8d5fd,5686121180c69b4d,tablet,macOS,Firefox
d413210d-28a2-4f43-beef-825e5f3ba5ea,66d4644c95b8c576,tablet,iOS,Chrome
cfda756e-afdc-45a7-83a0-9db237216faa,6754fa35ce0cd223,tablet,Windows,Firefox
66c894b3-27a4-4755-b4c0-2cbc6271626b,f3e81b9120626448,desktop,Android,Chrome
66f602d6-2383-4f38-ae25-5452e70afc28,27f7b919f239aea6,tablet,Linux,Firefox
02c12f7d-5b02-429e-82f1-4ece0412bacc,f42799fc6b12969f,mobile,iOS,App
1372f855-581a-4f7d-9e42-d33ebcd7be89,87027309f4656ff9,tablet,Android,App
490e4087-65dc-43b0-a3f8-1408797d9009,4191ddf30c2d5c5a,desktop,macOS,Firefox
b7e351c6-e58c-4b4d-a3c4-9d8e479fd78b,57fa5d6ac98dd0e2,tablet,macOS,Chrome
a3026b58-d416-4b1d-b4b4-7384fd4afe95,8d48ea690a40df00,mobile,macOS,Safari
13fe8994-da7c-4b66-bc5c-ba933440fb35,8fbf91a55e0966dd,desktop,Android,Chrome
4e35a4c1-e53c-456d-b340-3a1ec5b12039,4d5145f4c7217d39,tablet,macOS,Edge
7e36464a-a834-46d9-99fe-2de27c66514f,ce2fed2df2a57a14,desktop,macOS,App
1a979ee0-9a31-4e0b-ae34-564dd06e8268,949f87623812d9f5,desktop,macOS,Firefox
1fb6534e-8ea8-4e54-8b7d-eba96b4da0da,de37dc323e12a142,mobile,Linux,Chrome
529a4f2b-ddb9-4f1b-9b62-8007d7c930b0,9da6c2a7f3d2bba4,desktop,iOS,Chrome
7cddef5b-8574-402e-838a-8387d5452c09,7d6e9fa034f33a97,mobile,iOS,App
bd929747-7551-4e9c-abe3-3c09ed526f99,bcd724effc4fcf68,mobile,Linux,Safari
06e06d0b-b36c-4260-b1cb-6986f7d88802,2c892f1f1f07a381,tablet,Windows,Chrome
5ab44762-09a3-4a56-b3d5-8652b35cb004,5d9c81ea8bf83106,desktop,Windows,Chrome
b8f51c02-660b-4cd6-b1ba-4a7e06958a83,20ec263a3b850fa1,desktop,iOS,Safari
59290269-0411-40e9-9a8e-f398057b0d8d,7c0807bceb2898d2,desktop,macOS,Edge
6e78a6b9-6914-4d83-8811-fea5e9b6c2a2,73d11e2df8dfb8f9,tablet,macOS,App
fa596229-ec99-49a8-b330-9d34a9dddaf7,dd49f07b37bd3ed9,mobile,Android,Safari
339602a6-a678-450f-932d-0b0e641ddb5a,2b1b5b3d2df765b8,desktop,Windows,Edge
afd6ca5d-f066-4c32-9c67-226041b32fde,376bf910d8a6369d,mobile,Linux,Chrome
4ecb4a12-f77b-4d13-9495-cb00ac00a750,bd7fa83b19bfcb86,desktop,iOS,Chrome
065ac687-1fb6-4289-9d77-d755d931534c,78929f177f1906b9,tablet,iOS,Chrome
e35bb359-32ff-422a-96ce-6bb58c081569,de7b5c10c57aba71,desktop,Linux,App
60167509-9599-4e04-8faf-794f2f42e5d1,0f6456023e4f954a,tablet,Android,Firefox
506e1155-775c-4843-b27f-5aec173e012c,eb95d1b5dd7dceff,desktop,iOS,App
c5aeaaf4-22f3-4d19-9deb-7ac2f737db34,5470b2da0cf17226,tablet,Windows,Chrome
92282d37-9edb-45f9-b3ea-31b8971dffb6,c89e207c5b9cbb7c,desktop,macOS,Chrome
a488cf79-2fac-4b3a-8d0e-56ff0ae253b7,52f8e4d3ec751550,mobile,Android,App
82f297c5-7046-44a0-8076-422ce325e367,adbe21d42bee5120,tablet,Windows,Chrome
dbbe7ee0-da36-42d5-885c-1e5884269955,a68adfc9024fbe58,tablet,Android,Chrome
dcc7400e-3fef-4203-947b-1d632deec52e,e14a3869eae6a314,mobile,macOS,Firefox
2e65ead7-af59-4392-9817-61705e8550cb,f9fe18cba1fa1eef,tablet,macOS,Edge
6498b650-f7a7-440e-8a81-05c0cb267395,3975ad55cd8398dd,mobile,Windows,Safari
bcc5c346-2aa4-4b2a-b649-7c2ac0846a58,36ed1de90ef92151,tablet,iOS,Firefox
084c6840-1831-48de-9719-8d0935512b92,7b3e187c1a89443e,tablet,Android,Edge
a3a5e2a6-462b-47fc-9bf6-8d33d25d5c68,3f69e5b741130c67,desktop,Linux,Firefox
9210eaf2-7c70-496e-8e1e-faa67293fef1,6e3ad3f676345ecc,tablet,macOS,Safari
d301dcea-2ebe-4ca6-a2f3-6a98fc6213c0,8d29fe456f49b13b,mobile,iOS,Chrome
c1d96e70-6f33-457f-958c-6e0b33687314,ee34d2b177f2904a,mobile,Windows,Firefox
6c9055d0-c9d5-463b-9227-548c817f25d6,764aa2befd8af821,mobile,macOS,App
a5559da9-2ba2-4981-b2c7-5e4b6d6a420e,39974e06a547898f,desktop,macOS,Edge
9e28c978-56c7-4ef0-a5fe-d68d3e5c21f0,e2d9bfcdef82fcb7,tablet,Windows,App
24b40c83-3b43-4019-96b9-d2d4cc372d45,5d83ffd79ee0acda,mobile,iOS,Chrome
47ada351-fe3a-4bd0-b466-e70a05e4bec1,310dfd0cde8cd69c,desktop,macOS,Chrome
912099c1-c86b-49db-8e86-c3556e1294a1,12c577cc07993efc,tablet,macOS,Firefox
9de1f05d-ff85-4c01-964f-f794d438d53a,5459bd17ea74b5cd,mobile,Windows,Chrome
7eb73102-842e-43e0-8859-a745f36a43a7,7db142944ef1b123,tablet,Android,Firefox
1913da71-df88-40d1-ba68-3bc041df4b81,074b257c081298fe,mobile,Windows,App
a6cef80a-4399-4e97-b626-c9b2a71fa353,436a18dffbd85db8,tablet,macOS,Safari
283cb365-7715-46af-a91a-dc8e1477159b,78b4116977e76f63,desktop,Linux,Firefox
36c92bd1-9d76-40fd-9e6e-2100cfba5a15,f3406fb9a83fc385,desktop,Windows,Edge
a196be1d-48a5-4120-983b-92451de16659,0c27b4308d27f7ca,mobile,iOS,Chrome
8d01a3a2-3ffb-42b1-99a9-3bc448863509,1d396990c93a5f7b,desktop,Windows,App
0bee4ffa-7df8-460c-bf02-f0827f449ae7,cb973a415800a3c2,tablet,Android,Safari
4808bb1d-ad30-43ab-bf40-3c9ac928538d,9c29a8f47e5adf21,mobile,Android,App
0fa1a54d-f6b1-4bd2-b9d1-e08c78600ce4,4d452e64bf2d4f0d,tablet,macOS,Edge
5a4e959a-def9-4388-952b-b2df1fff375d,3367cbffca0d9af4,desktop,Linux,Chrome
86209928-7517-43db-bf83-54d890cf2f31,c63976c4a12da9de,tablet,Linux,Edge
7dad4049-3bf0-4bd6-b041-819ec32d596a,a76adffb6782cf9d,desktop,Windows,Chrome
36dddf61-0326-4d76-8601-5f21aaf47d6c,173d4bf0ba1f9fc5,desktop,Android,Firefox
c2ffd59e-ba81-4420-8085-086f8f11d600,541f07543b44c4bf,mobile,Linux,App
8e413413-f80e-43ba-b84c-665661520ff1,c2f49043569c26f3,desktop,Windows,App
09f761e1-e078-4353-9d5e-e51095a890f9,604319ec10f6ec1f,mobile,iOS,App
6f0dd9fb-edee-4f35-a3e5-caef03243ab9,ff6b7ccc2002e38a,desktop,Linux,Firefox
18c8e313-71d6-45ba-be75-4654b76f9eea,1c2e456b0b04064c,mobile,macOS,Firefox
34aa105d-8293-4a12-bc30-571e6cb6ffef,13925965f5f1a999,desktop,macOS,Safari
eabc9eaa-e91d-46bb-883a-8dc4db2be21a,5ce697754cfeaed3,desktop,iOS,App
c15509e7-0e70-499a-b3a5-a13cf781ea19,17e359be078110d8,mobile,Linux,Firefox
f4f61067-9f7d-4d6b-b405-ed8e9012e6e6,3508c88573b56e86,tablet,Windows,Edge
16a425fc-4844-4169-a99c-bffb134bfdef,109515fa7d8aa13b,desktop,Windows,Safari
3ba1c957-9ec7-4b88-a9fa-5cbbe823b92a,878c799d6c6aa5ec,tablet,macOS,Edge
a70554da-f14f-4a07-8a06-2837942307f0,4e36d747d9f785c0,mobile,macOS,Safari
00374803-0731-412a-b20b-7e2916aa0f13,9512b1c8fd0ee323,mobile,Android,Edge
2e509cca-a19e-42bf-aa03-88c7a2954e31,38899187f2eca191,desktop,iOS,Chrome
3e099f7c-f90b-4f85-834f-9192a4d9e959,c40a98da7fd87090,mobile,iOS,Chrome
dfb20a21-55e4-4ccb-8ddd-d2c0687483e1,fc01ad9036977477,mobile,Linux,Safari
82eb80fa-17d9-4ff8-89ea-61196fb36ffa,185ff0ceec0846b7,desktop,macOS,Firefox
c43d7c5d-328a-4662-af90-5ae14f73d055,815f851dab177590,mobile,iOS,Edge
00c1f8a0-1ac0-4230-b43e-7bee70e748d6,b0649a5c64254fb5,tablet,macOS,Safari
6a8c71d5-2619-4072-9424-669150d3ff4d,c21c6977ddd2d218,mobile,macOS,Chrome
9cd3a3a6-043d-46eb-9b6a-b6f042a7c5f1,86bc685bf5e7f874,mobile,iOS,Safari
15b20a11-4c3f-4e8a-a933-180df471ec15,4eaf5029b5407500,desktop,Windows,Firefox
b4b149c0-695b-4541-ad4d-1421aaa3fac6,8756b57afd6c85e5,tablet,Linux,Firefox
8b3ef770-4153-445a-a5ec-b46f2f983995,b0b6a9deb1e24c24,mobile,Windows,Edge
bdba97c9-227f-4214-872c-969512425507,26c27ddce6e5aff1,mobile,Android,Safari
9d9b869a-8546-4558-a836-2be589a557a0,14791412dbc454aa,tablet,macOS,Edge
6a191676-33c4-4527-9653-fd4b29f7e50d,d899914ec7cc508e,tablet,Windows,Edge
fa1c6dfd-00df-458e-9843-896237141a0c,99ff703fd13154de,desktop,Windows,Edge
a76787ec-cedd-4679-a200-7771f3d5d35f,d3184fd6da004da8,desktop,macOS,Firefox
39cd7817-519c-4e7e-b1a5-503b82ea52ba,89fef5753567f44d,desktop,Linux,App
67bc32f2-0689-4032-8fbf-2a64c60f16f6,dedea1680fbd7ce0,desktop,iOS,Safari
adc1cd5e-4f6b-4b19-9958-97235c900398,3b9e02063f97b52b,desktop,Windows,Edge
0a2974d3-e583-4d58-b764-7df566612b7e,f5ef5320ce2cca4e,mobile,Android,Chrome
c271d7cd-f64b-4853-bbf6-b6c636bc7883,92429c7647b3d8d0,mobile,macOS,Chrome
49df887a-1bd5-474c-b774-99305e18b892,d8ba92bbbe63d211,mobile,Windows,App
34a50318-67a7-41b4-9fde-02c01ac693c4,f608fa4fb84e33b2,tablet,iOS,Firefox
4d3fa3bc-a4c0-453b-9e2d-23bf9d8726ac,54b4c5032ffb2b6e,desktop,macOS,Edge
4c3fd3b7-2152-4fcd-aebd-309d35413341,343e2c1340054474,desktop,Windows,Edge
2caaea90-3d68-4482-bf0e-2c986454b5ad,50de164be5cdf107,desktop,Windows,Edge
7b891550-6571-4994-bb4f-f8542e92859a,a5bf912a27aadb7b,tablet,Windows,Safari
a1c2738f-5165-4655-bebf-f23ff7997953,3c3065ffec0579cd,mobile,iOS,Chrome
30799181-d177-4c59-a09c-c114f943e489,228b1acd4aab3b55,mobile,Android,Chrome
ca43bdb0-8ecb-46ef-9ed9-d514567729b5,a5e6db12c42a4332,mobile,Linux,App
6a394120-43f8-4085-a51d-397230a7a6e7,ee6adb5ee0215a72,desktop,Android,Safari
a2fc120a-8f00-495e-a125-1ae6f290ea9a,19bc5b7370d56480,tablet,iOS,Firefox
861d59d1-3794-484d-94a1-04e7c0af4cf7,f419d6bad24a5611,desktop,macOS,Firefox
ef2eb860-f9d4-46de-9032-6960c298d40a,a31c90bbe0a2ae70,desktop,Android,Chrome
c235b376-4d2a-40e4-bb3e-c5ecd9dd7ac2,df2d96e49ab2a626,tablet,macOS,Firefox
86351dd8-7d19-42d5-a26f-c209a7b4a30a,2a85ac8ec1abd322,mobile,macOS,Chrome
8d874ca2-c1bf-4a71-bdd1-833f55f584d3,67359cfe6f0b167d,desktop,macOS,Chrome
6b640358-3482-495a-809d-24b65d8eeb6d,4e26e372b4628caf,desktop,iOS,Chrome
8e986aba-7506-4f28-b9e4-f9788c78e801,a7a9be12ab307bd9,desktop,Android,App
1e4849a7-de88-4006-9bd5-906921b62776,04d02cdd5d3095e4,tablet,Linux,Firefox
3e052dae-5f05-4fb5-acb6-0ebb7700a94f,4104455fedc311b1,mobile,iOS,App
af749c95-0888-428c-a040-9678612267b6,da9c5ca456b2a30a,tablet,Linux,Firefox
10783773-ae51-4593-aa58-b1da3859acfd,9512b2246cd78ed0,mobile,Android,Safari
cdc64f37-5857-482b-8f06-f36679a31272,97349ae675187f8a,desktop,Android,Edge
7ea399c9-5c02-42c7-8cff-c7fcb47891e1,f9443fd1cc9fb9a5,desktop,macOS,App
e58160da-60f8-478c-8d13-285129257303,0312d3de257325af,tablet,Linux,Firefox
87bedc7f-a856-4fac-bfdc-28db4b3c0933,fa109c623194cc67,desktop,Linux,Chrome
6e75f3e7-5e3b-44b1-86d0-20690497a6eb,35b5dcfdc584390f,mobile,macOS,Safari
01c6798b-2ee5-4414-8a15-c86f235fd868,ee851f652dd67e46,mobile,iOS,App
4e878d6e-9aa7-478a-beeb-a8629bd21798,ab107267fa29e54c,desktop,Linux,Firefox
4e8532b9-61a5-40ba-8c69-0d8ddc8e40fa,8a046fadb1cbcb61,tablet,macOS,App
e60df1e6-e61d-48e6-bf50-9c1cfad72f66,2680e5ed7eb48b77,mobile,Android,Firefox
4bdba82b-731b-4458-a701-148103d90963,05513fa3518225a8,tablet,Android,Chrome
b9185d30-4ea2-4de4-9ffe-5833e7d0ed4a,c416041460be76ba,desktop,Linux,App
0b3cccda-2de5-44c3-8d09-9daae097e9dc,6f6b2c658c2f79f7,mobile,iOS,Edge
8fb34de2-ae49-4e3f-9678-241f698fa3e7,ff41886dd5edd658,mobile,macOS,Edge
a1151e66-48ff-4364-9402-fdceeb243971,fef804e4259ac3aa,desktop,Android,App
6d380529-a3e0-496e-9569-3cc898cd801b,7733aaf51a2deee5,mobile,iOS,Chrome
2c53d88a-9170-4091-9762-1c49fdd47cbb,e955a48c3f6831ff,mobile,iOS,App
84ac6559-17e1-4207-9f31-6013f74b795f,8254233eeb40d465,desktop,iOS,Safari
98a9dc2b-0293-4895-b5b3-f7b7367bf782,077b1f30702f2ba5,tablet,macOS,App
7ac44182-2438-4abc-ad41-4f004a529636,fb54ca36a5fc8644,mobile,Linux,Chrome
6a4950bb-f6c8-4718-a34f-73a0599bb6f2,46d8999edf2f5d98,mobile,Linux,Firefox
e8e95b15-3fcf-40d3-ab6e-c53f763c9148,ba752df45aaaeaf7,mobile,macOS,Edge
e7c4ac9f-0198-499b-82e4-8d7d2af043a3,78a9988f65765168,desktop,iOS,Chrome
726694ee-4fdc-4000-9d4e-bd0d4d50915d,1877d2fc286a8e34,tablet,Linux,Chrome
11ab3a4b-6c6b-41b4-8e10-456a60a52a76,059d4d27e734e73e,tablet,Windows,App
d7d0b253-5e8c-4fa1-9d90-4f8ac9032430,2c9b23df0d09972d,tablet,Windows,Chrome
96a635f0-eb61-47da-830c-c0e5c08fd8b2,f6a4784454603026,tablet,macOS,Edge
0ddb037a-8c51-4b32-adc1-870f7fe0ee48,31ed0f52c7230751,mobile,macOS,App
9742b703-78f8-4237-abdb-2ff07a95f573,1562a6f4c95b6667,mobile,Linux,Edge
df69f8d3-ee72-4e46-b260-a74b1a8c7532,25b81b20cc2d72b9,desktop,Windows,Firefox
7d999681-38b9-44cb-a1de-e6c22ded89b6,080cfb5027a6e43e,tablet,macOS,Firefox
4f641246-e9df-4e00-a080-93079ec4f495,3b4171e5ce509f46,tablet,macOS,Edge
8bd93301-8aa3-4453-9724-01acac39ca78,a9b167afa46958c5,mobile,iOS,Firefox
f952e4b0-360f-4f74-b4b7-fd68bdbe4c23,face97c9194e367d,mobile,iOS,Firefox
8ea59ecd-3900-4cd4-992c-bc38a15cd990,9d20f0fb3dd2c545,mobile,macOS,Chrome
5d3d9cf4-fae0-4085-82b9-075732d8a2fc,fbee4d6a0f0e392c,mobile,Android,Edge
2cd18c2b-e91d-43f2-ba0b-9d85dc149a06,fdbc04aaa495ee16,desktop,iOS,Edge
1f588e9b-6172-4adb-9b14-7728c45ae205,c1f552f8f005ab3b,desktop,macOS,Edge
8f7148d0-2c2e-41c3-9944-a4cfe284c4c5,972a0a1af9f3d2a5,desktop,Linux,Chrome
5ded33f0-1eb1-4eb9-9b59-fbe35cb36fa6,1520cb1ae1fd5201,mobile,Windows,Edge
eae97131-dbf7-480d-ac09-6fa712bbe6a0,5de517cba699662a,tablet,iOS,Edge
464721f6-1047-48c1-9fcd-4275347bdafd,750f8180d2d0d098,desktop,Windows,Chrome
640b7d37-1a95-4a54-b7b5-bbc4887a4ce6,57b4bbcb5902ffc6,tablet,macOS,App
68420499-ad13-435f-bff3-8f5cd8bbcda0,6edfca99c2ebcc45,tablet,Windows,Firefox
fdb4daea-2056-43f0-9e0e-8350cbc81686,25afe7a8325d9cce,mobile,Android,Firefox
31fc7278-1532-4a42-8acc-afe3f74d0019,f1b8069da1ceb80b,mobile,Windows,Edge
0ab36d8d-3b75-4feb-8d29-ad785a4753c5,a85337e55dca83eb,tablet,Windows,Firefox
86c7c9d9-48c3-4c80-b9a6-98e3a0ecad17,36fb29084a1f5224,desktop,macOS,Firefox
51e9c947-d283-4636-99ad-8893df601ba7,20a31a8355260b4e,mobile,Linux,Safari
71b6228e-9256-4d58-a1b1-987eca073ae7,864d2b0ca8c9824d,desktop,Linux,App
2556da02-b92f-44b7-87c4-472a57f5e140,0ac1f0ff0ce32c7e,desktop,macOS,App
042d55ea-8131-4be3-9639-92751dd71137,424605768e29abc7,tablet,iOS,Chrome
fc409364-4921-4c5a-aca7-eaa96c0d6238,13ed6586a630ef46,mobile,Windows,Edge
cb8cd66c-8130-47aa-aebc-1a90749a1ff6,7315fd4fc10cb9ab,tablet,Android,Chrome
44b1e4d7-6eea-4cbc-963b-39b703370a35,73d9f5e7baf86aea,tablet,Linux,Safari
824d96a4-1a17-42bd-bf32-a56b6f2a695e,28c5a8dd18c25166,mobile,Linux,App
117b3e75-d229-4aad-a2a6-e60747cc8146,0bdcf147c72885a4,mobile,Linux,Chrome
d6ed9308-6f32-4081-aaf9-dcdbeebc29a8,2b0736dd699f02db,desktop,iOS,Safari
5c6c715a-374f-4e4e-9d35-abcc19601bbd,da804ba94fd10dc2,mobile,iOS,Safari
506654e2-c1da-44e1-b14c-a66f5a0598b6,584c24311c55e198,mobile,Linux,Edge
582d0c4a-3f6c-494c-909a-064bf9105bfc,1d7fbdc2fd4b4d67,desktop,Windows,Firefox
9eb0c47b-03a9-49c4-9ec5-a93ca6745dde,fb1d5b8854d57b5f,tablet,macOS,Firefox
50595a79-c16e-4292-b3dd-23d107ffedfd,49c8dc9eb7ca35d7,tablet,Windows,App
721000af-bdf7-4b89-94a8-952e4ee61c13,23a53b9e2f4cfe2b,mobile,Windows,Firefox
a77322d1-dc24-4682-bdd2-fe467f179c51,fd54c9a6d1204412,tablet,macOS,Edge
8ed7b6e0-bbfc-441a-b69e-33734d274e76,840e48a0c3c9b6bb,mobile,Linux,Chrome
c081a535-9d6b-40b5-85bf-d57f54f8a740,11fbd48f51f71f1a,tablet,iOS,Safari
a32156ba-6eb3-48b5-9f2d-3fdd8d2e5d8e,bfea282d751268c6,tablet,Linux,App
7581ad3e-34a2-4e85-8b26-4f8f12813750,de877348387f9354,tablet,iOS,App
f4871e4c-d91e-4721-8be1-f8981917d48b,340fadde16eeb65c,mobile,Windows,Edge
438d26d4-2e87-49c1-936a-5987b1c6257b,7c5fc3906dccec3e,tablet,Linux,Safari
8b7a309f-47a6-4240-9b2a-588af13327b2,0a3266b32b2ad875,mobile,Linux,Chrome
d549b4ff-7622-4f64-896d-c0921c2c6acf,f7d30bd01cfaf041,desktop,Linux,App
23ea1432-b630-4aaa-aca0-30c99bec482b,21f7fa4259b09865,desktop,iOS,Edge
78724f18-df02-4426-b661-3423b698748f,e1fa246391c0b3cb,mobile,Linux,Safari
69d14a8c-cbad-4d0b-8d2c-c166f9189deb,d5e513d79426f6dd,mobile,Linux,Firefox
57b47a4d-dd54-4d89-96ef-120200a7c6a3,4782f291cce2369f,tablet,Linux,Edge
d4678c6b-45ec-4c12-8e3d-a3c2d1541a10,4a7c147344872eb7,desktop,Android,Firefox
17785086-ec37-41ea-8dd7-7bc857799caa,362e8c3dafb598e3,desktop,macOS,App
6a007f6b-a4b1-4f72-b976-00bf2cd29caa,93bdd42f157d57a6,desktop,Linux,Chrome
c1e2abd1-4008-4bfc-9fef-f138a594622a,a49db14bf48a99d1,desktop,macOS,Safari
e9aa4167-686c-4b18-bf35-12a616eff822,b4bf71266ec80efc,tablet,iOS,Chrome
8838706c-1196-4166-ad89-4ad0c252a4b8,aa8099aab9a55483,mobile,macOS,Edge
dfb3d31b-112d-406c-bbdc-6b7713d6c7f2,0f48976a8c3b27cb,tablet,Android,Edge
4276f8d1-8cff-4d1f-8920-ae975d3dc7b3,ae8658eb752ba7f4,tablet,Windows,App
e28ebce9-01cc-4936-b43a-28d33459833e,2202a0b7b3cd4a0f,desktop,macOS,Firefox
43af75b0-687f-4150-bc93-fba50ad0ea96,78ac72b093f9ede9,mobile,Windows,Chrome
a15a8c49-85c9-4210-be92-38a13ea626e6,b3d3c963b8a2f1b6,mobile,macOS,Firefox
444595bf-ec8b-40aa-a259-883dda3409b3,44be017f5e42769a,tablet,iOS,Chrome
e65bb4e6-3100-4ee0-b229-a319f12f3156,872d3235d50c6067,tablet,macOS,Edge
284fcbf9-bf8e-40ea-a612-16c85f724d90,34eb23287d446935,mobile,macOS,Edge
eb4b56a5-7694-4af2-82bb-725e1deda3f4,2b5720592df8634a,mobile,macOS,App
4a234090-f049-4107-8188-15f860173237,8deaa887561634e4,mobile,iOS,Safari
4e9d70d4-5458-4f5e-abef-903c76ee3bbf,c2132a768c68d751,mobile,iOS,Safari
0c942af1-6291-439d-b7bf-157cfbf258a0,913c9bfc7fa490aa,tablet,iOS,Chrome
cab2b90b-1478-4d3c-82a2-56ab0115b57c,cb9bbb10c6516da5,tablet,Windows,Firefox
e0d5f664-0ae3-4981-85b2-a6b59ff2f28b,78a276e2729aa654,mobile,Windows,Firefox
0a4d7095-315c-4555-9562-4589914cc4c4,991a9e6f9e8d90b1,tablet,iOS,Edge
5a03845b-be6d-46e9-b79b-27568cefe463,b3d381ffbd20f728,mobile,Windows,Edge
d4e7254c-4898-4f6f-9104-c5b188307043,58e41aa05453708b,desktop,iOS,Chrome
24a33149-430c-44c3-96eb-3578f7a2b74b,88632b00742aa272,desktop,iOS,Safari
765f63e6-a3e5-4ea4-93f5-2f0aa0988d07,6a5ae64ce7cc780c,tablet,macOS,Firefox
ee3d48af-7ae7-43f8-9515-fe9e07f15519,4c2367b2a7061424,tablet,Linux,Safari
858b3aa8-7f03-4dfd-88c9-c4a12db05d5c,0bf88c8c7ad2af59,mobile,iOS,Chrome
37c2127a-b275-48bf-a573-46f7d9e07280,8c049ae4047b66e7,mobile,Linux,App
fa142335-ee71-47a2-8b97-301b6247b9e7,06a67d08e305bdd5,mobile,Windows,Edge
0f3e435d-d116-479e-92ec-1b9a63ba635d,a8c8a3e67e983040,mobile,Android,Firefox
baa1a903-be3a-43c0-a16e-ad748f3fdbd2,030d767f8db05db3,tablet,iOS,Safari
223b02d9-58a4-4b22-9eeb-6c93faf14b56,426100b0c8340677,tablet,Android,App
25109a75-1e1c-4d88-be37-8d5d4b94734b,b98583c73cf91011,mobile,Android,Chrome
a676b3f5-d830-4ab2-a3c8-d777d70c48fa,01e20c9f026dde92,tablet,iOS,Firefox
be3d5f04-ba83-4f75-8e31-557e761a1c84,27647a359abc45ad,desktop,Windows,App
68b2886c-7489-4f1b-955a-996efbb2655e,9ef6b83856761ccb,desktop,macOS,App
b2a2d18f-7705-4597-add1-8b8e2f0dba49,f9b7da003513df9c,desktop,Android,Safari
6e1093cf-e4fe-49ae-bd6b-6d1e9cabba49,675de0cf43f1e4aa,mobile,Linux,Edge
90f91120-9d91-431f-8f76-491500d8fab5,d13c1c6786aaffc7,tablet,iOS,Chrome
06e94ef4-be17-4ba0-9b51-82fdcd038399,e22cc5057470fed2,mobile,Android,Chrome
01dfc961-ad8d-4a2b-8f59-f86b118edc63,b9dacbfe9a2ef026,mobile,macOS,Safari
5022be15-b05f-4f74-b14d-9a8cf1627915,f7a938e9ffe86696,mobile,macOS,App
52bc4e3f-0da5-4fdc-9340-a28cdd18d222,c2e03bf793cea2e2,mobile,macOS,Edge
662765c5-05e2-46a6-a7f3-843dbc32644f,acf39ef8060d1107,mobile,Android,Firefox
d5af180c-6808-461c-998b-527371177ae6,24267c57e648aeb1,mobile,Android,Safari
9b807ae6-ef49-4ecb-a283-99fe9aa76f2c,f2841b832a011822,tablet,iOS,Chrome
1a1bdfec-b9ab-47bc-9793-2a2df50fffb2,62495c1d7d0551b9,tablet,Windows,Safari
02b30195-3af8-46b0-bdc5-af50681e4473,c2974529ac3d1fc3,mobile,Linux,Chrome
42c2a7ea-aae5-4484-b95d-667f92540e70,28e4bcfb4ede68a5,mobile,iOS,Chrome
5eb68eef-2590-403c-bde9-785f69b05ae6,51c557d34c8b1886,desktop,Android,Edge
ef9da3d4-17a0-4a80-8394-d902c9088625,bc829a148d5e3dad,tablet,Linux,Chrome
fa3f180f-763d-49c9-8092-2e1b309bd1be,b7028a82bd5525ff,tablet,Android,Chrome
95819055-9d87-464b-a201-f6dfe4a37fea,be7f5cc261bc5d9b,tablet,Android,Firefox
796499a1-d099-423f-96c4-fe6521f27b60,d0ffd47b139cef14,desktop,Windows,Safari
d5d7ef7b-76bf-4a72-9294-a4aad8d18376,0e000455f945509e,desktop,Windows,Firefox
1e3e3a67-ac32-45f7-96a1-9eb2dc1c2ee1,9412b8f65e4da48f,mobile,macOS,Chrome
6e1eaa6c-f0c3-4778-a765-7f7268d59811,bcab68528c67a9f5,tablet,Linux,Safari
44ce7942-f0cb-4eaa-8bd0-fb721066dd85,1d9d8b335de33f1c,tablet,Linux,Firefox
225a0b7d-6925-49aa-87c6-daf719eeebbf,033d8ae9a76b1f05,mobile,iOS,Edge
2fd4f0b3-22d7-4a9d-9277-73f75eea91e8,116b2fda0e3ed381,tablet,Linux,Firefox
73658578-a6d5-4e2c-b43b-3941a63ae086,f17654199d672bdb,mobile,macOS,Firefox
91a70cf5-5dac-471d-8fe2-24852234bf39,e0c90fcd467e9239,tablet,Android,Firefox
15517ee5-f696-4b3a-8957-95460facd87c,fc747c53396dd1d7,tablet,Linux,Safari
eba6a4f7-4da2-49f7-89a5-809162c61048,a82935e2247dd9e8,mobile,Android,Safari
49d85177-aa4b-47f6-878a-90d4db7ba3c2,53904fc474f5040a,desktop,Windows,Firefox
939b5eae-b8e4-4ae8-8025-374ecedd682c,009fa0343854768f,mobile,macOS,Chrome
2d1deff7-413a-4e4a-acd1-30f89608a82f,133cb30d2308b65a,desktop,iOS,Edge
c11f9eaf-75de-467a-86d5-01825815d03f,92e584908b7e8a98,tablet,iOS,Edge
31898b80-3fcb-48bb-9484-1c7cdc9d2c16,9ce35dcb72122fc3,mobile,Windows,Safari
e54a6548-58f5-4eca-87d3-2f99479f8da6,ef6fee377223585d,desktop,Linux,Safari
1fcc6e2f-e284-42fe-91c6-b0e24031c98a,bc9c3d3c6c3c62a9,tablet,iOS,Safari
cfe546c3-4fd9-47ad-8001-2519b704a5c3,fd4709e69d45de02,mobile,macOS,Edge
4dd4c152-c9e9-4286-aae4-771510d497e0,f85fa9e13916a44b,mobile,Windows,Edge
b501bd19-7eb1-46ae-ac8b-1229229a9297,eb949455ef9ad808,desktop,Android,Chrome
ca80125d-8867-4984-9654-d47da93bb286,ada518cdfe477cac,desktop,macOS,Firefox
8f1df13e-9614-4e0e-b6c6-58e1742be5dd,e5dc5e1b347abc6f,desktop,Linux,Chrome
b4fc73a4-8e41-48ae-bbda-157422209937,b3a0a85aa88f5a73,mobile,Windows,Firefox
55556224-20f6-43ac-8cfe-d223493fbae1,1162417e273259a1,tablet,Android,Safari
82b2f314-4d6c-464b-9554-62b7fa88a947,8ecf2acd91aaa683,desktop,Android,Safari
fdb5aca6-d405-42fc-8377-dd965e5ec405,315be51d7a3b24a8,mobile,Windows,Firefox
a761e935-e101-4991-89fa-2678e0987098,697cd69074760ed8,tablet,Windows,Safari
0d745b67-1bba-4b7f-889c-2ae20f4b7204,554d67e5c6e35ebb,tablet,Windows,Safari
1f2fc075-7701-498e-a0ce-7cb2442b0b7f,6291c916809c4a4b,desktop,iOS,Edge
82d2aeb9-d839-4c96-8e02-c78e1c88b15d,734119434ac523d5,mobile,Windows,App
c4cc9f85-733c-4678-bfd9-73bb72143aa6,aae75d7292800e2a,desktop,iOS,Chrome
86e7a243-20f0-4d3f-9148-2deadb1c7c4a,e75d58c86e1d9dab,desktop,macOS,Safari
a7db0ec9-0ddc-4d83-89e0-5d3795e49306,9a333f114a7fba3e,mobile,macOS,App
ccdfc26b-b158-4539-8abb-b98c7ccd0f30,17d5fd3cfcfcbd30,desktop,macOS,Firefox
f2153d74-d818-43b6-b7cc-dcbdd47588f3,2497ad822cbbf61b,tablet,Android,Safari
28430f3f-8789-4721-b04d-8a6fbd727085,6a5fe62af397e194,mobile,Linux,Firefox
799fb67a-e508-46f0-a479-a8c40963295d,fb09d528186fda3b,tablet,Android,Chrome
8f8c911c-aed7-4972-b5c3-d026973d9531,f8956a3ad526b64e,mobile,Linux,Chrome
426943af-9d5b-4202-a017-78494d33991d,41c5f61ecaccaa31,tablet,Android,Edge
e616c57e-865b-4ec9-8bff-81e33529f9d8,9288102d815b1892,desktop,Windows,Firefox
8a8a6c16-b36b-4a70-9952-71bda50f8b83,5b78347b623bb29d,mobile,Android,Edge
c745139e-7bfb-48d7-84e9-06cdfe6cf10a,e62693e2063f58a9,tablet,Android,Safari
43490a70-5ae4-487b-9bd8-816568d61724,d1f5eab6a52d201b,mobile,macOS,App
a1e73a86-74a5-493d-ab8f-31f1d555559e,34b7779175ca63c1,desktop,macOS,Firefox
09d39c33-4d38-4ef8-aede-c077470f4566,166f35583269d804,mobile,Android,Edge
b9573c8d-8eae-490f-994b-e3301187bf20,ea4f5d7e561263b2,tablet,Linux,Chrome
18573988-0499-4bf7-8b0c-99318589bdb2,38d1723e07ab8086,tablet,iOS,Chrome
f29fa14f-b42e-4556-9237-97f0535ca40c,0310cc732b013a0a,tablet,iOS,Edge
be2ea87d-15c6-4bd8-83ae-fc0c46ab8333,2d176cf61977437b,desktop,iOS,App
43b96b87-606b-4d82-965c-8fe5f9631235,80eedc6b0351a07c,desktop,Windows,App
b3c9c22e-5072-4111-b31d-abb8df107111,fc60bd98e9050268,desktop,Android,Safari
554427ce-8fab-4138-84e1-2c98cd7aa2db,c4a3907e8be58920,tablet,Windows,Chrome
893994df-8db7-457e-a619-40a5be0a182a,31688b2bc04599da,tablet,iOS,App
475165e3-1324-4f2f-a971-47fd23076e1a,2559f219cb5de95d,mobile,Android,Edge
05843d94-e96d-4838-9e55-7029032e4c79,ecfb62e3aa9a1cc5,desktop,iOS,Safari
8b293a5c-a242-4607-8464-613768863c8d,b1be7abf48b91285,mobile,macOS,Edge
977da4ac-c65e-4bad-9d45-a2894af0b166,1e3b0f84def95223,mobile,macOS,App
59435bfd-9334-4889-9ad6-048552c8af4f,2227b917d8629825,tablet,iOS,Safari
ccf423a1-f433-4964-92d3-bc0c3ad45a47,dd2ae921b06fb122,mobile,iOS,Edge
896299cf-63a8-4513-abe4-ee444734a1ca,2efaf5e5de3a0a53,tablet,macOS,Edge
58f9e57e-ad0f-418c-80bd-91387ebaf8ea,3f9d2926d849bb4d,desktop,macOS,Firefox
e47401b2-92de-41cb-a668-393ab391a4c1,d0e441cc289c5a14,mobile,Linux,Edge
a8878606-9671-4d4a-b21a-772941cab412,312c592e26d73ba4,desktop,Linux,Safari
7f980de7-0c4a-4bac-8664-6e8070ab3fe3,099c7850184a13b2,desktop,Linux,App
d172bbff-c931-48a6-8307-9d85d4f007ce,9ceda5287284198c,tablet,Linux,App
83c5d056-4791-4a72-821b-dde215987175,64cf2ebe911d440c,desktop,Windows,App
b10fac36-9d82-4172-b0c9-b774625ab778,26de0f49a66427fb,tablet,iOS,Edge
c7e9d253-6577-4d4e-b039-a9178e975330,38e06c70ea81e6e0,tablet,iOS,Chrome
12e8f247-52bf-4b0a-9ec9-a52e0b1581ff,f2e92c0ef8037034,tablet,iOS,Safari
ea27d915-085f-4a71-a458-0bbd48798166,6d78b450a0bc722b,desktop,macOS,Firefox
ce3c674b-de0e-4524-8ec4-7d295d7cb1a2,18a32adbb271391a,mobile,macOS,App
ca5ebfb8-69e4-47db-b24e-92b4affd65d6,14285d8c1117092c,desktop,Linux,Firefox
bc27668a-3363-4f47-bff9-fdf0b76ab800,ecc80df5c9bd5679,mobile,Android,Firefox
3ce24a56-ce92-4b7a-8441-556a26625d11,2c89bdab1800dda2,desktop,Windows,Chrome
149e383f-240e-4d86-af37-34064e15e956,dc75ccd2d4d4bf92,tablet,iOS,Edge
df496114-4d2e-43ee-8840-c403d03c61d6,4baa02e45152c1fc,desktop,Linux,Safari
85c138df-978d-4288-a89c-2d2960189e56,d457d00ad918c288,mobile,iOS,Chrome
ad3f7c29-575b-498d-9e42-d8a32a73a5e9,94a8ff40af177148,desktop,Android,App
63717d02-a7d7-4b63-ac1c-cbe901b53c97,879a5d909dfef0fd,tablet,Windows,Chrome
ad64c192-c8fd-43ef-b139-00a7bf29608c,4e7fc5732e13b630,tablet,Linux,Chrome
13b7caa1-76ce-4406-a65e-ad727cb39fc8,922391cf7f8ecd31,mobile,Linux,Chrome
a65ade25-2a38-4a5a-941c-364c8af83aa7,2812a6cc825e6d54,desktop,Android,Firefox
f6f16902-e6cf-483c-ab25-d82a82c8628c,778eb9f646da8298,desktop,iOS,Chrome
f0d5887f-8e0e-44b1-ae9a-523785efb28a,c6c889710adf8fdc,mobile,Android,App
115c6152-3491-4be8-a880-ff1a98c1a533,43d07baa137a60a7,mobile,iOS,Firefox
1a01c2f2-5ee5-4c81-b5dc-1408de7e8f35,2a3619a75d7a3e1b,mobile,Windows,Safari
21c3ccf8-1c68-4ffc-9edc-6ad4d9b1628c,f637a937a4fab620,tablet,iOS,Chrome
4660fc0d-c0ca-44ac-86bc-960cbf0d3f10,cc833c653873df94,tablet,Android,Firefox
c9b9230a-7e87-4cf1-ab6a-965edb80fab7,9eaf62c96172a2e4,tablet,Windows,Chrome
d1c7f605-3dea-4ba9-adfb-71aabdf79f52,978866505d544c01,tablet,Android,App
cc18db57-5b64-4f5b-8f53-f03f1a3d07a8,3d7b3c18c1755d36,tablet,iOS,Safari
3d1c2427-57b2-43b7-9bb0-888e136548c0,4434504d4b092e51,mobile,Android,Firefox
171b4556-2dfa-481f-8099-275a6e435b3b,421a6d5158be0c36,tablet,Android,Chrome
5c7faedf-c7ce-405c-94ba-60897cfebcc5,549eb0824aa829c2,mobile,Windows,Chrome
cf78e92b-dfb6-48df-a953-4df9c9ee3c63,15f42e1f3d95cb6e,desktop,Linux,Safari
a119c257-93f0-43af-8a49-6f64d8ae85e9,c8f8ae03c2c18d73,desktop,macOS,Chrome
33d424fc-9f64-4952-89ed-6f7e36cd7838,a2b65e15f3f64ee0,desktop,Android,Edge
c385b899-a20e-498a-9428-6007219b6ba9,84f2eb0ebe3e7f89,mobile,Android,App
e5ae717c-36d4-4c10-9897-e006fde9bbca,2df3b231bce3fd96,mobile,iOS,App
5a468ca1-a5ff-4181-944d-f8aa07d580fd,56794dfa39bc5d96,tablet,macOS,Safari
299a260d-488c-46cd-9b7c-684f219ca086,7a04d83ab3e88551,mobile,macOS,Edge
71d691a0-a938-4af1-9fb8-65d4ed041e20,d1599ea826c0b7d8,mobile,Linux,Firefox
b81d5fb5-0416-4bb1-b6a7-dbb2abc96a63,42561ce43b59d8f4,tablet,iOS,Chrome
46356740-a265-4a20-b04b-5a3b17499c28,8da8c14b5cc759ae,mobile,Android,Chrome
1bc6dd8c-e5dc-47c5-bac2-fd9e93af1b65,e27be22dd41ef760,tablet,Android,Firefox
abee4743-980f-4a85-9452-d22130071b97,50560c10c9191c6e,tablet,Android,Firefox
03642c80-5b8d-41f2-8ae2-5ca555d15182,c8415294b9c7faa6,desktop,Android,Chrome
37c3fa37-5a22-4820-92bd-ca442acf139f,11468b29082bf851,mobile,Linux,App
a0d90de8-e13d-49d7-860c-e026d52c90e8,e43ab4871a1a80ae,mobile,iOS,Edge
8282ab51-ce7e-457f-b239-e1e8a74f9482,1828918b3c0845f3,mobile,Linux,Firefox
bdf938e3-9e22-4786-b483-9260551056c2,85874ce8e9553704,desktop,Windows,App
acfe9fa1-5a65-4f83-a7a1-4932ecb2683c,01c2e2e8c5a4642d,mobile,Windows,App
9bf134a9-8c6e-4936-8041-0281007bb7dc,5c5ef05c43f5ca1e,desktop,Windows,App
73c35510-8a0f-410a-9f51-cb59beaf7f48,f705f2fa98aa6aa6,mobile,Linux,Safari
ef8dfee6-441d-433b-bbe4-6d4c542190fe,1771851bc89eb257,desktop,Android,App
b4d7b47c-e41c-4830-a7cb-a9afb00515e6,225b374fdde85de3,mobile,Android,Firefox
ac30fd43-3333-456b-abb8-4643a070de68,d9f229d8990e61df,tablet,Windows,Edge
0a683792-b944-4d16-ba31-36e2dac74f95,2aba8bc25a84e014,mobile,iOS,App
c5536a23-3187-4db1-8aab-8559047b604b,34a510f7ff3955f8,mobile,Windows,Chrome
2ff6f23c-57cd-4939-b24f-007b2f823410,dc2259d8afd2acc5,mobile,macOS,Firefox
b1ae8016-b9c2-422a-8d6a-4aeb9b1631a0,87a1d410b58fb123,tablet,Windows,Chrome
de5fee93-d677-4df8-af8f-ba0accbe84b7,687e9fa0b7af7c07,mobile,iOS,Safari
913f5cb4-88ad-4121-8ba3-ae408c684dbb,fe4bc33b3eb48500,desktop,iOS,Firefox
af11c9db-6bdc-4a18-9bf4-471c91f39bd0,ea3b0e0702cf4096,desktop,macOS,App
82662cee-8be4-4a57-b5f5-cae0d3709c98,a7fec3d9b55c82d9,desktop,iOS,App
e6a396f9-c03b-4248-9b98-31acb68e9eff,d9c15326f1b09a3f,tablet,Windows,Safari
44035a7c-7998-47df-85f0-587782e50817,4afdbcc42a8ee0b5,tablet,Windows,Safari
e23824eb-ea1d-4e32-b60e-d1a919d78739,6e13b7af133d2156,desktop,macOS,Firefox
1357b010-a599-42da-b2de-0e5ee06cf6f5,ce68fd77063510b6,tablet,macOS,App
57d8790f-ae82-4e4f-9083-d0b373bb0c14,db8431e4d8ec4435,mobile,Windows,App
abab4f82-dcae-44b2-9d71-d8a2b61b0940,7bdaccd6a5f212c3,tablet,iOS,Safari
02613240-ce72-405f-8ba3-cebacf03884e,d2328bd8a2756ac3,desktop,iOS,Chrome
e39f5a5c-6c91-45ee-9fa0-edf49366f3e6,7583cb9961be9f68,tablet,Windows,Edge
5eb66ee7-9e8d-4677-bb3f-6e6e80c1606b,cfe4772afcc0d439,tablet,iOS,Safari
a9553893-cb86-4cd4-a989-15884ca0701c,68d8ac7e9922ce54,tablet,macOS,Chrome
f86d660e-529f-4323-9f4f-b1799acc43d0,2faf14ad9733d0bd,tablet,iOS,Chrome
029d1b4a-1bb2-476e-8b51-aea404ec55c8,a960f003cc54360d,desktop,macOS,Firefox
6409069a-3d97-4491-b86c-143e9233d7bb,4f75c8bb8e3da071,mobile,macOS,Safari
4086a734-8f66-4a4a-9d93-4369369d96d7,c6995e4af26cb2aa,desktop,Linux,Firefox
9d736665-b0cf-4c2a-812e-9d53cf81db0c,54c5837db6eaf9c3,mobile,Android,Safari
e18dc3fb-6bf4-41b2-9688-6873c200425a,5dd17a813f0e2348,tablet,macOS,Edge
bd6013f4-49e5-4e06-a99e-14939d95c017,2d35b7251d524983,mobile,Android,Edge
e915ff38-700b-4e93-a147-fb026e4d9c75,22e00c6282ba5b11,mobile,iOS,Firefox
3e2383fe-4a9d-4f05-ab30-c6f59203be26,ba68215e3a48d899,mobile,Android,Chrome
b4404ab1-b335-4a5c-a97f-67e7a3351cb4,4fa1e3938ad4a200,desktop,Android,Firefox
341f7123-b22b-41e5-8236-4fa181bbcd6e,e97d61fdec8f97f5,desktop,Android,Edge
24beb793-7077-476a-b8a3-0aa8c6f44e12,c735f0a9b2a78fa4,tablet,Android,Safari
302c2260-64b0-4114-9f79-283a79edec81,ba6458a9c93a9584,desktop,Linux,Safari
ea126fa1-5c91-4b67-9d31-be58599fb487,a7b76347287ae3a4,mobile,Android,Firefox
ca4177de-5b83-49c9-a6ef-2c010b962547,ceeda8634739e387,mobile,iOS,Safari
1c958568-6396-4db1-8c25-dddcf9887861,d41e4ae9a2c81bdb,mobile,macOS,Firefox
6e3cb076-1ca8-4762-a37a-7c112a6033b2,0d365168d1f738c3,desktop,Linux,Safari
d3b5ddd2-ae4c-4818-aa03-135de25c75ec,df0c6aa09e853328,tablet,Linux,Safari
5debc70c-79ec-4ca1-a2e6-088246f65ac6,595fefd399293cac,desktop,Android,Edge
41a8feff-c38b-44e4-9683-c74e2e4ea756,3a7ddef61ec7d627,tablet,Linux,Firefox
1918f6e2-34e6-4836-a6eb-32371af5d044,4c4bc9bf9d70a63c,mobile,macOS,Firefox
3d7db845-f793-4702-a186-d2ff73dce53f,eef92df24540c4af,mobile,Android,Edge
93350904-50e6-4faa-93b4-756e12279f59,6f7f3ef6aa2ed324,tablet,Windows,Safari
49f5edd4-c84a-4ed8-a789-360be70f944b,8c4b2eba3d97f39a,mobile,Linux,Chrome
3ad1761a-3c74-4d27-875c-a1cb1de90157,ec04889486d9159f,mobile,iOS,App
1d5b3f34-6186-4997-9a21-79c1f96c53ab,ecc2a6f7de521e8d,desktop,Android,Chrome
f383357b-e6c2-4dc8-87d5-ecbae07bede4,446dad8106da80cc,tablet,Linux,Firefox
9f4c97be-9d1c-4702-9cf4-d05f1c15ce6c,8c415927f54948ff,tablet,Linux,Safari
bb1736fd-21c6-4a29-b05d-1e013544ad8b,8a11ed66f3d7e333,mobile,Linux,Safari
55accb90-1074-4f96-9bc4-a5b755a6214f,8571c0087ed37468,tablet,Linux,Chrome
a7d6703a-281f-479a-88f4-a70504a83f9d,ef7d4d8221130262,tablet,Linux,App
3b4291fc-1d49-4d2c-8037-b47576c03233,8d22c616e9e571fd,tablet,Windows,Firefox
ec9c946d-d32e-4e28-8188-09411a280041,27c753aa3e6d4e6d,tablet,Android,Safari
b7dec3a1-a7b0-49e9-b8ec-d0a811e93265,968e53c030e198f0,mobile,macOS,Edge
94aff77a-7021-4bee-aa54-9078d013f0b7,9068d86ec643615b,tablet,iOS,Chrome
7a54a0f5-d8fd-4c10-bed1-e7d230fbb25f,f5d864cfc34795dc,mobile,Windows,Firefox
d6ea4f7a-1ebd-410c-b1d5-30503a17278a,3f5446139813e400,tablet,macOS,Firefox
4342e163-39bb-4a5a-8510-269ed9719dd7,b11f3e236beb6b0c,desktop,Linux,Firefox
bb2758af-dbd8-403d-b7a5-661e880a363f,cec0cfb2997c1b23,tablet,iOS,Chrome
c4817455-ac6e-4fe0-8338-ff9c6887dd66,47690d93d45f82e5,desktop,iOS,App
f2e61600-7fc9-4a43-8eb2-d01bc93a6940,6be8a8a59af841d3,desktop,macOS,Safari
6c9d1031-2fc2-4c32-9deb-17c7ede9a142,8246e5e9b7bdc2cf,desktop,Android,Edge
b407072e-ce0b-4208-975a-135f46bbfea5,3e9d442714a01875,tablet,Windows,Edge
01989c81-60fb-4d6b-ae55-cebc58d00cb6,7185b948573dab4a,tablet,macOS,Safari
29983335-c72c-42ac-b088-c6f48a5f2f21,c3f403831c197f8c,mobile,Windows,Chrome
ee4059d3-0778-4360-867e-c6a84b3e2427,77494438cd0b2d51,tablet,iOS,Safari
2a44a04e-e4e2-4e13-9aca-36cd75f21e44,5b0a68e52e35f191,desktop,Linux,App
e32abaf3-8690-4a38-a347-132dc643c2ec,a5b1d9bb4a27ccc9,mobile,iOS,App
22923b5c-7601-4e79-9bce-847d468e3c17,dae906dc10b9b23f,desktop,macOS,App
19c10eb8-6fef-4e3e-8dc4-e39980609416,6c6ad6d2a68ec6b5,tablet,Windows,Safari
5ba45011-0d7c-4355-bd34-620ce20b9ed0,af863f3ed590d8ae,tablet,Android,Edge
6a9657c6-c8de-4fca-9f3e-0d35185d3366,a151ecd3e107b0eb,tablet,Windows,Chrome
cde616a6-7dfb-49ff-8cf3-065eedce03cd,94470b9c13a6a1b5,desktop,Android,Edge
ca26bea4-edb4-4390-b274-556b4b152288,b76d35f7e382a6a4,tablet,Linux,Firefox
49e4ffa5-35a2-4940-b435-45d60d39a99c,c7ee4719747f7920,desktop,macOS,Edge
b9921cab-b353-4fff-bd47-748eb470b709,9ecb3de2b4d2687a,tablet,iOS,Edge
ae20a0cd-cc7f-41f5-bcae-14f94271e260,9714e2396f9c61d8,desktop,Windows,App
744ba8e9-1ab1-4536-bf21-298788932648,31d7903d892c00b0,mobile,macOS,Firefox
1c72c335-5a09-41c2-9420-01f3efa84eab,b07db6926d307468,mobile,iOS,Safari
c6c145ea-0043-49c0-a605-2782c70a78ce,2ce7f467f9c437fd,mobile,iOS,Firefox
9b68f713-3004-4ffd-8628-bac6e1d60a34,b5eafb0910df2dac,mobile,Windows,Chrome
aa86e598-056d-4685-ad63-d2a5900d90a7,6f8dd15982717dfd,desktop,iOS,Chrome
0f5a31b9-9ab8-4599-9954-554b47419e78,7caf5530b67f25d7,desktop,macOS,Firefox
84a62686-652b-49b9-b4f4-64c93eadde1d,7e5d276b66de2c98,mobile,Android,App
3e4ca798-8ad4-4113-8c7b-d81ea1ff3a21,546e4b2d2e79e0c5,desktop,Linux,Firefox
020dc176-b698-4b79-bf63-8673cb12f170,768b47eafb1ae561,desktop,iOS,Edge
596fd710-83ea-48fe-a05e-622cd1d1dafb,da39fc607dbb379b,mobile,Windows,Chrome
7984670e-8f48-4696-90c3-cfae99d9cfc2,a947922a2267abfa,desktop,Android,Firefox
133a9af7-8da2-4864-9cf5-3fb183244331,534f4376d02d09d1,desktop,iOS,Edge
5b032f99-ba5f-4b14-aa72-3d851c44a99c,af7bbcb3d0f8d686,desktop,macOS,Safari
ac6c1666-489c-4a08-a699-cf0b80f04d91,2b547339d8e04fa6,desktop,iOS,Chrome
4e70d757-fa4b-4208-8e50-be73aef4b90c,f81fe744c328e41c,tablet,Android,Chrome
984c3cac-a8c8-4372-8122-d52b862bec6f,3f9a4814054920c9,mobile,Windows,App
93ebefd9-e04c-4eee-8dcc-c44f463f65cd,0924034840c1e483,desktop,Android,Edge
381c55ba-ec97-43cc-8af9-403aef71422d,05110b267ba8a9ce,desktop,iOS,Safari
b3c649c9-4767-4769-9fea-18052a0e7655,ede10cba7050fdd6,mobile,Windows,Safari
d3945835-3fc9-41de-9b84-8dddf28b9b73,1404a1798282895b,tablet,Windows,Chrome
e5550e54-2bd3-4df6-b87f-63dd5e787768,67efe3658d88975f,mobile,macOS,App
a4a7415e-d78b-4a1b-8503-13b206b2dff8,198a2960b9bea9f2,mobile,macOS,Chrome
886e131f-37d1-4470-b7fe-a585e8a4c56c,22d46a3732f02a85,tablet,Linux,Edge
da1825ec-369c-4de2-a38d-494772ea1007,1833e2d3bdd2494c,tablet,Android,Safari
72e6239c-dcfb-4e8d-a8b9-e5efdac0755f,01f412eec7218ef6,tablet,iOS,Safari
2e9d619b-a8d3-4dc0-85ba-7bcacf9e4f69,e481a809b5f0eab6,tablet,Android,Safari
479359a8-976c-4810-a690-db39d791d82e,478140317f1958fd,tablet,Android,App
a13acd77-a60d-43d8-a3b5-b67a51368480,e4ecc8c8177200e2,desktop,iOS,Chrome
4846d15f-5c2f-4612-a618-d7863e14671e,59391402f8c5ce32,tablet,Windows,Safari
f9f3ac64-ba25-4482-be9e-fc5d6060c2fa,cf8be8fc40d326c3,mobile,Linux,Safari
6cad1f76-0145-494c-82c0-8782c45cc9a9,41e9f7df3bfdceda,desktop,macOS,Safari
a19d8e08-cd78-420c-8b7d-4a5effd98e14,cae0a53b7eb681a9,desktop,macOS,Chrome
335f2e62-1811-4d54-a39e-32339b370a23,b62f0104b0826bd0,tablet,macOS,App
814bb2a6-687d-4237-9f50-25ee2cacdf83,5ca419ca1be70829,tablet,Android,Safari
a148ee8c-d027-4f53-af78-09b5aa6f0137,a76888c2e7b0c327,desktop,Linux,Firefox
d06df6b1-90fa-45e2-bc36-a0f154179a65,45fe62cb73607f7a,desktop,Linux,Safari
abfcd403-8767-49dc-a4ab-1cb8cff2f568,fa31d6810f9e32b6,mobile,Android,App
ced82491-e39b-4fec-bb7e-06fc84b8a951,d7a21dc0c0b3ffb6,tablet,Windows,Safari
696b35fe-6b12-41ed-b8f0-38abbedbd5ce,a53f7e233d01e53f,desktop,Linux,Safari
d2cdf665-5ffb-4bf9-853d-97727750eacb,f90fd5d76938e872,desktop,Windows,Safari
cf6085f1-1c10-4b32-bbf6-e5d46c55af89,ae37f5509c7e293f,tablet,Linux,Safari
16a4dc41-cf8d-4c6f-b6cc-0d8fd217973f,56926c3c89fff829,desktop,Linux,Chrome
9573e5ef-c06e-4706-b14b-2eb86836510b,324e07b019d9ff29,mobile,Windows,Edge
7908a706-174c-4e4f-ad2f-a1a8949d9b49,a30df335a48cc364,mobile,Android,Chrome
65bd5be5-49a9-4e5f-b585-8d7ee2a53aa9,922bb8f53e0ee7f0,mobile,iOS,Safari
fb5925ce-c1c6-4099-bdb5-4bb14d2d50ea,22d6e7a60a0ad1b3,tablet,iOS,Safari
b676414d-837b-454a-bb6e-1fda94853f2d,16188953b0b907c6,mobile,Windows,Safari
5c600992-7051-43d8-851d-32d2cc56997b,6ccae66e68ee5ebe,mobile,Windows,Edge
34328dd6-a0cf-4502-9097-5ac8e9136259,e177aecc286c0b9c,desktop,Windows,Firefox
80192e34-50d4-4244-a76d-3a2e148e1a01,4298cefc49c210be,tablet,Android,App
a77f2a44-5e1f-4c0b-8325-157cba9d68b0,64cd00cb74d2cbe7,desktop,iOS,Safari
7e9767f2-f7eb-4a3f-ba24-62f93da47a5c,9e8753e797622f49,tablet,macOS,App
e1d88025-5339-4c96-b02d-0f0026a3797e,90f40ef239d8a63c,tablet,Android,Chrome
07e1eee7-0bfd-4031-bd1b-129d8ff6ae50,72b032c2466cb614,mobile,iOS,Firefox
02c41cfc-4e80-4a4d-9a5a-0399d6d29a4a,264c409d89024653,tablet,Linux,Edge
258cada1-ee2c-46f2-850a-85b8f7d0a099,35e0e23407559777,desktop,Android,Firefox
85399b21-0be7-4df0-8dd5-9b0e698f29b8,ef0bfc4eaef3dcf3,desktop,Windows,App
a13c30b3-a059-423e-ba84-87e2cfc490d2,5c6ddbafc22b9873,mobile,iOS,Safari
937c9351-3675-45a6-a89d-c79bd53b3d49,9af8755636b41644,desktop,Android,Chrome
edd6ba18-d6d1-49c4-803a-12a764593db2,1b3df686a1ac0ac0,tablet,Windows,Edge
499b8f94-0af3-45cf-93c8-55bd660c7505,a48d853cfaa07649,desktop,Windows,Chrome
1f2ca326-572e-4a7c-998f-7f5921b9bb0a,7ff2f16930bde87d,mobile,Android,Edge
ff75d4f8-2e84-4627-b4a8-e4ab8750274c,13d1379d4c91ecbf,desktop,Android,Edge
2535d760-c973-4322-8209-7c0aa43b0ba2,c4439cb22803bbd2,tablet,Android,App
0b1f20ce-6025-423e-8edf-0d837aae81da,f2401aa6978eb007,tablet,macOS,Firefox
6423706d-c198-4618-a287-0229d0b48583,c9e3f8310700a6f0,mobile,Linux,App
c7d8032a-fb3e-42f2-935f-70177be63a6f,cdc41c15f3edaf1a,tablet,Android,Chrome
cd72345f-1035-4282-a571-3ab521444204,f00c3af73be373e7,tablet,iOS,Firefox
b424d627-4b14-4ad0-92e1-a0f2cf6b747a,a8667d1ffa864e72,mobile,iOS,Chrome
bf71f768-639d-4aa0-9565-d3505ac6f9b5,6a6d105d0e9be3ba,tablet,iOS,Edge
52f7fb94-7050-4b88-bef8-5f8c747e6662,1e1bcde765f5021d,desktop,iOS,Edge
190fdcc7-82d1-4adb-b380-bb6a9f3fc7c5,c42b39b54340e09a,desktop,Android,App
2b0c470e-ff7f-46e2-bf8d-6b2773209db7,64316ec8c7f5cf01,desktop,Windows,Edge
cb5b24e6-c2e6-480d-bae8-bae0ad7eabd5,1b9d5b7a1f0b0a60,tablet,iOS,Safari
69e943c1-105e-4746-99c5-db806d9922a1,bbcd8d595a99c31c,tablet,iOS,Chrome
ed6a2769-a34e-4121-8339-0c3822a30955,0276175e59eef4b0,tablet,iOS,App
bf81f5ba-df43-48b0-b325-c69470eaefe1,ff9b673c14160d41,tablet,Linux,Firefox
b2cf36e8-e755-49b6-a8f2-24964e246d93,7fa69e5cd78bdfe3,tablet,macOS,Chrome
6e2f97e9-b0f9-436f-903b-e10be300129c,054c949a56f8ff56,mobile,Windows,App
e059a3aa-0451-462e-877f-0afc1cac79d1,8b485cd3b68e12bc,mobile,iOS,App
6064eac6-4321-46a6-8c72-e573e58f10d5,e595c20150372945,tablet,Linux,Firefox
2653bc35-1875-41fb-8ea7-64d5e07fc3dc,32ecbbecc8042559,desktop,Linux,Edge
251e20b4-8a19-4601-acee-35caf59631b7,e4458b3cee4ae20c,mobile,Android,Chrome
1325ac82-41a7-49a2-a772-9f0eb8ec0564,0da3fae8466555cf,mobile,Linux,Chrome
583733ad-757d-48f2-8367-70b271bf287a,3db2bb6fca5ee2b6,desktop,macOS,Safari
cb07efaf-696d-4a56-80d2-d12a10e2e301,346c97c0196d8d62,desktop,Android,Edge
ed59be8d-7ce4-4681-9cac-b598662db88f,5bec37ab52ded9e1,mobile,macOS,Chrome
cac563a9-4d51-4b62-952e-d1daf734a53d,89561043ac6c0bac,mobile,Android,Chrome
0c995cb9-34b6-46b3-b55c-1359cb705b32,d94bfcbb63792162,mobile,Android,Edge
8d11ddce-9938-4d37-aecf-e1ca71f1d817,2b38ced3f6e5c9f5,desktop,Android,Edge
c46834e0-5090-4271-a671-02f566102e33,43253c10398a89f9,mobile,Windows,Edge
6140ef3b-28e4-48df-98d8-23e0c0a48af8,56f0c7367441b9b3,desktop,macOS,Edge
ac7317b0-2952-49e0-95ff-0e2d2bd990c8,129ea63aaa63d452,desktop,Windows,App
243927f4-1e80-4053-a55b-1723670e4b7a,fb53c3fe90b876cf,desktop,Android,Edge
1683f8cf-e2ef-436d-b8ad-141aa7e6103b,2d2309ce3931ff2d,tablet,Android,Firefox
0b1aa848-e032-4082-9c88-db8b9659f550,6dd98e24feb6f5ad,desktop,Linux,App
414291ef-80be-498b-9d2a-256644d2170a,ac65c555af5389da,tablet,Linux,Safari
394da90e-25df-49a0-b80b-ab254d605728,ffbb9c26c1499eeb,tablet,macOS,Chrome
c3a7f5fa-d5ce-49fa-9633-414b521f18af,68fa2c68e26dbf32,tablet,Android,Edge
9eaa2c12-e134-4727-bc2e-710f3fd23b66,1d0130a4de8e65b7,tablet,Linux,Safari
318c2bd9-8da4-4346-a163-0a118fc9a2ce,6a802fada5946358,desktop,macOS,App
54e33505-2ac8-4f33-9aff-ba47f36a491f,55b3e743bc074bd0,desktop,Windows,Firefox
34bc3255-22c3-490a-a6d3-5f03e2cf244e,a94e2df79256b021,mobile,Android,App
9835a5e3-3cd5-4858-be18-03f47b1a7a8a,bd921b892350046f,desktop,Linux,Chrome
00e0eddf-2f9a-4473-a7a1-e8212e588c52,1bf1bad2acd413ea,mobile,Windows,Edge
03dba643-9718-4f5f-a534-415c607e9df0,250a533d764aea80,tablet,Android,Firefox
086caf86-2a1c-4119-a9be-5a4f2bdb83c7,95125160d9c306ce,tablet,iOS,Firefox
2d37c8d8-eaba-4819-b3ff-c4809a73f751,993e4373103783f5,mobile,Windows,Safari
5de6fcba-2941-4d6c-b38f-1d6253faf962,18ca8fb4023560c8,tablet,Android,App
8fc854d5-5cae-4966-8d06-6a8e58692ef6,1bbd4ff4979c7f04,mobile,iOS,Safari
4633c973-d646-421f-b597-6526576a34eb,93a23161a0456e7d,tablet,Windows,App
db7aa026-fc82-433b-875f-5128ea100b40,454880bd804a554c,mobile,Linux,Firefox
607d1ae0-182c-4e95-befa-00e899246aa1,ffed176845adda10,desktop,Android,Chrome
683da5bd-464a-4d63-9a23-b896b0e82509,fe707f5fd6ad79d3,desktop,Windows,App
349d140d-5671-4fb0-aa79-1bb45238a7f6,37071b2a604db58c,tablet,Linux,Chrome
dc193e7b-fe0a-4a36-ba39-311616f417c1,da340711189436f0,desktop,Linux,Safari
a9f6a9d8-7ead-49da-bb55-5c8e88829e4b,bc99af4af4363d5b,tablet,Linux,App
dcfd0aba-c306-40cc-b810-4fd660ce21bd,5ae5aa0920ae57a7,tablet,Android,App
0e98cd5c-d8f4-41db-91d8-9e53b5987d29,c23914b796b92d1b,mobile,Linux,App
2853b3ec-decb-4ae2-8d96-def5b6ec9d48,962b8788a2229232,tablet,Linux,Firefox
7da144fe-6419-4ffb-bc65-eec5c638a514,de05065a1c1a61c7,tablet,iOS,Edge
29e42b8e-7815-4496-9fb6-b76bc8787cfd,d8dd395809a7fd9e,desktop,Windows,Safari
24573095-7ea5-4876-aec4-d87849096ca9,d53ceaf679e06708,tablet,Windows,Edge
ef499989-0ecb-4505-817a-6c3509456aec,3e846391a08ef92d,tablet,Windows,Firefox
39b98333-186e-45f3-9d50-b024cdbaf1a1,aacf8e9edb4f12be,tablet,iOS,Chrome
d3c2fe8d-cc56-41af-a8f2-3311e65caf49,4ad87a99e77ed85a,tablet,Linux,Firefox
2516bd63-69d6-482d-b32c-07ab35449d6b,771f56bc286184bb,desktop,Linux,Firefox
c5d05cd9-792a-4bc6-a897-f5599b83832b,07a75cbc86eb1de7,mobile,iOS,Safari
02ac4ed5-9344-4581-96cc-fdfc385abe43,728e7e69e4368dff,tablet,Linux,Safari
cf666365-79d2-4616-900e-a4681ea7608c,ca25e23cee1c4e3b,desktop,iOS,Firefox
52b2998c-376e-4c6b-9304-4d72179ea832,c5307459f8973ba1,desktop,macOS,Chrome
7b974063-8d88-4907-ac77-259e42a92f1a,129c5b146eb53d2e,mobile,Windows,Chrome
f20f229e-929c-4d74-a8fd-6c349ebd5cdc,dc1c514f0e1718dd,mobile,Windows,Edge
52fc397a-3704-4900-acbd-eae835e02fb8,8d47b04aeca06eb3,mobile,Android,Safari
5827612b-12f6-40fa-bc21-cea72d373925,e44aaf9d8625d8ad,tablet,macOS,Edge
81aed129-9e2c-49be-90af-3dedab0763a1,16cea79fbf9701e0,mobile,iOS,Firefox
df798a5e-ef74-44c3-a3b7-f9c67642d2ca,c14c98f0670fc865,mobile,iOS,Firefox
51c6e97b-dd42-425d-9428-c99ed6fe5a77,01c069434f438d0b,tablet,Android,Firefox
249a825b-597b-412c-9c9e-d1ff4ea20a0c,a887218a3b78d7a5,desktop,Linux,Firefox
5d1e53a0-d544-40cb-b2a4-f918b24767d5,b229a8c28c9c316f,desktop,Android,App
bbaa8cb8-1246-447e-9c5f-6255fa1d525c,14e5a48a0da31c74,tablet,macOS,App
fc05ce15-b7ba-4f92-85d5-bb52203f8528,c6af39d58f6d1cb8,desktop,Linux,Safari
529b51f0-9088-4270-a566-f02fe3ebb6c8,ee84b68c41798e36,mobile,Android,Edge
3081d815-71d0-4533-b64b-79f00080baf6,b798412cb821e865,tablet,Windows,App
0a3686ab-ea84-4c84-aed1-0ba721b6f23b,6d090ed22065db06,mobile,Windows,Chrome
d72fb392-d76a-4728-8e78-ce9609a62017,7457b1bb0e1b1b18,desktop,iOS,Edge
7c0287e6-8333-4b74-8c79-b813b4ebf24d,71fee1d7c3b5b753,tablet,macOS,Firefox
f22b06c4-05f3-4383-82cb-0c6b4f6abd83,bb7b1dc2c8855b2e,tablet,Windows,App
b35da11a-1331-476f-ba1e-d23f54ac76c2,903105f6675a8630,desktop,Windows,Firefox
b23d67ec-101f-42ba-837d-68559f13ef89,79ce6d11b92ad082,tablet,Windows,App
4a874365-3cd2-4392-b47f-749f7d52e669,cf15048b8abbcb83,desktop,Linux,Chrome
d86b7ed8-6c18-485f-a444-5870f992efef,7f3ea281cfc72869,desktop,macOS,Chrome
0ef2b62f-af70-4168-b6b8-8d85f7cf7a9f,eaef69221c36b5ae,mobile,iOS,App
13f1bd21-8a05-4477-a725-fadf87046fd7,00d9aec285832acb,desktop,Linux,Firefox
ca955ffb-fd78-48f3-94ce-e4242460f04f,01ac98e38dc23775,desktop,Linux,Firefox
f4978927-4ad0-433d-8fbf-eec9d1db4bfa,ff888920d8e6e921,tablet,Linux,Chrome
46e1c8b9-84b4-4be2-8b1f-45ff2db9f579,b7d2dde5ebad2a44,mobile,macOS,Safari
2577f1c7-df4c-42ab-a4ce-33d06e5dc0ca,aae6f15f16f37adb,tablet,iOS,App
c3f3cb4b-258f-4b83-8cdf-9ff4d70138cd,73b229ef444ee543,tablet,macOS,Safari
505760d6-d717-4bcc-8014-0b4dcba4458b,58f80712bece83b0,tablet,iOS,Firefox
79475cdf-4315-4cc6-b014-abb932ac861b,7ebcc5d8c0478d30,desktop,iOS,Safari
0de69b41-a634-4f76-abbd-1e9d75dbdc65,1d56de836896d91d,mobile,Windows,Safari
a29d76db-dbb3-4340-934e-89aaa99ad397,8113aea8312597b8,mobile,Linux,Chrome
77e275aa-87c9-49c8-a441-3c68b2f06d20,c3e7055eac35c378,tablet,Windows,App
bddcc204-de94-4acf-bd0d-418d3e94b491,345d073e454ad207,tablet,iOS,App
5249ec26-911a-42b2-87a0-7bd480718209,8e1bbc83613bb065,desktop,Windows,Chrome
8176bfe8-f795-4590-a230-27b4aa0f71a2,2092be926b7fca8c,mobile,iOS,Safari
9c4deddd-1408-4068-a6fb-2d7a4802e3c4,be9790d5ed84ce43,mobile,macOS,Firefox
9f6f5a3c-0bac-4a5b-ba10-9932bfb352d7,0f88dfb819e960a1,desktop,iOS,Safari
4dacadaa-764e-44ab-9bba-f783f1b9a2f0,e67a069c652cebe4,desktop,Windows,Edge
58ee8c8a-65b7-49d3-a690-ce814a0d8111,3996a0168ae58488,mobile,iOS,Safari
cdd8ee0b-5c8e-4e42-bdb6-14291121eb8c,a6adbc3ac940b7b6,tablet,iOS,Chrome
72d0e850-c1b0-45cd-aad1-e6855a6579c1,23a792c056d60aeb,desktop,Linux,Safari
42a264f8-bddc-449e-9ba2-761b9ad0844d,e684ac54bfdacdf8,mobile,iOS,Firefox
8b55001c-396e-4fd6-bc30-1c602f552130,fda692b2b19efc54,mobile,Android,Chrome
b1778f43-b384-4f0e-94d3-35f87b276a01,9c18fe9c69248dde,desktop,iOS,App
4e0f56ec-6b29-4787-aa53-0f4e3686e4bb,768aa9a7d1dd77ba,tablet,Windows,Chrome
177d5165-faaa-4ef5-8c50-3176e9fb8a22,43dfd37e697fb3b3,tablet,Android,Chrome
4859fc30-6dd6-472d-ba35-36aaf427828d,95ccaec0a4c7fb79,desktop,iOS,Firefox
0c98c3a5-7fb6-4f66-9689-deb28f18422d,e30276eb8134910c,mobile,Android,Firefox
7d9688d0-2762-439c-b1c6-9fd552be497e,4a6edd84a973bc51,tablet,Windows,Safari
9036c014-1d80-4463-9892-42dfae2df4a0,5eb1d771ccb6aaa4,desktop,macOS,Safari
e38c9d96-b71f-454b-b4a3-e82c421bd697,46e92a1346dc9ea9,mobile,Linux,Chrome
d8aa7dfa-26c2-4cb4-a019-174ca91159c0,28d6f54009f6f05e,desktop,iOS,Edge
948b9614-4c27-479a-a632-6fa0f42b531c,5aa582f187429f70,mobile,Linux,Safari
53193cba-3241-4d3e-8dab-5b281a9d568f,6f0224055170c01e,mobile,iOS,Chrome
cf9adc60-ee21-4f67-8134-1ba081bf8301,845a254760f7ea02,desktop,macOS,Safari
5e4d6758-6b2a-45f1-85e7-4468b06170ff,1289e82a78e29d2f,tablet,Windows,App
bb55aaec-1edc-4386-b1b1-7610cc015a09,fbc36764a2c29d88,tablet,macOS,Safari
f90aaf80-fadb-41bf-a713-5b0a74d0db00,86b1afb729ae1059,tablet,macOS,App
76dda0ff-e3c9-4a98-ba18-1ea9c4954de5,e63d67b76a666f57,desktop,Windows,Safari
0f41634a-e6b5-43ab-a273-f7af65f4bae7,e05ec37d63a82f61,mobile,iOS,Chrome
6aa28173-3cb7-450f-93cd-f1f85a11f8b8,b85bf4a2a091f708,desktop,Windows,Safari
0ca03d77-773c-4f6b-bd21-bdc71fb92efc,a4a8f176347d0847,tablet,Linux,Safari
adba512f-f591-476c-97ea-fef160dbb4c4,67ad530ac92724ac,mobile,Linux,Chrome
5dbbb444-efc8-4dd6-8877-77b2357abb49,4bf77f77fe157b8c,tablet,Linux,Firefox
a40000e3-e504-42ef-9aad-ca4b1866ae4c,fc2247155433b3c5,tablet,Android,Safari
f60c8380-ab65-435c-956a-cd135862e8e0,21d7c601a2cb8b50,mobile,Windows,Edge
3358de0e-0f06-4052-b59a-6358a7e5978e,0e457bcaaa837270,tablet,Android,Firefox
c20a363a-1c36-4c64-b48b-7da635ae40a6,bcc695363e10db20,tablet,macOS,Firefox
270e57d2-ec3f-4eb2-b703-e42a74c61e47,69e61f4953a7c9f1,mobile,Linux,Firefox
9c45cdc2-a20c-446a-9d47-6c404454d106,9dd4f82aa66196f8,mobile,Android,Chrome
9dcf4099-9e94-4652-a9e5-1b5e5bddd223,3e5a9df901e92f7a,desktop,macOS,Edge
29f25569-e29b-4bf6-adf3-d5503b98a804,67b65c0ecba1959f,tablet,Linux,Chrome
e8e76c56-2fa1-4e60-8118-335474690ef4,df160734fbeb8a6b,mobile,Linux,Edge
caacd239-27d6-4bac-858e-609789616385,9e11f0341419e9dc,desktop,iOS,App
13e62d77-769f-48ce-b964-0da0c60d19bc,2f63b661ab587dca,mobile,Android,Edge
971f6c72-9f7f-464d-8e9d-94a464599950,b9617c19824847cb,desktop,Linux,Firefox
31dc3216-b220-42e9-9ba3-df179a4b633e,f061205b0d9a854e,desktop,Linux,Safari
7ad734e8-8ac0-470b-8a4b-36e3519edf28,7cb0d4a1dae32480,mobile,Windows,App
8e59dc38-ab1d-487c-87a4-9e57e70b6a10,ab57721294c98008,tablet,Linux,Safari
2a33d095-cf52-45e4-970a-40d6e728e1c6,e7dceab7d0788352,tablet,Android,Firefox
5aabc775-9038-4989-be07-57202a17c5d1,f49ef304e4a64ce8,tablet,macOS,Edge
a3089da5-8b5c-4f96-9611-ce3943c432a2,89ec9f6cd248347f,mobile,Android,App
6a659144-7495-4b6d-92ab-d6e167aa04b6,98a42107b4fa3083,mobile,Linux,App
046538a6-75e8-46fa-a843-4f32091e1ea3,448558b07aba4e51,mobile,macOS,Chrome
b20012be-eca2-4228-8d5e-997a65d59df3,eb3082d956e5cd6e,desktop,Linux,App
7248959c-868a-4188-a811-f72b7cbcc79b,9d03085dcaf974f9,mobile,Windows,Chrome
f82d0e6e-197c-4cb7-bedc-77167553e54c,c6709cdd0b7d4d19,tablet,Android,Firefox
868c281a-d73c-4a83-99f1-f69e34c2e059,bff56ff3d4b9755a,tablet,Android,App
f791fc29-40a7-414f-89c2-2d9b5faebf9f,2881d77c7426ccef,tablet,iOS,Edge
f2b36566-3382-44ef-963f-568f16b6c114,a8301db01ea392d7,mobile,macOS,App
19ea54d1-8eec-4302-b3ae-f76164a28317,1ad70a4057d2ef72,mobile,Android,Safari
8eee07cf-bb8b-4467-851f-db3587b44dea,909fd4c1130c98ef,tablet,Linux,Safari
ff36857a-40d6-464d-a082-0a651c30f20f,8dffe44d3cc7228b,mobile,iOS,Safari
d45f1356-b54f-418f-996e-b5754d276aae,211287f4d8e662ce,desktop,Windows,Safari
92db8804-47ec-4fe3-97c7-a591dac5ee48,cb5685ed8dae8017,tablet,iOS,Edge
8b8feffe-609b-47a9-99e0-ee56d9c2cfb7,84cd29dc2a4a2eac,mobile,Windows,Firefox
6105990f-1fc6-47e7-a631-dfbe6902eea2,f60e5865274f8331,mobile,Windows,Edge
61525fa7-5a7d-403e-92ac-8381a7aa2041,d174ff8b241c3aba,mobile,Android,Firefox
00a37ddc-b62e-42cd-b832-a1d9393afc47,5bd0f58c119b2f22,mobile,Windows,Safari
64fa1da7-7327-4910-bc2e-435cbba514df,ffaea0dac39fcc4f,mobile,macOS,Chrome
70bd4da9-bc63-4b7e-a6e9-3b19de5779a3,59c5cd3f409f5895,tablet,Linux,Firefox
d71db53c-49f9-4c3d-b0c5-426bf68769a2,37fca4ea61020d6f,desktop,iOS,App
b20f8754-e829-425b-8066-ceb872ddca54,b674f0e3e9de1802,tablet,Linux,App
60f23cfc-f256-4d2a-b684-f3ac2425441d,19d2a9c26979e018,tablet,Linux,Safari
22373068-e6e1-44c9-9f6a-9592978abe15,8aefbb4347cd2077,tablet,Linux,Firefox
ecd7702e-2309-4098-b86a-810cb46ac040,c3eace461d05ec40,mobile,iOS,Edge
b64838d1-4c58-4b41-80c1-8b4f70622ea9,a40f3c487a90a92b,mobile,Linux,Edge
a40fc34a-0f2a-41fd-acd9-4d1bc86fb42e,87be2646f7d52656,tablet,Windows,Chrome
e22a7cdd-c39c-4058-8a34-d7446fbff82d,19b135dccc5be968,mobile,Android,Firefox
bdd728eb-7e99-4c46-8cb3-196f6894b245,0adbcd4eeb0c2016,mobile,iOS,Chrome
176066ac-8787-4275-a211-d84fb2467876,c2b8599271733952,tablet,macOS,Chrome
4c946a2b-9fba-47e7-a357-daf52a8e2ffd,1a280f5573128b14,tablet,Android,Edge
460bbb61-2737-46bb-9622-4fb744d52c4d,b9e623de4b3e3b35,tablet,Windows,Chrome
772f8bb9-365b-45eb-a432-2b352afdfbf5,9e93270c8f3c97eb,tablet,macOS,Safari
7b5582ad-b4d0-419a-95af-0bd0ae220c08,06969bb5b1179e70,mobile,Android,Firefox
e3413c90-4380-4b2b-a7e7-208d04283d35,36ddc42716999b27,tablet,Windows,Edge
a1234d57-198d-43c6-b852-348b900947b0,5798a02ab7088694,tablet,iOS,Firefox
be2f5453-584b-4c9f-a111-c603be1cdb4a,4a9683d7788bee5b,tablet,Windows,Chrome
6ccfc87d-c607-4d5a-a109-f8c440ee7142,c12720046686cc14,tablet,iOS,Edge
319956ac-d9c6-43a6-ad6c-39706f86e8a6,5641d417e6ebe739,tablet,Linux,App
ca9b9341-0fd7-46b4-958d-6bebe20090b9,a962c7ee6ffc69be,desktop,Android,App
6fe38e59-9580-40a8-b254-03ad5277b0d5,59c5e48e9416ab08,mobile,Linux,Edge
c152eeb5-91b1-42cd-8a18-f00a1dbb70ec,1f9db66f185b6d6d,desktop,macOS,Firefox
071b3fb9-2b74-4c7e-bddc-0d0f863226b1,010cb1c86a160e13,mobile,Linux,App
8a3fc114-a1c3-49f7-a089-2cdf9e52e14b,5f91cd983be1b32c,mobile,Linux,Firefox
1a0407ad-1aeb-49be-8ad4-73cbd0c3d96d,faa5a98d96ac7033,mobile,Android,Chrome
d0df7cc7-e937-4434-bf82-0537939a9dc4,3d7d9868bd308cf7,tablet,Linux,App
0df813b0-0346-46bc-9c6e-cbfafd80a227,b76ffe90f85273b0,desktop,Windows,Safari
fbb06f50-97b7-471d-beaf-49b4a31270a6,e1d2aca2de311d19,desktop,Linux,App
47c2e0cf-3ac5-494a-a037-8a174af766bd,2acbc9e04b8c7563,tablet,Linux,Safari
510a1bc4-6763-43a0-8d75-1d774628b491,3a438a0c13d4d140,desktop,Windows,App
63b0a882-cf44-4f23-bfec-a84775f02256,b59933ca6c889d31,desktop,iOS,Firefox
db0cc949-4895-4d1c-a08e-8cba39fc2fba,ed16118630a9868d,mobile,Android,Firefox
f04ec892-8205-4b83-895c-ecb4ee9de1b2,0458301ee9e834bd,tablet,Android,Safari
01d27814-7654-4e6b-94d5-705253a7c84a,2ffcfba1b43307d4,desktop,iOS,App
0349d1ea-f46b-43b2-ad32-60d0b8d720db,2c96dc913225f5fe,mobile,Linux,Chrome
075ff6fc-0923-4195-ab00-5ee5b498fc36,fb9e63262247a704,tablet,Windows,Firefox
c6589aa1-bb72-427f-abec-71b5432809d5,11b1b61901fcd1ef,tablet,Windows,Safari
b123cd7c-3fae-4856-8548-04a4c5cfc612,9ffc047aadc0d3a8,mobile,iOS,Firefox
ca8b7ea2-50d2-455c-a154-72142b7ee428,bb13365c7d1e8750,mobile,Windows,Safari
f1d63052-9a86-46c3-8f62-122d5791df20,4f897046af71aab5,mobile,macOS,Edge
86de419f-41fb-43b2-b332-4669c9ab7e23,5cb959dbd429ae83,mobile,Linux,Safari
f1df8b0f-fbca-495d-8635-e8c7a36dfec1,39c0fa72a238add9,mobile,macOS,Chrome
a60e3db7-638d-4575-b01e-706b20ccc4fc,267f35be1612298b,tablet,macOS,Chrome
88536f45-5883-4234-a029-b7260253a125,64dc4d7c13e22ffa,desktop,Linux,Edge
4d57f000-0df2-4e41-bb8c-06c1257f2e6e,7f4e6191daaed62d,tablet,Windows,Safari
73ed64d0-675a-47f2-81d2-5a3951b94e3a,b7fe45e9ef9ab9e1,tablet,Linux,Safari
d71b9c86-cc50-4b0f-ada6-72d4aad891f3,62bdf300891b26c9,desktop,iOS,Edge
1d98e129-b21f-4173-9e68-eafa9b4056cf,6099986a1c8702a9,desktop,Android,Safari
f26c79fe-4617-4680-ac13-67ba995721da,c2d7be959cbf0a5e,mobile,Windows,Safari
8c06710b-f99b-4427-9b7d-e5ba2dfcab5f,7bd0b94f90f50ad0,mobile,Android,Safari
bcc91c14-5b38-4288-ac34-e9f176236e3e,fbe22821221c48fb,desktop,Android,Safari
9675eed5-cbb2-436c-ba22-3bf0b2c9fe0b,c9cd3f974542c2ae,mobile,Linux,Edge
707c502f-3a75-4721-babd-0d9d1613219d,757f26cd2587e732,mobile,macOS,Firefox
a1ecc79c-57ce-44a9-aec0-866abc280ec6,ac510997c54b776b,mobile,iOS,App
319b444b-9ab8-4603-9058-a4b1c43ac551,0581db8e5a1e5963,tablet,Linux,Edge
304cefbf-bf95-4830-88ad-ee8ba5a0a6b4,ba499a532efa542c,desktop,Android,Chrome
2d4f9035-3117-48d9-bf27-c1acfddbde0c,53f8fcd3cd044925,tablet,iOS,Safari
bc10da50-721f-4546-b5b6-d50bbe90fdbd,8e44c64a9552c4fe,desktop,macOS,Safari
65477fb9-4fa4-411f-83de-5be585f443e9,b897781ebcaa2843,mobile,iOS,Firefox
555d7778-3ccf-4da7-b924-7514a39eda2c,742b7781fff541ad,desktop,macOS,Safari
e786be9e-a934-4dd4-b23a-b041164b3aa0,0ef7f58254444000,mobile,Linux,App
7f8381a9-9310-495d-941f-41823e6f2f89,b5a78719bed2f72a,tablet,Android,Safari
9ff6e21c-5fdc-421b-a5cb-38f136a7070f,aacdc7dc8862050a,mobile,Android,Firefox
ad682794-3115-474f-88c4-d02c3075a662,4a72bd0ecdd25deb,desktop,Linux,Chrome
100e1322-d462-4f13-bcd0-8367d6414183,e1a10c34dde941e4,tablet,Windows,App
1d738164-cc65-46c9-8e49-aaea438f3a4c,6fdd50bb8fc7225e,desktop,Windows,App
f6030448-cc11-43b4-a165-820fc87dcb56,cf847e438f35de1a,desktop,Windows,Edge
7977c0d7-0075-41c1-9133-9f9dd38a0d2d,87a0fd0cd8edf43a,desktop,Windows,Safari
0ce2a6ce-6723-43ee-8bc9-0a15160efb75,cfb424187fa5482b,tablet,macOS,Chrome
36a9e7cc-530c-42ff-8df3-3d179e7d3653,a279857e1f7e86b9,mobile,Windows,Edge
2ce78035-ac8a-4314-a651-0232c6f536fe,203c97b8e964e004,desktop,Android,Firefox
334f252d-3db0-42ae-9bdd-03314979cfea,8c0ed846d0b73628,tablet,macOS,App
b8bf7b20-4452-4099-a840-fd2703e264a7,6d0c98afe13feb67,desktop,macOS,Edge
baf8bd5a-6be9-4fbd-b512-ae23ae5cf78c,86a2ff471255193b,desktop,Android,Firefox
afa21acc-87c0-42b5-92fd-b581b3c76c06,58cf70c5a805427b,mobile,iOS,App
79f4adf3-d7d3-49d5-baec-a70c822e94cb,2b60e8ce98a3b59a,mobile,macOS,App
87b4029a-dd03-496f-813d-df87a7837ef4,ac25d55576c1c0b0,tablet,macOS,Firefox
93332283-b11a-40e8-9966-59ec1b2451b2,012397c7b40ae014,desktop,Android,Chrome
b60ced2d-7bea-48bb-a891-4777cd40bbb0,8e31364499dfc2e8,mobile,Android,Chrome
759d10f5-6286-410c-b801-1aa3329a3811,96a5d2f466e0cc0c,desktop,Windows,Firefox
5358fb71-ca8d-4fca-92bf-7677fa4bb173,acaf30f50339fcde,desktop,Windows,Firefox
b11fe46e-c739-4a38-a7ff-f10d04ffca0f,def64f42bf534d69,desktop,Linux,Chrome
12d98598-e88c-43ed-9406-98508d915ac4,dd575f3f74f759b2,tablet,Windows,Chrome
f13a3c1f-531a-4b0d-8da8-d669b2650c94,f83c7732ab2b802e,mobile,Linux,Edge
1706132f-bcd5-4d85-8b27-caf0c26f9d47,1eee2585f0446db1,desktop,iOS,Edge
4e53af57-af41-4900-9d80-335323c726a8,33905c8813812024,desktop,Windows,Chrome
883dd505-8736-4303-8591-74d9932f21fe,4fa389caefd1939c,tablet,Android,Firefox
721013e3-fbae-4481-949b-800d72e4a210,bc595f5b2ee6a686,mobile,Windows,Chrome
b15d4743-ebb7-45fd-830f-a9f53eb1ba81,74c2c67642b0343a,mobile,Android,Edge
1438b905-43ba-4990-9e31-83ecb6822059,6cb62679db5d2303,desktop,Windows,App
768c0dff-31f9-432a-9325-aa3799769919,859027c2c267a854,desktop,iOS,App
47a378fb-605e-4310-9aba-8b09802b4472,10c768f065816958,tablet,Android,Firefox
f49d85a9-c8ae-4579-8186-58c785a93be8,33cbd769853f2ee6,desktop,Android,Edge
bcc7e226-ef4e-4037-871c-29d5af802688,7515f63620090ed2,tablet,Windows,App
8ba70703-fd44-49d5-8e12-d141a38cd629,fc11fc9f59f3e716,desktop,Linux,Edge
7e653996-30d8-4c75-9dbc-e1c7dd330f02,bf46666fadbfc030,mobile,Android,Firefox
d21061be-5545-44c4-9a3f-7280676d4759,b352ead9ae06c89d,mobile,Windows,Edge
488d9d9b-e386-4224-b327-5be2d1dffaf5,8efcc9556a0387c5,tablet,iOS,Firefox
d2bd7cb7-6f63-4580-9fb6-40f726647cc0,2e7c2ca9aed11591,mobile,Linux,App
f7d17677-086d-44d7-847b-54c8587f08af,5d15235b0a09306e,tablet,Windows,Firefox
2e785b83-74b1-4a98-8949-d9a83e577886,92cbe08f3b6e976b,mobile,Linux,App
41772a29-9435-412a-a7a7-cd0cc8668d23,48c65f12a53d8617,mobile,iOS,Chrome
c03b715e-c065-4cbc-93e1-f63513360ab5,9c762eb7a6024469,mobile,Android,Chrome
573f63c6-a173-491b-94c6-a611edf4ebf4,0cea17c199f90d11,desktop,Windows,Chrome
082bc9e0-206f-488f-9db9-6bbf28860055,2d645cb8f346e73e,desktop,macOS,Firefox
482d9835-055d-4459-a91c-49d1c9adc4c9,74992e0e07a1354b,tablet,Linux,Edge
c81504b1-f801-430d-8716-ea783f5f31a6,7ed31f53185a8cb6,desktop,Linux,Safari
101040e2-6294-426f-90b8-71e95ecc2757,652b891304f898e0,desktop,Linux,Chrome
271b2c16-33f9-4a54-993c-dbd828624cd3,2d607493999dc714,desktop,macOS,App
ecb492d0-087b-4be2-873d-7149f52dab48,9c25188d567e4514,tablet,iOS,Edge
76aa894b-9e55-4c4f-9a2f-fd8152497891,10fc64329aa1dc32,desktop,Windows,Edge
96bbe273-4d46-451a-b503-39b5fe71de87,9ddfa6710c59394a,mobile,Android,Firefox
8946b631-27fe-4e77-ab30-7100e5cbe0f5,756f945f8f8b343b,desktop,Windows,Firefox
e1604e2d-a150-4ac0-8936-4a123cf2ce6a,afb46d36f6fd0197,tablet,iOS,Chrome
6b7a0841-0cf4-4c38-add6-832428040e88,e673038e7e511187,mobile,Android,Chrome
f13020db-7fe9-4091-af7f-d64e8471507f,ecc96a9fe35e1655,tablet,iOS,App
c5d0310e-d743-4db5-9297-6b9cc511518d,5da8237f1ed885cd,desktop,Windows,Safari
b3d7e307-4c1a-43b1-9ed9-95839f597fdc,c1806ad496790454,desktop,iOS,Edge
1ae38689-c4eb-41ba-80ab-734aacfb91c3,bd95d7c3e0ed747a,mobile,Linux,Edge
7b6ab172-149a-4c69-ac8a-8113b17c4fd8,f35d99c5d9e68fd4,tablet,Windows,Safari
a1b24141-a892-429a-9db6-8961e9c29654,56f3c3db19627024,mobile,Linux,Safari
e82fb5bb-9d7b-42bd-a0ca-807abd704b4d,2c55b3afd5a68551,mobile,macOS,Edge
6b2d0683-6191-47cd-82d7-50ea3d82a042,65c625e63c24247b,desktop,Android,Chrome
988562eb-9a17-4349-b151-587e09b8159b,717cea6179aa0f67,desktop,iOS,Firefox
4ee40247-9527-4665-8bc5-7eeb5081ff09,9b39f3361daede52,desktop,macOS,App
b5adb863-e9aa-4569-8dff-22baa84c7771,aa12460c94ed8f02,mobile,Windows,Edge
478f744b-79e6-416f-a8b9-9665a66cb153,ebc145b9e2fe0f7a,mobile,iOS,Edge
704f4e75-02b0-4f51-b5c2-d7df6321327c,55b603ade357e1b2,mobile,Windows,Chrome
617a492a-67d2-48a2-854a-03e03ab018b7,37e6bae827260fbe,desktop,Linux,Chrome
5ab5d4db-296e-491d-a288-1470001a6e62,cbd470bf920ba341,desktop,iOS,Safari
ff28a5c8-1682-4c70-98f2-b6c69462c8b8,9d65399848c83177,desktop,Android,Safari
da079ad8-cebf-4495-b3b0-62ff2d1f9e70,3923dde7d9a68745,desktop,iOS,Chrome
7c9c4dbd-9911-4afc-b3ca-1fa4ad1a7cd8,7c5db5d9408007ae,tablet,Linux,App
478fecf1-1453-443b-bb7a-06f95ce9dba2,c9e709d988fd8693,desktop,macOS,Chrome
9480a24d-1be7-4fcf-8cc2-0bb944b28993,3648d708b177dc04,desktop,Linux,Edge
190cf62a-c05d-48dd-aedc-2a88a7bdb804,5238f808b61b8b67,desktop,Linux,Firefox
ed84bd5d-6089-42fb-b6c0-e0678e1b3540,5cc4d3d4abf1599b,desktop,Android,Edge
5a1a4c38-10d8-4c45-ae10-86a12c0cff52,9b149dcdd6d7ee70,desktop,iOS,Safari
7e1ae0ea-a9a1-4425-ae0f-7d272b423e95,b7f8b7451b82fc33,mobile,Android,Safari
e6923f68-c633-407a-a58a-6f5f5c9d7ee0,e20293439c5a6655,mobile,Android,Edge
f3f08ea5-e9fa-45c3-a9a9-45e2f9d744b9,163c45f7c17e33ad,tablet,Linux,Safari
44da8cf1-66de-43d3-8fba-7d0e1a9ce526,6f6cb9179ad043ea,desktop,Linux,Edge
c2625390-ab65-4c41-a601-72608638f115,3ebc974d9e60db0a,desktop,Android,Chrome
bc1e0fa4-4f89-4876-8e0a-e6c15dc5256f,b7f6a772c3d8f753,mobile,macOS,Chrome
fb61ba7f-45ec-495c-a87c-20441ea5956f,a45a1db21530efa6,desktop,Windows,Edge
c0e9dce5-3fc4-4130-a9b7-73a4664df300,0205a47a99e435c5,desktop,Android,Edge
36b272b2-80d1-4399-b838-3d62e0184834,d8decdbf1a5774a7,desktop,Linux,Chrome
8fc57cf0-553a-4394-8dc8-99d34b6eba56,58f9ab273ef56f1f,desktop,Linux,App
c4ba89dd-ac4b-4ab4-841f-e36469126ddb,1d98ba7937025d79,desktop,Windows,Chrome
b2a015b1-cec8-49db-99f8-a438e462b232,075351b1a68e2359,tablet,macOS,App
9272fb04-a968-4110-abf6-42718dcae4d1,a88b4e72d1cda6d9,desktop,iOS,Edge
f29abb9d-b23a-40fa-8384-6cf017dbb6f3,cabf5b382cb5177c,tablet,macOS,App
03c3aed7-b0ad-4057-8d5d-815bd6772c52,11ba9826dd51062b,tablet,Windows,App
7e564ca8-559b-43af-9232-d9400c57b0eb,dce4f98295dd66cc,desktop,Linux,Safari
b43d91e5-54ef-41d6-bada-12b5d10add9d,f28264ffdce9db5c,tablet,Android,Edge
c7cd42dd-0474-49e5-8208-21d9054a1131,5fbe450507684e2c,mobile,Android,Safari
9ef3774d-67ad-4a05-aca1-93d0fd0a2c0e,d4e65ae915080f2d,tablet,Linux,Firefox
b76d82e6-babf-4cae-8d96-9c4fe76c98e5,a16b681e735989af,tablet,iOS,Safari
7cb87d48-6fd6-49b4-ab9e-8c84d41ffd3b,d100ea6ea250b8ff,desktop,iOS,Firefox
ffc37d5b-c43d-4d47-8f59-0469143aed9a,a02642bb531be467,tablet,macOS,App
8e8cfd5c-e4f8-403e-86d9-c2213b20444e,4b67cf4fd8512fd6,desktop,Android,Firefox
fdbc815c-7fe0-49f4-8406-464332476169,88cc1b5a57ebd198,mobile,Windows,Chrome
03ce4373-ccb4-43aa-913c-2759bcfae69a,5f66439388bd2623,tablet,iOS,Safari
63426a31-b639-4333-abdc-cb667e205b41,7c37e10676728245,mobile,Android,Edge
23132f5b-9006-41ec-a95f-2e63274d16bc,8ca692710a3a808a,mobile,Linux,Firefox
c1ec9b68-f91e-4313-a6c7-9eae7f6f6c07,adb3c4cb72622edd,desktop,Android,Firefox
714e6ae9-4e44-49a4-b5f5-dbea08998a80,d3971d510104a7b1,tablet,Android,Firefox
2241a234-9b1f-4053-96d9-0932f0f72052,c946972fb03e9006,desktop,macOS,Safari
6c2c721f-f624-42e2-8ef6-8ae9a6ac5440,96c09eecf63b5010,desktop,Linux,Firefox
c5c9c60f-4fd9-4f77-80f9-b4b15634f6b0,e808b3e67bc403d3,mobile,Android,Edge
7be1b381-73f5-4811-8640-198138de7e4b,d95767b70c9219a1,mobile,macOS,App
73a6c807-9935-459e-926f-3e63075324d5,3f44a1d3f57faa4f,mobile,Windows,Edge
025e5a30-aee1-4cd2-8eae-71cf4c521249,85dc188435e28e6a,mobile,Linux,App
207d3905-19e5-415a-8656-9b028c29cc16,b432b7cd457c5562,tablet,Android,App
78a06111-2d98-4685-aba2-6b940e1fd889,7f7cc0186e6d55c9,tablet,Linux,Chrome
c2ed9bc4-d3f9-4eaf-b2ea-2e37ab3a31a5,5bbd42e9033f08ef,tablet,macOS,Safari
e8c1c10a-10ff-4483-9d8e-d72248a34b58,03eed770baed7850,mobile,Linux,Safari
54b9ed48-790f-48d8-b158-20135486d651,100e7d10a0272e79,mobile,iOS,Chrome
b455afa0-8a70-430a-aeb9-e09ad1f9796a,4d151901f11934f2,mobile,Linux,Chrome
2cb2a367-a8e6-40df-beb8-534672ee0ce6,4fd086671196bf1a,desktop,macOS,Edge
84159221-5ec6-42a5-b017-0e8dc93a5c4e,7e6ec3f942dc7e62,desktop,Android,Safari
40ccca5e-2271-4243-b105-f3ac73c535e3,7250fcdb258caa81,desktop,Linux,Chrome
d8a5039e-b0cd-410f-8506-53ea30a7afbd,8fb5c5fcd7d7a26e,mobile,macOS,Safari
fc036c75-2ced-4ab8-a190-683b12ebca8b,a9d42623cc40865b,tablet,iOS,Safari
f6441ef6-2877-4722-a304-e4969c76b359,be51137b5c72557b,mobile,Windows,Chrome
ec201985-34dc-4445-a38d-a0b3f26095e4,7b5b580d8731b6f7,mobile,iOS,Chrome
4a84f12d-d61c-43cf-9e02-33dc975eae3e,9fcbf387853148f4,tablet,Windows,Edge
6f7711ba-b9d7-4c13-9e33-a9916690dff3,2f031ae675e2a813,tablet,Linux,App
7b1fc322-deae-4aad-87c1-0d5af9e3e805,4c9ab52a755b12f1,mobile,Linux,Firefox
4e7a6412-4390-4a23-b1dd-9f40595254cc,2883287a270b9d89,desktop,iOS,Edge
abcb0be2-e229-4f24-92bd-f8cf2a0bfdb6,c24d66ecb6d3b7f8,tablet,Linux,App
d3ef59d9-041e-4808-a9e9-f34ff0d0b007,9228c280bb36667f,tablet,Windows,App
8b8b2eee-6c7b-42aa-b018-18f64bed0b1a,d3bf7c37efe23b35,tablet,macOS,Chrome
df5d3e93-35f4-4fd7-9e4b-47c9aae632d2,c8f403e5dea999fa,desktop,macOS,App
bbfd855f-9743-4692-ab77-2ccd3ebe1dc5,9b623e88917ecf06,desktop,Windows,Chrome
83d50a5c-cccb-4e6e-b240-5174f782a465,dd2056ad123265f3,tablet,Windows,Chrome
86997e54-d5d3-42f6-992b-9d7f243b1cc7,5ecffbb03c56f81c,mobile,Windows,Firefox
c9efc9c5-b6a6-4813-92b5-4466f1de2182,e242f08ad97fbd30,mobile,Linux,Edge
c8d05e3a-23c1-401f-abee-6f0d7cc04c0d,fdd9a276a5c6fb30,desktop,iOS,Chrome
5b62378d-1ab2-40b6-8f7e-14b451615206,19914e2b7ea64d14,tablet,iOS,Safari
f4ff4d84-faf4-4e6f-a12c-ca47bc7d6268,3b7eca5b4c35f67b,mobile,iOS,Safari
daae05cb-5c23-48fc-ad20-552b631bbd33,b7341fcf30550857,desktop,Android,Safari
6acdbaef-f354-47c1-858e-a3bad7cbe302,d329b7b4f075bc12,desktop,iOS,App
24336488-d553-4cb8-842e-620f9a638d3f,8c05acc942cd2f2f,desktop,Android,Safari
05244a89-08b6-44f0-8de2-a5be55d119a3,73c040761c5bfb13,tablet,Android,Safari
d9b39603-642d-4685-b383-79fd20b25a10,90694c89f7a54079,mobile,macOS,Chrome
abc5aa85-2571-476b-8ea2-438cc9b35703,5cf68defb47b3739,tablet,Android,Chrome
8d2adb91-789b-4b8c-80a9-82f1f1e79add,d0d4868b862834b2,desktop,Windows,Chrome
3c03a528-df00-4694-9662-73d3d5c648d4,80e34544e4af19e8,tablet,macOS,Firefox
b6a95a74-9d7e-4669-9e40-4f109ec1ba54,38377442a78bfe1e,desktop,macOS,Firefox
cd6cbff1-42c4-4752-b5ce-795b2ae6285d,8e8daa586cde848c,mobile,Windows,Firefox
c7d14bb9-ad77-4d5b-9a9c-26d7e1f21ea8,8d3524b8c32bea21,tablet,Android,App
d0fbf3f1-2a35-47af-ba5e-08222167bc3e,ac1b5250021bfc94,tablet,Linux,Firefox
310badb3-00fd-4a37-934d-228180740f03,bd3663f12c4f1c13,mobile,Linux,Chrome
0e15ba07-dace-4d9b-ba68-39811e9dac02,633abee4fa4eee11,tablet,macOS,Safari
ff766384-cb93-45aa-bdbd-a9df4d3e548e,328719113ffae9b9,tablet,Android,Safari
8aa09433-c3f1-4051-ac85-6ec66923a28f,cbd312392e139f7c,desktop,Android,App
db8b5bfe-f0ac-4da1-ab66-404a78c296b9,733a04d11adea840,tablet,iOS,Safari
dcf5882d-867c-466d-88aa-a2b28cf9ad74,ebab1490fe2e3302,desktop,Android,Chrome
843fd9e7-8b5c-4a75-9a96-ae808352c49c,3fce0ce05cc12645,desktop,Linux,Edge
cee63fe4-4c12-4a09-9905-1676d3f38990,7bfccb5dc459fabc,mobile,iOS,Firefox
5d45b904-679e-48e7-ad67-dff4fd887c80,8e4e0829027ac417,tablet,iOS,Chrome
368c7bd6-1223-48fc-bc5e-66ffda39951e,a0f3dbcca2dd0a07,mobile,Linux,Edge
7cec7917-8ef0-4531-858c-202b3982b096,2defcfb0638a9e32,tablet,Linux,Safari
f97b3879-d3a0-480d-a17c-437c6980fa56,2c97745d9938f1d8,desktop,iOS,App
94ee393b-72a0-433a-8d5f-9f1a3c7fe7d9,f2cae11edbc45f63,desktop,iOS,App
da4eaee5-2c10-41e1-b872-7964ad1e7052,3fa6e40dfda6e0ec,mobile,Windows,Safari
04184d8a-9266-4fe3-becb-424263356317,0b7004877f96ad93,tablet,macOS,Firefox
f87828a5-7e97-425e-8feb-94cb4107867a,c92082018c16c35c,mobile,Linux,Firefox
4d4f092c-0f14-4945-88b3-05d14349ea56,fd978b54e81bbe7f,desktop,Linux,Edge
f595c4a9-71aa-4104-b231-ade06269f03c,181a7d40a1a6b0b4,tablet,Linux,Chrome
846418c1-c94c-451e-a9dd-38c9b732a62f,30fb6193fd306ef4,tablet,Android,Safari
f9b80e58-a7bd-4d49-88fe-bb29d4dbde6d,0de1e7ab8d08d33a,tablet,iOS,Chrome
8328a8ac-4190-4ba8-9f32-dea772172d13,d4008ce7795fd17f,tablet,Windows,Edge
d2d3c57b-5d64-440c-a8a1-97ca98a69133,ccb5d4feb0b6efc3,desktop,Android,Chrome
fffaadc1-117d-4623-ba03-cef336dd5e8a,dd4de85e2067c8c6,mobile,iOS,Firefox
36b6963d-452f-4268-a5b4-29745a7788c9,706ab201cb43470b,tablet,Android,Edge
df362c7e-0cb6-4800-955b-e2c5693c7edb,537e65da70861a86,tablet,Linux,App
9531b954-03df-433c-8acb-79dca665437e,d2dfbe71e817f2ce,tablet,Android,Safari
83ae9077-4192-44d0-9786-bc5bf7202bfc,b31630d763cf1216,desktop,Android,Chrome
a8677b4b-bb1c-48bd-80d3-24a09c05c412,7ce7ac26bc4814c3,mobile,Android,Edge
41e661eb-2ec1-450d-8f9e-96a50f3b7c08,7abcbe7f72f2e41f,desktop,Android,Chrome
9fa22500-7061-4f24-87a0-0ac293b1db1b,41fba877ad5aa352,desktop,Windows,Chrome
21967a25-0507-466b-a71d-dcb54e156366,c3db48c0cd84275a,tablet,iOS,App
24c00e4c-8e01-49fb-a48a-1a523e554160,aa4f7b9cb4048acd,desktop,Linux,App
590624ae-9029-44c2-8aa0-582ac93006db,d5c9d85ac336788b,mobile,iOS,Edge
802f23d7-80ad-4562-9c08-f976fb925384,d71e4e462bc508d0,mobile,Windows,App
780b3a7c-be40-4113-8c29-d5f4e36eaa5e,9ba5e37caaacacb6,tablet,macOS,Chrome
9e863edb-4ed1-4ba4-9d89-0832a0f429cc,11e10df88b6d786f,tablet,macOS,Chrome
fef9d251-b459-4800-8763-e4c515151d4a,5fc4fcdf803897c4,mobile,macOS,Safari
9ad8c32d-837c-4a14-b8a0-75494ff09abf,f4a23d073e9f8323,desktop,iOS,Chrome
bb706ffe-3bb6-430a-bc4f-0b62ad437e6c,d92fb0c22454895d,desktop,Windows,App
b185bfce-38f0-45d7-811f-95bc63c38629,b006bfeabeba24d7,desktop,Linux,Chrome
d06a98b0-5559-41e0-a7ac-91daa20e4029,c8458a8b948d496e,tablet,Linux,Firefox
ba44a96e-6a4d-479f-8893-92b70913eeca,36d090f80dc0d75e,mobile,macOS,App
f8672372-c93f-4f1b-8887-4dc6368c11c2,e41564d2d5e42e00,mobile,macOS,Edge
f24f3f89-7e65-4e0a-9d4c-016c012c17bf,f6ed8f9dfd37f6a9,mobile,Linux,Safari
7ef4f618-4be5-4406-a34f-3a4a78dc8707,5ab3c388fcb7865d,mobile,macOS,Firefox
f1e5e3a8-cef6-4d88-831e-e7b46626bc76,d431c74dc07c7f09,tablet,Linux,Firefox
0855ee6e-306e-45ae-b79b-67264d1144f7,eb7aa79653423e57,tablet,Android,Edge
19966578-5140-4380-8c88-8d512e05afa6,0c778be82a449a90,mobile,iOS,Firefox
23bb6ffd-ac02-4f90-aa77-59d1217d795c,7af4d11ea4b5dccf,desktop,Android,Safari
8aa44b5a-6637-4166-b4e7-29ed8bcdc257,480defa098e50c5e,mobile,Android,Edge
4ebbdc8d-5a2f-48ac-890a-56f4b2c0e115,04ac928bd54c3c24,mobile,Windows,App
550432ed-c8e5-4ea4-80ca-f97835c3fec4,424cc6767d45bc3b,mobile,iOS,Firefox
91983d63-ec5d-4aa7-98c6-ccbff1f745f1,d3c1b491a6df3b92,mobile,Windows,Chrome
7ab73147-3e5d-4377-b19d-5349d403a602,4e6a9abfee7fec0e,desktop,Windows,Firefox
ff00e339-aa5f-4431-82a2-ff38327c1534,d8533f4d82daf28c,tablet,macOS,App
e2793729-d86b-46ff-a4bf-9e9e92cedb86,a74b0d7073e83d58,desktop,Linux,App
0e0955e8-0408-4857-9e23-67cbe02c3af2,0a5543b728525cee,tablet,Linux,Firefox
45bea2a3-e0f2-4764-8481-44ed428d6b30,71b31f5fed07e03e,desktop,iOS,Chrome
492f4daf-4c03-4a42-89c3-9e637e837e26,814173daaf0da526,mobile,iOS,Firefox
644136ac-a1fd-4296-a6b0-2410d54d2c55,d5059aad68b823a7,mobile,macOS,App
c436a311-b4c7-4b40-83be-1b42ff996372,9f8dc1d7085cd337,mobile,Android,App
c0af0ffc-9de2-4d43-ac2b-fe76b123b86e,d4417b5705207026,mobile,Windows,Chrome
b8fd3aea-dd95-4134-9404-bdb4342e0621,fa788a4fdcff8470,tablet,Windows,Safari
9c13df47-bc6c-47d3-97af-bc25fb44b8e7,c5b0f4cc722976b8,tablet,Android,Firefox
3fbeb352-d721-46ff-a4f5-9baafec8f7a6,0c69c9cfa1eec6c8,tablet,macOS,Chrome
f872ecef-f536-4913-9be2-09af0b147274,655ad451824fc7bc,desktop,iOS,App
2bcac84c-e421-4077-ae95-cbc831323e1b,45edd2301ad497da,desktop,Android,Chrome
0d47d642-a865-428e-ac9b-4120f47e8a96,7380686647e18b69,desktop,macOS,Edge
c24c1031-9858-489d-9391-d3647c16d06e,f07a9442d858cb27,desktop,Android,App
51037bb3-e769-4bbe-9ba0-caffcb1f5f47,0eb03d6685dc4b0b,tablet,macOS,Edge
64163280-273a-416c-9281-6c5d52682fbd,5bdd6ac602ce98a8,tablet,Android,Edge
941978cc-5783-4148-9f05-c23ec0f27185,ed6a0a49c5c8a9bc,tablet,Windows,Safari
2fce7914-d84e-4639-9789-54fb6aa77d07,75233f1b11129065,desktop,Linux,App
c2b70b03-4d90-4ed6-9dad-118605a1aec3,9dc995d17972ac77,mobile,iOS,Firefox
bb5b0aa3-5e0d-413f-bc8b-e3f4f39f5f12,81c23342c74b6647,tablet,macOS,Chrome
3585dffa-768a-4ec6-a2ad-8fd7373bf3e9,d795097b6d5936d3,desktop,macOS,Safari
7e92c3cc-8401-4300-92bc-d420fc8e461d,86c67171e9db0791,tablet,Linux,Safari
72d66dce-573a-4f9c-937e-110a20364b91,b528c123d36e6a81,desktop,Android,Firefox
5453bca1-c8e7-4942-9253-76572162dcb7,874d192febdc7db9,tablet,macOS,Safari
ed65c5ec-807e-4710-8f67-257ef1dbf234,58a152956f9a343d,desktop,Linux,Firefox
4f3b423a-c3d8-4a15-9e12-5431aea21e4b,52d78202293f53a5,tablet,macOS,Firefox
49f6cb67-fe6f-4032-a91c-72adb6325295,5a17c716b54c7bed,tablet,Android,Safari
8c33a75e-a506-48fc-9a30-4936869ce005,e2e0bd9f018d4c5c,mobile,Linux,Edge
93555bfa-b4a9-40cd-ba28-6005b939ecd2,8a7db54f93e1851c,desktop,Android,Safari
2d95672a-5777-453c-ae5e-08d60cb878ff,64b4d53696e451e0,desktop,Windows,Edge
5c8131ec-9ff1-4ef4-ac14-67bcae4be51a,705b8940e63fe251,tablet,Windows,Safari
49c620e3-ccfc-478e-ac8d-e9c69d68f9ef,a459e0d0e640ccff,tablet,Windows,App
b725c279-a967-44f2-9fef-26d7bc48b108,0964739433baf819,tablet,Windows,Safari
cdd79d66-5e3a-400a-adab-fbd2ffaee59a,d9b4018abdeb46a5,desktop,Android,Chrome
e8f44186-1039-4424-8e2b-01b1c4bc6dcc,78b54060f0226cc6,desktop,Windows,Chrome
5e3098fe-3a31-494a-b5a6-20d0e4666198,b25e84271415889c,desktop,Linux,App
4a86e6ba-fd33-4a71-ac59-5dc38b657998,ffc3feeb0bb75b9b,tablet,Windows,App
9ab5de80-f02d-4b0f-974e-987634da5161,4e47f177e9edd564,mobile,iOS,Safari
b9248f6f-c5ee-4b85-9bc4-408ae52c8f27,aa17a4d3c020dc02,desktop,Linux,Edge
1385a933-2a2f-4e68-8193-c1df81bb932b,b305f9ce238f6fd5,mobile,Android,Firefox
a8e18218-90e6-4180-abc0-b477f9420647,b81072864dbaea44,tablet,Windows,Chrome
41ade9c3-e13a-4acb-a00e-a8eedd439e28,cb20573acaf533aa,desktop,Windows,Firefox
7156a568-bd49-4dec-8439-22dead869109,55ec60d086f23fc1,desktop,Windows,Edge
3063098b-23e1-4c84-96b1-37913642f3da,a21e265c29268f07,desktop,Linux,App
0b74ca18-5dc5-471d-92bf-f33ec0fdb3f4,074f43f2ad1bed9e,desktop,Windows,App
59e61393-e02b-4549-ab63-f98d3f56500f,2cac2829fbd8aab7,tablet,Linux,Chrome
9fc4e626-8f27-4437-ae04-bac8ba51b283,96dfa08fdca0a312,desktop,Android,Safari
9ddc35cc-8e0f-4849-acbc-22d46eee3ae1,ec62151da1a0a566,desktop,macOS,Firefox
b54b2e82-c984-4d59-b9fa-40c74e17a084,7783a772eefc28b6,mobile,Windows,Chrome
002aecaf-2574-4740-a4aa-79efbcf7ac3a,e7e0352b0ef0fd30,mobile,iOS,Firefox
1f8b65aa-73b0-4d93-a8b1-89ada70d985e,c4993ad21ca7c015,desktop,iOS,Chrome
750cce44-d998-48e2-af87-c63b22a4054f,4f61532c3f569db1,tablet,macOS,Chrome
e7300d7c-160b-4b7c-a833-f70e53d8ae66,266dd94b9a0dcff7,tablet,macOS,Chrome
6ec0d40a-ffe9-45b9-b07e-296c84fa0335,d8e24d0e078bdbbe,desktop,macOS,Safari
21a70a8a-866b-4305-a2e7-9cb769051824,dca6411f0d55cbc2,desktop,Android,Edge
07e518c6-21d8-4ff5-bdd4-7b4340397bb3,7c2feddf7684ce18,desktop,Windows,Chrome
ae5b6d82-720d-4c3f-851d-1340103557f7,9c95d33d5752c738,mobile,Linux,App
2114ef7c-aa4f-4ff7-aa1e-979462042ed9,614dd7a27f7cd5ce,mobile,Android,Safari
a254d409-a249-4396-aba0-7dc36695f948,c73ae6846dfec68c,desktop,Windows,Chrome
272d4e42-31bb-47b5-88f8-cb0d3e9c5642,4365dfdd45d87004,mobile,Windows,Safari
baaf0191-cad7-43cc-8088-528748dcac6b,093b0a40a2d85399,mobile,Linux,Edge
6d37cba1-3816-4790-8614-2907b350da2e,3b5f1812d7ba1357,mobile,iOS,Chrome
a9974cf1-c60f-4756-8782-9623122af466,d746f3632895fef9,mobile,Windows,Chrome
bfe8507c-1a21-4d22-97ab-369cf6d97aaa,3405f6342d3dd707,desktop,macOS,App
1f934b94-c4c8-4435-b0e0-eafaa14f0679,86b124e1ad3bd6a8,tablet,Android,Firefox
dd209011-d086-4eb5-9f19-8ea5d5fd097f,307f8b07774acb4c,tablet,Linux,Safari
a5697349-292f-43e3-9cdf-a2e162f84781,f9843d3dcef75a39,desktop,Linux,Edge
e3b4a207-d025-4b74-8aa6-7ce426803aca,12b6468d19a4fb5b,desktop,macOS,App
92441332-f000-4d72-bb50-817be9bc2441,7f2317df83830050,mobile,macOS,Safari
b242ecd5-602c-4e80-8ca2-032f24810c8a,55b1790b0141ebaf,mobile,macOS,Firefox
1a26947d-70ee-4bb2-a502-3cd1933db2cf,48a8661a03148c00,desktop,macOS,Chrome
86b681b5-f403-4d4c-bc5d-947dddf71fe3,dc4915b1d23b26b6,desktop,Linux,Safari
6b8f44ab-5940-43c0-81bf-92ca46c59f65,f5c3a65ca3d6baab,mobile,Windows,Firefox
13361c4a-7284-416c-b21e-6b0fc4038921,2b4a4c92b31ea0ec,desktop,Windows,Chrome
ed3ee391-c31f-49fc-86e2-ab838d9e6d4e,2b89e773a0c02a97,mobile,macOS,App
5c09bd4b-0da3-42db-bcf0-c4822e229ab1,51479585bbe76dc1,mobile,Android,App
24cee200-97ab-464c-b898-59e8027e3875,f831533386456928,tablet,Linux,Safari
0f1f42e1-a55f-4f1f-acf1-fa3ab8055825,9171c0e01ddf3b18,desktop,macOS,Safari
3264e2d2-0568-43be-b75d-d3537ee8a0ac,89f669ce8f752260,desktop,macOS,Chrome
a5b8cdb1-e047-487f-8d9f-b167e6c138f1,2a847949e41f1b71,tablet,iOS,Firefox
3890a570-7e6a-40ef-9a1e-6baf986ef9d3,d17bc15b3296c490,tablet,iOS,Chrome
7c98ad5a-2569-4904-ac37-5209f16b4bc5,1f05dc71f0d8b286,tablet,Windows,Safari
25ff1076-0579-4461-b66e-e5c3013d220b,e723444487a72563,desktop,macOS,Firefox
5cca51d2-71ee-4ab5-ad9e-0c6e49d5641f,fe4072d42906e1da,tablet,macOS,Edge
d5f64382-964a-492b-95bb-77ff1948a641,93570cb5500198a2,desktop,macOS,Firefox
df703f43-c7dd-4d5d-b1ef-7b5baeb9df43,86417349326043e6,tablet,Linux,Safari
14270da0-43d0-4304-b64e-a50500173d13,8bf00a65cf2a3c9f,tablet,Linux,Edge
cc13b1a8-6f05-4820-96a0-88e26afd6e2b,5272a37e036f17db,desktop,macOS,Edge
9bb2d808-b3e2-4504-9693-1890a414d735,34f2202d1a151ea9,tablet,iOS,Edge
cc6271d7-0bd7-4b0d-95c7-e8cd331dadc7,8e1dd5095f4c0f98,desktop,Windows,Firefox
92162479-aee3-467d-b434-3ae23128e16f,599a0ba676e54226,tablet,Windows,App
5ebf2d1c-bf22-4ac1-b03c-10d03f6e5a81,d9b32416a2edb7c3,mobile,macOS,Safari
7caa1b7e-7387-43a4-ba8f-15d105c42c0a,c3da3b3b3abce2f4,tablet,Linux,App
d2f38057-0f0a-4976-8fd4-b7abec2710be,6b62012f0d5cd621,desktop,iOS,Safari
7a5f8abd-235a-495e-bb4f-878eee318ee8,5584da06067a41b9,tablet,Windows,Safari
129aa518-18ed-4aae-ba8e-2212af0ef4aa,2380bdbcdcfbbefd,desktop,Android,Firefox
32ee2b80-3274-484c-84ac-0115f30b5b35,94ae46a778cd96bb,tablet,macOS,Firefox
3ad225f8-00e9-4b91-9942-4ed96b143aa6,546fd3c640e6253e,mobile,Windows,Edge
a5032783-0c35-4f99-8eb0-9752e005a2f7,a15b2e0eff30c920,mobile,Windows,Safari
5138a9a8-0565-40f4-80bc-aa937c146dcf,1fa585f2cb47b0e6,desktop,Windows,App
e5afede6-1d9c-4ee8-a622-fdfc5226c80e,faa0565cbf2aacdb,tablet,iOS,Safari
1bbfbf56-04dc-48d1-93ff-93e1518da2f6,9f6389759f97ded7,tablet,Windows,Firefox
dc375e15-2a2a-449b-af8c-bf9d16f673d1,fb26029e1266985a,desktop,macOS,App
3b8682d0-0d6a-410f-8ab0-45f75adc974f,c27d7b2974649f7e,desktop,iOS,Firefox
d9f9e313-9fe3-46ed-bdab-168a35c6fd95,8ee2953bfabfffb2,desktop,Android,Edge
63a4208a-665a-4cbf-90b8-ceadceec33a2,a1204ebcc90c7873,tablet,iOS,App
324d3643-bec9-4289-b54f-b0a385be9023,e8eb5a71c65cb32d,desktop,Android,App
11180642-a718-45b9-b173-7b91b363b089,3242d4f4e20ef0b8,desktop,iOS,Firefox
173f3f30-7657-45e4-ad51-fcb1dce42f29,5acd46431ab48be5,tablet,macOS,Firefox
6736ed52-8d22-420a-9971-deb84b0bedad,3e7d0bdb4a6d0d52,mobile,Android,Chrome
512cebba-9069-4ffb-9638-18e62ab79e81,e59b14b350d75925,tablet,macOS,Firefox
2165d602-eda7-45d4-b2a0-3860b09bef09,b86860ed9a8668f3,mobile,iOS,App
b1685b95-2a15-4ffb-ac98-e4a7c02a1fde,4541a8b4cda2eac9,mobile,Linux,Firefox
2aed158e-2e48-41b6-93c5-3ce7f72d6380,76b6b36aee28097e,tablet,macOS,Safari
8a40a651-8946-4695-8896-a7c2f5996467,fe919a4a2fc0369c,tablet,iOS,Chrome
6eb7d637-d867-4285-8b89-4e7ee162398f,8b7b27a54528a8ef,tablet,Windows,Safari
12771704-28ef-4a54-84e0-3631fce6cb6c,a9ad868c84d2bfdf,tablet,Android,Safari
c9db9eaf-a8a6-47cc-9fbb-283e3bbe6273,933f2438f4a69abe,desktop,Android,App
975d729d-029b-4a99-998c-2927c2ea1818,bfb6d669f5a768c9,desktop,Linux,Firefox
269a3952-1ab7-4380-ace3-b94305f548b8,2497ed15b10e74da,mobile,Linux,Chrome
b6eda74b-347a-43d7-ab4a-4566dfef588c,ed572b05dbae7c90,mobile,Android,Chrome
566319f2-70f9-447c-bf75-43e14541c2dc,8dfb7aa147579625,mobile,iOS,App
03062090-e243-4559-91cd-972ccca24443,b63e0f9664936056,mobile,Android,App
fbc710d5-e838-4445-998d-062ec88e91ac,4d5fc6f47ada895a,desktop,iOS,Edge
ebde776d-3883-4d3c-902c-7e55ac028c47,4e2f98f1f5d3aa93,tablet,iOS,Chrome
0a7108a3-41bd-4dde-8719-434a7bcb9aab,fc9cf83b152c6b5b,tablet,iOS,Chrome
7eb809a2-643b-4543-87a1-d3adae0283b0,bd85565120708bb2,desktop,Windows,Chrome
cf685013-ba9f-4568-84b4-5100c07137f0,875492dee1e21fd3,tablet,Android,Edge
4f1969c0-d9d9-4d7b-9394-682fb67f09a3,7d9debb67500f841,tablet,Linux,Edge
365aced3-372b-4098-b0e8-2285ef48bbab,c35b925ccf7d0266,tablet,macOS,App
61bd9002-d3f6-496b-a10a-f3263da83040,d5cd1505532e39f2,desktop,macOS,Chrome
a86384d0-6551-4e1f-87f8-b71f0e4cea4c,f9dfaac496845164,mobile,Android,Chrome
0057e780-36a4-433b-9ffd-90fb38284e26,464a99496271bc3a,tablet,macOS,App
d22c1747-59ee-46da-9d9d-ef8d60990930,b55c418b2b3ab4ec,mobile,Linux,App
51bbe9b2-d519-4132-abd3-68705ea08c15,4e42fca988858673,desktop,Android,Edge
3625f2c2-e4cf-48a8-b3f7-35b692dcb850,c94791b33543db35,mobile,macOS,Chrome
86275f0c-fdb0-4b73-a644-211d0bf4f5a5,e718b841779e120b,tablet,iOS,Chrome
bae68cb9-f2f4-44b5-b4e8-4cc9a6bbe541,61ff42a4be146708,desktop,macOS,Chrome
909ea0d8-a1a4-4818-bcef-469c6988dde6,d91cc82f5a21c6d9,mobile,Windows,Edge
b5fb670e-a501-41bf-bf03-a04f2d3817b9,977e28266ffa1132,mobile,Linux,App
3687016b-b4d9-4752-bd1f-52b6c57f83aa,162522b58ea82167,desktop,Android,Edge
3305f4c1-66f8-4e31-9be0-f61d8744dc04,f196a3ba7cc7035b,desktop,iOS,Safari
335d4523-0887-4b5f-94bf-4e75bb281fc2,1a639495c5ae3065,tablet,iOS,Edge
69687bd0-45b6-430d-bd3f-33d42c3dbbfa,11ac8726d13146ba,mobile,iOS,Chrome
85d64129-3c86-438b-9e8e-65bfdf16665a,9593d0fc8b2c55c3,tablet,iOS,App
fee46541-c6c7-4867-96ff-341d35f2b1fb,0dfd69a798d3adcd,desktop,iOS,App
2a9e0077-2032-4a42-9322-7850a543374b,47787c1be7edefe3,tablet,Android,Edge
16c98136-f9fc-4595-872d-e5779215209e,254b71cc20cc4753,mobile,macOS,App
80b9d4b0-1ef1-40d1-ac78-eeb534797f71,2eabbd49f53b4ae4,mobile,Windows,Firefox
94d40199-52e2-428f-be0a-654b3ebcaa8a,4e9c26bcff79ac2e,mobile,Linux,Firefox
6ba96d9b-3652-49cc-9849-27d7a8471d31,fe475fde9ec48b9f,desktop,macOS,Safari
caf577a6-a5ad-4ceb-b8b3-a4501f9f6f19,188eab4e36ab6bd0,tablet,Android,App
d89f9bbe-d99b-4ec5-813b-705de0a89f45,ed0d559fd903186c,mobile,Android,Edge
f64367bf-6a4b-4aa3-ad7c-368c887ba297,ace2d2d8b45ab4e8,desktop,Windows,Chrome
52a08178-11e5-4bf3-a291-ef879c3db44a,9dc6a0db44a29e50,mobile,Windows,App
c29efb8b-cc96-4af8-b169-e7bb31798826,246dfc22d2fb29f1,tablet,iOS,Chrome
23f9964d-499d-436a-b283-7cc68446434a,35a729e39e7a348c,tablet,macOS,Firefox
f37f85b2-2d54-4032-909c-518937de8d93,d96e5415e6cef338,tablet,Windows,Chrome
42b1e12c-1ac0-4b41-8de2-1dfb73d205ab,97093d1f939ec775,tablet,macOS,Edge
bbc65df3-eab2-43e7-b7f6-84c3fb1fe32f,efe5a12b1937504a,desktop,Android,Firefox
c0486b76-b0f0-4f1c-bba1-fe29d4e1c40a,54183eaaa6bdf44a,tablet,Linux,Firefox
39eea7d8-d1ca-4c3f-b2a9-0d27f6e8e94e,10eac2e029b4da24,mobile,iOS,Edge
a8835950-809b-4bd2-977e-87ab322c1d3c,59e3261f72d731f1,tablet,Windows,Edge
11888720-1468-4791-a2a5-98ddd18cc6a7,9105795bb6490d68,tablet,Windows,Safari
45ae62bd-5daa-4e7d-ab9e-19e6d0e1b307,e7b376fd1cbf0af6,tablet,Linux,App
fb278064-60bc-430d-b6ff-7582f62abd9a,57782ea251a5079e,desktop,iOS,Firefox
c1c9b077-b508-4aa0-90e2-3cf02a26a5e6,04235d8aeca54fd9,tablet,iOS,Chrome
de4bc414-01e2-472d-954f-f9315c53184b,f7f6ae26e1c4d2c8,desktop,iOS,Chrome
c877a552-c859-4911-b16f-5022a5616718,e93105158f8d12db,mobile,iOS,Safari
9a3ba91b-fb43-4051-83b2-7c480691f382,f2bc6240354008f9,tablet,Android,Edge
1254bc0c-1ca8-4ad2-b324-eada676f80ab,8284cf90c7b7694e,mobile,Android,Firefox
4b599eac-06c1-4ff1-9aeb-45eaf303f81f,d4eb78a73a579128,mobile,iOS,Safari
d47e03e4-4fcc-4fe5-a489-a348bd2f6d0d,250e84ece6b0b4be,desktop,Windows,Firefox
6f81ea83-416d-4001-a4eb-4b1eac03ae9e,29eb0bb62c82ee71,mobile,iOS,App
d0782a13-217b-4b0f-b06d-1c0814f4bde8,abb694c35dadf94c,tablet,iOS,Firefox
7315ee84-15ee-45f2-9ec2-665f26f77b60,546011ff17971a71,desktop,macOS,Chrome
0c68ba0d-296b-464f-97b3-5f7bc6affdff,0a8595e94e8c9286,mobile,iOS,Chrome
1a1649cd-443d-4f3c-a56d-6f56cb3b261f,c6554f67c5339ddb,tablet,Linux,Firefox
886086b0-028c-4df1-88d2-8e81493653e1,a0504f9503c6d95c,desktop,macOS,Firefox
6b73988e-f576-49ae-82fe-0d1e90987275,91f27b8d3a1df11b,mobile,Android,App
1511c9d8-625c-4db9-80bc-84754f92350b,a0a1e9b3399b53ac,tablet,iOS,Firefox
f6e56cbf-77ff-4fa2-9c62-3f5dff287a61,c7e9afaf44d1fcd7,desktop,Android,Edge
e3c3f71d-8550-4637-a5ac-f2a00718121c,bd5992912a641370,mobile,iOS,Firefox
a9196167-9d85-4041-af93-bc254e960c75,a192b8fcc3056d2d,tablet,iOS,Safari
cc28e225-19fa-4364-9dd7-f3ca6a756300,722e2c0649494f2d,desktop,Android,Edge
e19af065-e4b8-44f7-82ed-659b23924c5f,b1a21a1f73f8ce58,tablet,Android,Edge
d6fa76ee-a57e-4fa4-9553-92903ccf2356,6e4c545f919c383f,tablet,Windows,Edge
3815ed8f-e29e-4ba9-9060-1647d8717d6c,db89a49b5cdd7195,desktop,macOS,Chrome
3194a9bc-4854-40fe-82dc-b698b9bbe99b,a47201ca28cd14e0,tablet,iOS,Edge
ada12513-7d80-4471-83e4-58bcf769fee8,6e31cff1a64c68e7,mobile,Linux,Safari
bb4b4955-3ab6-411e-8361-af42020f92b4,9571d3a65c1f0bb5,mobile,iOS,Edge
be89f7fa-daed-478d-ba83-c4a76b1b2a07,cded56aaf4e73674,desktop,Linux,Edge
95f5e849-2b98-4e16-bc01-8a4beb6c2db6,ff3ae47d0ca3f8f2,tablet,iOS,Edge
c95589e8-c229-4b94-86bc-dda543eae0a1,b0b452731cbad8bc,desktop,Windows,App
8b37116b-29b1-4c57-9de5-42716206c143,b8aaebf07696f4c0,desktop,macOS,Firefox
3b86fa66-78ae-463e-8138-110039eff6a7,724de2504ea385f9,tablet,Android,Chrome
9b8d7862-24e4-4bf5-914c-7814d6e0f5ea,efa38f89e7e1b863,tablet,Linux,Edge
e0531cd8-d86f-4d2d-9393-d717312e7edd,a84e3751a9510ff7,tablet,iOS,Edge
31e4ae79-df04-44e2-a182-435713d86f06,3baff152fe99d944,mobile,Windows,Chrome
99f29aed-050f-4ced-a740-172492432fd9,f2edde2639ef768a,tablet,macOS,Chrome
0516d42a-ca03-4d95-99c6-06a28ccd0df0,ec0c37e1de496261,desktop,macOS,Safari
4623d865-5b18-446a-84fa-88e09dc005b1,321cd5244b262c70,desktop,Android,App
050fe7bc-8c4b-45c2-a61d-31c4c60bf6c1,548ea27968fe110f,desktop,Linux,Firefox
00393012-65f9-497e-b4f0-a5f5a40a62a8,ea94a5a068725b21,mobile,macOS,App
53812135-a262-4ad6-86d8-fed21dafbe32,cfffded78960a1b9,mobile,Linux,App
c917a61a-04f0-4ee8-bfa7-977ec77460c9,dfe4a770a340ca53,desktop,Windows,Firefox
332e6831-00aa-4d29-853f-f7fb5bb46031,617c0b05d5946dbb,tablet,macOS,Edge
1230935b-9f17-4fc9-9770-8decfe29aadc,db6b6b4392714806,tablet,Windows,Safari
f4e8ebed-4cb7-4982-a82b-2e7529d81d85,ab99f201cc6a99bf,mobile,Linux,Chrome
0146c64c-1b7e-4417-ac33-401e47f2c76a,d8138447151a2091,tablet,Linux,Safari
005bcdb6-83ed-438f-b956-b67514c35762,d518f2d0115e918a,mobile,Linux,Firefox
d20c6b12-95e2-4489-af97-2adaeef23a29,f8dc44051317c05a,tablet,Windows,Chrome
41b5531e-e7c6-4a36-947e-5c6140b2a98b,3c20f74722bc0105,desktop,macOS,Safari
30bc49aa-fdb7-43e8-bc33-b83c37bfcbe6,c407875aae2ea3ad,desktop,iOS,Chrome
d0502578-6040-4ad4-b302-30a140a1a217,6f618b6b3d5eaabc,tablet,Windows,Edge
21554b95-f56a-4647-9758-1eee9b3e4a91,d444e92d7e2a3d04,desktop,macOS,App
d5cf8a07-57b5-4250-ab78-9789cbb27a07,f36b693258afce97,tablet,Android,App
ab2a996b-c52e-47aa-97d4-62f9e8c3b6f0,205f0bba9b9dd095,desktop,macOS,Safari
956ff5d6-7497-4712-b1fe-c903d9f13543,e24a2540943765dd,tablet,Android,Firefox
3d3f7cf8-28f1-48e8-a7df-84f2ce1cf8f3,d99c0d9fa0ef9a0e,desktop,Windows,App
454d1cbe-f456-4b48-9ede-fa42c6b364e7,9ace1d40e3a8bd75,mobile,Windows,Firefox
c4e19fd3-3812-4961-b0bc-38b2f5cfae65,629a8e7941448468,tablet,Windows,Safari
af432e3d-26a1-480b-bc11-c8499607de6a,e3d420b897c6a752,desktop,Windows,Safari
18b1cc10-e3aa-4282-915c-742baa2d8c22,ac57aa245d45b48b,desktop,Windows,Edge
cd160b75-cf39-443e-b6da-956f40d45c54,d6cfba41a6e34403,mobile,Windows,Firefox
9e4741ac-6b7f-4508-b555-2f4669f8bdf1,e51c489632ebb68e,mobile,Windows,App
5eb4aa52-c441-44ed-85c5-fbcca04d6787,1f0c2428f61daca3,desktop,Windows,App
e8d30db2-a105-4863-a033-082f305a76f5,1dd8b94eb55bd23b,mobile,macOS,Chrome
ca5e5923-860a-4d35-bde0-195a1652a494,5545df4fa8f813f4,tablet,Windows,Edge
74418502-3e39-46a7-9924-4132e97a81e9,5686f0ef1e1c4429,tablet,macOS,Safari
c6c474fc-8979-401f-9117-4ad20877accd,79892b6063434f70,tablet,Linux,Firefox
133417af-d0d5-43d1-831f-68f4463ab9e6,c9884d6f9e96d158,tablet,Linux,Safari
cdd69613-dfcd-4b73-80c1-d3559780c68a,740636f5c1cc1f1b,desktop,Android,Safari
9de72f15-7eee-482e-903f-8695b3b826d3,9b365b57d3b5bae2,mobile,macOS,Safari
8fc061b3-8f20-4abc-9da4-2f3f4af5226d,c3269a0d2146da17,desktop,iOS,Chrome
f1e76aab-7bfc-4cdf-b514-3fb07657f7c9,fec3cb5413aeefe8,desktop,Android,Edge
470901c6-4e22-4928-a502-efac2f284b46,aad892df40d0b8e8,tablet,macOS,Chrome
000e6250-5d5d-4e78-868b-3c253099defc,42894a3741cb03f0,mobile,Android,Safari
2b171714-13a6-4202-9e1e-d85c93becd78,5e22d31b102fa1bb,desktop,Linux,Chrome
ef55a8b0-2848-420f-8a67-c27a8e2c8143,a25cfb7f76583d95,desktop,macOS,Chrome
066a3999-2840-4b19-8b4e-2ee777265081,2ccbfe684eef22bc,mobile,Linux,Safari
f4426873-3587-4e0f-ad3e-e5f0c9c1263d,d1c0396667706d36,mobile,macOS,App
ac23ef42-bb4a-424e-9e4f-7772aff353b4,b1faf0d6a5d7eef2,desktop,Linux,App
9d29e962-c01f-491b-a687-9c479b62bf7a,f9f4798acbac5596,mobile,Android,Safari
7af9bbcd-cf0a-4b91-b575-36d40ca6d075,05bcf2296315bca3,mobile,Linux,Firefox
ba94abc0-de4b-4cc3-8eb2-cecd5af696d5,0dce4f3754f3ae4e,desktop,Android,App
7d4c6b48-6d03-40e5-9cae-0a5c6313567f,4a9e4636abd3f904,mobile,iOS,Safari
ef5f591f-d77a-41a5-9a16-d6cdfc66cea2,db61f47d4c1665bb,desktop,Android,App
e25a77e9-5f63-417e-bd12-fe2b4d847347,d43af40ff7b37476,mobile,Windows,Chrome
3fbedda4-ccf2-4844-bad8-ded71783029e,a84927321df4d7d1,mobile,macOS,Safari
cff69f29-2c11-4aea-b079-08c04d5ea931,19ca87ed251d2051,desktop,iOS,Safari
fdac8d34-b2fa-4e59-889a-c64dd08d8c7d,95488c1cad952c39,tablet,Linux,Chrome
6a7ccaec-a8ad-498a-82ce-2f912343fc58,ca20e9baeee83243,desktop,macOS,App
74fd2802-5ce2-43db-b15a-62d2737980e9,f1ba65bfddda19a5,tablet,macOS,App
50079002-4d9b-4866-a65f-fe7fa5772308,52f5e69c0cee8ad6,desktop,Linux,Safari
baae4206-c96f-4af7-8a50-2f6115121941,924d0837be4e714d,desktop,Windows,App
03f3bf53-1a64-4431-8efc-f0e228b5fa6d,91cd13cdf41cbdff,desktop,iOS,Edge
998d4a7b-6d2f-4a18-bccd-acd58ac6bc46,867cf6b34c831c6a,tablet,Linux,App
bcd27847-561a-4ec9-9c8b-7cbd858a1b21,38166e51613c0f36,tablet,Windows,App
f8dfd08f-de48-4a9e-ab00-63f5cc62ee5c,1fb0c2e262e84ac5,tablet,macOS,Firefox
a4a271be-ccf3-454f-aa42-144f4612b9b1,4d9284cb0c184f51,tablet,iOS,Chrome
b7ab5c04-0d21-4d50-8542-d874bc47c30f,df73dbf0c237ad5b,desktop,iOS,App
d84375a6-a929-42d2-a90a-109daeb304cd,d0c86e3e1d9cd27a,desktop,Android,Edge
146e6049-cc8e-415b-b6cd-acff12a5dd60,d3ab084d52902727,tablet,iOS,App
f20f9d7c-40d3-4376-a9cb-2e55f251ae4e,1c1b9a8ec23f9a75,mobile,Android,App
58158e6b-d1fa-4ec5-934c-07122900bebf,cdc95c16231196e3,desktop,macOS,Chrome
c961f556-a7ea-4264-aaa9-00bd3ffbcaf2,066a41d043017960,tablet,Android,Firefox
64a022a3-9acf-488f-9e85-3109f8da77dc,06b564da04907855,desktop,macOS,Chrome
d240add2-b49c-415b-a4a6-b6ca2a46998f,a7ca523e01f32ac1,mobile,Linux,Chrome
2f4af9f4-5cb0-4d5b-bbe7-cd88517343e5,95dd65742f7fefe2,desktop,macOS,App
391238af-ea84-4002-b809-c74a19c20db6,cd0305c61b7c16d9,mobile,Windows,App
1b59b989-af64-4a64-a082-21e1d5a26e5e,53b133be7fc90f32,tablet,Android,App
e3f46e27-5cb2-4ccc-b77f-cff6f8c1cb61,c82d616e03bdb4f2,tablet,Linux,App
813dee87-d978-45d2-8ae2-d8736002a368,55e05427beee1f47,mobile,Android,Edge
6779628a-6f63-4e87-82e3-3818596eaf4c,3bacf7f8afdca4be,desktop,macOS,Firefox
04aa8d42-ca19-44cd-a3a1-2a12670702d8,688702404ca4af91,tablet,macOS,App
513d1a8a-90c2-4da2-a751-15fd82681a71,cac391c9ce070758,tablet,Android,Firefox
273125f4-528f-4afa-8a63-018655db90c5,bbd77a33592f1f49,mobile,macOS,Edge
03d30256-fe40-4364-9fd6-aa0b7b078088,2a10ab6606ce3263,desktop,Android,Safari
444736c5-baca-462c-a2c4-3032d6326c3a,8c427d30ec048c2d,desktop,iOS,Edge
ea67e1bc-ab2f-4127-89ae-7e35805e7818,9a6245065c438425,desktop,Linux,App
2a16893e-a626-4b0a-a45c-3e8389d93855,3fd2092d87e3c83e,mobile,Linux,Edge
b5b6995a-41ba-43c3-861a-399e82db1db2,800512dc051edf05,mobile,iOS,Firefox
34eb1d8f-c152-438e-b53b-a0cfba0ef43d,49843ee92dc01744,tablet,Linux,Chrome
2a96b911-9261-46aa-96da-47ed68de815a,7bafee525ec606c4,mobile,Linux,Chrome
a3d4b415-a594-467e-9688-06c1ad3addb3,b98f9aab897bfb64,mobile,macOS,Edge
40137de8-8807-4092-8313-b5f56c8f8289,7d01ffee5ef83da4,mobile,Android,Edge
dcb1b8ed-705b-43ee-8310-a88764bf57f9,0b5e569f05aa8300,mobile,iOS,Edge
883b0713-73dc-4d32-857e-a3a56d7f4f79,11d39eef33ec4d57,mobile,macOS,App
458fe9aa-acc2-4af1-932a-b584dc94a276,ed70ce31e0859310,desktop,Linux,Firefox
f00a61bd-1ad7-4db7-b735-9f7be3cb2d06,c63d848f3a961f31,tablet,Linux,App
113ec17b-47a2-42b1-a134-12cc0dc0db37,35253ad68beb1759,mobile,Windows,Edge
d7f5b1d9-2f66-4993-bd1e-c8b26039626e,5e3f16fd1f291298,mobile,iOS,Safari
ad75a92a-19ec-42de-b775-3bbbe4d9d08c,9bd4c0d2710b722f,mobile,Linux,App
7f50e9d5-012c-4a64-a33c-a3e70e39327c,b0638eaf5521c179,desktop,iOS,Chrome
cc1550fd-74b0-435a-8f3d-ad5e4fda31e4,bdb52efda5bd8c0e,mobile,iOS,Firefox
439078d9-7f11-4ad1-8ef1-33e45cac12ef,18358c3e4363bcea,tablet,Linux,App
732b0d78-be33-42a3-b0c0-eaa65cd6440e,920f5a3aa9c22e8a,desktop,Windows,Edge
90156121-b2ee-40a2-944a-e10e8bc5279e,81e267ed01c4dae1,tablet,iOS,App
97b3fec0-bb27-431b-88f1-f7a1ed17c118,8493e954e20a8042,desktop,Android,Chrome
469471c3-45c1-4c2d-8223-b99660aa12db,6e224c0f9e8b2a08,desktop,Windows,Firefox
d24e58a6-e9c2-42d7-8c90-d9589bdade50,5b616bdff4e1b31b,tablet,Linux,Edge
8089fbf8-b87b-420d-90b8-45f3edd6318e,7843edadfbd7e8ac,desktop,Windows,Edge
e7bb114b-61d7-487d-8320-902b0123bd22,1142a137b47e3d73,tablet,macOS,App
b11dc97f-c9f1-422a-a0e2-5d94e0f73a7a,b1fd291ae6eb092e,tablet,iOS,Firefox
2d152cfc-52df-4098-90ca-9ea6eee11b68,2798d195e6f35d38,desktop,macOS,Edge
1b627d2d-e5d1-4732-b678-e60b7a73a830,4046a4d02dd711ab,tablet,macOS,Firefox
bb5a1571-6c52-46c0-8d00-7e5adeff73f6,b5966df1e328494f,mobile,macOS,App
5af4dfe0-b24d-471d-a160-8e6989387ea5,4156b980b0cf0ccf,tablet,macOS,Chrome
19cf4b16-9af0-44cd-b9b8-cc9fa5058cc5,36215675da801be2,tablet,Windows,Safari
4f1041a0-2aa7-4e74-b4a8-3d9caab747c6,7098d1c41454167c,tablet,iOS,Chrome
afa99280-fc9b-4ccf-ace7-2c78cbb78ab5,7f729a86eccbe480,mobile,macOS,Edge
a634acb2-c525-4a9b-904b-31369b85a419,f3d184a3f68c42d1,tablet,Linux,Safari
af3f2d3e-e1e4-4751-a852-a37b82a097b4,e925dc348ecf3bc0,desktop,Linux,Safari
8721aa72-f986-4f70-a0ad-f0f3fc2cb5a3,4b94bba037217922,mobile,iOS,App
eb684e86-dac6-4247-979e-1c4c31107b58,95c49a808047b199,mobile,macOS,Safari
e5d02f60-a856-44b2-ae69-bd99316c8bda,89d0a4942a93b536,desktop,Android,Chrome
be367f1f-b284-4c71-abd1-09943cb852ad,470e4e659ea07336,mobile,Windows,Chrome
0a63eac5-8de3-476c-8aed-a90562bd52a8,b26c40b0fdaa472e,mobile,Windows,Safari
f9db7289-ccaf-418f-bf20-a31b8ee33d46,930a5adb5f47fce7,desktop,iOS,App
da26b55f-70de-4d74-9464-13d3be03effc,8701b1e4342365a0,desktop,Linux,Firefox
6cb5daad-2ad4-48e2-a364-ba8881f69e32,91f0c3f93af29b53,mobile,Linux,App
f740a601-6f75-49ca-94fc-7720e68bfed1,34db16ab2652e1b9,tablet,Android,Safari
972b62f2-0d96-4039-baf4-4e931b30f991,3906b7ae245a3df3,tablet,iOS,Safari
574f837b-531e-4f11-a87d-bae652c2dd19,6847f250cdcaccc6,desktop,iOS,Chrome
a882914b-838b-48c8-84b0-146cc6f3e2be,3ad22493871dc40c,tablet,Linux,Safari
d6ccc45a-87e5-49ee-bb3a-a0cf059e5fe5,f5c6cebb386c0731,desktop,Windows,Firefox
a08dae38-64f2-47b1-b549-c7c1d566a22e,6172b5ed2415a59e,mobile,macOS,App
8a59a829-89f2-4793-bb97-9bac7e61c853,bc05b922f47726bb,mobile,Linux,Safari
8f6508dc-ea31-4800-93b3-dc5c8613a9af,a6c9c027ec1d96b9,tablet,macOS,Edge
be4af17a-575f-4b60-80e2-d5659a9b4a53,b0084c88e9e9957d,tablet,Android,Edge
348a65f0-5a88-41dd-9969-92c147a5cc38,e5d2160b0e10130c,tablet,Android,Safari
ac9570e7-b93b-44ac-b66f-e20895e48dfc,ed629e186d09a869,mobile,iOS,App
73ac308b-9324-4dba-892e-8e36f3b9f1d3,c646ec068648f795,mobile,iOS,Firefox
cc686df0-c34f-4a7e-b7c6-df5b122b996c,79e00bd36f62cac7,mobile,macOS,Chrome
452ea3f3-8172-409f-888c-fafdfc40c016,465bb55c166e1a7c,mobile,Android,App
7c72aac7-830e-44f7-99f1-1788089cbaf6,6d1b8930d8837677,mobile,iOS,App
a7a3e59f-d338-45af-b520-742822df25c7,e203a65d33e6a983,desktop,iOS,Chrome
dc92b9cf-3613-4771-aad6-ccca417489a6,2a7d8cd7c16db70c,mobile,Android,App
d74fdc4c-5143-4f7e-b0c0-ca9d1c957500,a92dc2e5d7f8e691,tablet,Android,App
c46edfeb-5f20-4546-a855-bb8447be6ee9,25640f08098de45e,desktop,Android,App
acef0315-81f2-42aa-81b4-254d1ad56c4d,77222ddb77ca76a3,mobile,Windows,Safari
50c85a3e-b06f-4b56-8151-7e84908215cd,82e6d416d9f57e7e,desktop,Windows,Edge
4419f5d0-1a46-4e04-9eca-da56b231a295,6703b61afe52cf81,tablet,Windows,Firefox
9d1f39f7-9256-4a6a-9391-70749d765d98,6cce74ef7c716f9f,mobile,Windows,Edge
5bd249e7-d39a-4a70-90ee-af74c32bed90,c4fa7942d5ff0d09,mobile,macOS,Edge
23ef16e5-0842-45ce-99f6-93b285c9554a,6f62fc51f54b3262,mobile,Linux,Edge
331d22a8-8ac3-4719-98dd-592283425f84,9ac017153ef9b604,tablet,Windows,Firefox
da887633-d929-4454-8f31-09265c840e9a,5fcfcfa7d899f12d,mobile,macOS,Edge
a40423c5-a32a-4df4-9a34-a0caaa962e22,cd7056b5ba1fc01e,desktop,macOS,Firefox
830655cd-d56a-4022-97d9-99de5a0e9f5d,dc6488e6e1cf4786,desktop,macOS,Chrome
f1c9402b-55fe-4731-ac80-0e045aefe314,e65efc052925e8a7,tablet,Android,Chrome
77474b71-49e4-43e9-8432-8773667cac43,b76b5594f7bed505,mobile,Linux,App
a004bb3b-d6a2-4e40-a9f8-aa2ba694fc34,77de6da31e652fc2,tablet,Android,App
575c1eee-b055-4340-8f5e-238af013b1d8,382a904396b92f3e,tablet,Windows,Firefox
908cee81-11fe-4db7-b88b-4c1cf829b604,79fc38312602a09b,desktop,macOS,Chrome
c1921203-55b8-4aa1-8224-43aec028f97c,f02cdd3fb6746382,mobile,Windows,Edge
ed628906-b579-4b5a-9925-31b4f8ea9189,6a7facc710711a48,tablet,iOS,Chrome
69b754e1-bc5c-4361-81c0-1a0dd89c9e43,9da8e9650105abf4,mobile,Linux,Safari
2ae64c42-c228-4bc4-9cf0-bd9a264d3dca,f4a16557ad67da83,desktop,Android,Safari
5ed0b2ac-0c89-428f-802e-8938754fe8e8,db5a6e6fe1c55e0d,desktop,iOS,Chrome
17c9d180-e4b9-48f0-b4e5-ec4006e0c392,f7ae9f359a472b6d,mobile,Linux,App
d4313a9b-7a1d-4c28-addd-2437310c5438,a702f510a19b06fe,desktop,macOS,Firefox
5466648e-4fe2-4888-98cf-d681b56099fd,d43dc793b2a6e47d,mobile,Android,Safari
f3daed46-5efd-46d8-8faf-c820f6baed4a,23a56f18b53df41a,mobile,macOS,Firefox
de619969-4509-4f25-86af-6beda39583e5,28be5b0b84d3b650,mobile,Linux,Chrome
c973fe29-59e9-43a5-be53-e0bc48c46338,aff474868b3fb56c,mobile,Android,Firefox
48ff23e1-ea7d-47ea-ac06-1be5e2789f52,3a506fd1aa38f2e2,desktop,Windows,Firefox
7d321922-429f-48b3-ad37-a2a5baf4af1a,7342c27cddf7e9ee,tablet,Windows,Safari
efa0bb94-518b-4df2-bb56-77b01597b6d6,71121debe2a492ff,mobile,Android,App
0ad44d02-859b-473a-ad88-b9b7146894d8,3f7aa2ae94d5b3ad,mobile,iOS,Safari
e42e7d41-48b7-41a2-8093-bb7bce699c74,52785fa4aa20d40f,mobile,Android,Chrome
568bb44f-6393-4222-8773-57943d95f261,9457cc788b470a6b,desktop,Android,Firefox
2f1ef4bd-dbc5-41b2-830e-9c8b34addfb0,744749a6c1ba2154,mobile,Windows,App
d03ac000-de69-45ec-90cf-1d83da9daca3,44ca07536e062711,desktop,Windows,Safari
040187cd-d589-4f29-98d2-170530314491,f4508c46e1cb8b90,mobile,iOS,Chrome
294645b8-ca1e-43b6-a02d-ac892ab51647,6b3497a0a994bc1e,mobile,iOS,App
93d63247-6675-4f99-8e6c-3dcdec18052c,a90e848b0eccc2d8,desktop,Android,Firefox
d706d552-347b-4f4f-b61e-315decb6a7ef,b5ebbedde36ea434,desktop,macOS,Chrome
db7c6c26-ed58-4c16-8bb0-ef669b561bc0,e0be66f0f1d29896,desktop,iOS,Edge
ee295c92-f91c-4b78-9911-984018aee9b7,3e41d61ab304cf25,tablet,Linux,Safari
52baac2d-c9f6-436e-849e-29524a06ef58,7db649372c0f4b52,desktop,Windows,App
549a71ae-e8c5-4874-aaa8-c28582556561,90dcb449751f67f0,tablet,Linux,Safari
8768b95e-7b98-487e-a7a0-bcbc3b957cdb,6f1ec9d348625910,desktop,macOS,Firefox
483bc090-6137-4d52-912e-2d5e6bfd4072,73a9b092fe6db576,mobile,iOS,Firefox
32c2a7bf-74aa-4adb-95d5-68f6936fba9e,4e80264f2567d67f,mobile,macOS,Safari
3fac2771-5868-4b4b-94eb-4b518f4ae2e0,214121681b132a5f,mobile,iOS,Firefox
5124d9fc-59d5-4a05-9e71-b0e5d3ec325e,f89a7d1d112a69c4,desktop,Android,Chrome
9941eee6-f768-47a1-b5f3-0260a86f1872,a292e069d15c14b1,mobile,iOS,Edge
2f8de295-a316-4d55-b5f0-34d395ccba19,d81682622c585aef,tablet,iOS,Edge
1f77e2fc-556e-4a84-a8ab-52ea00bd11eb,acbcb95e50b7730d,desktop,Android,App
9e1d25be-ef7a-487b-8c9d-0d510d63f31d,82b25e8324275aeb,tablet,Android,Safari
48a9e612-085c-4fb1-8328-5e112aedab33,27e68ab59e936c9c,tablet,Linux,Safari
6ebe2584-55c6-4a17-a206-0ef73c89ae19,8daad07eb2cdfa5d,desktop,Windows,Firefox
9a5aa5e6-09c8-4828-b6bd-aa32e80f3ec8,db25982022f3de31,mobile,Windows,Edge
65106971-1ca6-47e5-8b12-9107d5d584ee,3d98d99e94305688,tablet,Linux,App
b08f5f70-b296-4fad-9d73-c1fd6dde0be7,2e91da9280af81db,mobile,iOS,Chrome
1e376173-4336-476a-8bf2-ab953af7823b,a5d3d65cba4e2447,mobile,Windows,Safari
fdaa67db-32c8-48a1-880c-ce7cf033befc,2e1e080ddea26560,tablet,Linux,Safari
4aa79c9d-92c4-4188-822f-98f5baa20a27,926d712e9b6eab6f,desktop,macOS,Safari
dd16bd8f-65c6-48b8-9d0d-612c4c8cf718,a8dfc0390018aa59,mobile,iOS,Firefox
c51b19bb-3d17-4cdc-82ff-aae6169932d2,e77536dee894cfc5,desktop,iOS,App
713e8ddf-0f1d-42c1-9681-cb1d77b56e9a,d7513df6a12a90d3,desktop,Android,Chrome
c52bea4d-8cca-48a6-ba04-ce37b4cd2d53,9f7f4c1291e0c3ae,tablet,Android,App
2c84deee-7c89-4498-9fac-6bf8c8e928e0,a2a337d80b10881b,tablet,Android,Edge
e85dedd8-ccca-45f9-9b86-d9f3bb00d2c4,34257b92e25d7eef,mobile,macOS,Edge
f9dba38e-aef3-46d9-b3e7-b53d04f2241a,bb032dfab87da5cb,mobile,macOS,Edge
adffe8a9-6bff-4f94-85fb-f5e84448c85e,ba920170d780b9d1,desktop,Windows,Chrome
26e80034-41a4-4f10-b168-6f3a83e49af2,4b91d422d00086e5,mobile,macOS,Edge
72b46e0d-88b1-4dd2-8313-50a6d3e7203f,3477bc62aafe045c,mobile,Android,Safari
e1551858-5389-4ede-b1d1-0aa44b815a9a,76970753eb9112b3,mobile,iOS,Firefox
8d639aa8-3914-49c3-829e-d6e1cc2823e3,95ca6c1f365fbdf4,mobile,iOS,Edge
c6535d35-79e2-4d9b-bb52-c73e64ee18c7,c990e34674780ad8,tablet,Linux,Edge
5e3205bb-b4d4-4aa6-b907-776be186ab98,235354f179f33819,mobile,macOS,Safari
ceb0dade-fcbf-45ae-af17-eb8f162f6a1b,702fbc062f004979,mobile,Linux,Safari
95c2bb9e-e629-4831-be10-5391ed797141,937c5e2207b2d53a,tablet,iOS,Firefox
0e285c76-760b-4b8d-bfdf-e905fc75b238,016283e9b4de3bdc,mobile,Linux,Chrome
141afa7b-3128-4a84-9bd7-60e14bec84a5,4018c151d89e39c8,tablet,Android,Edge
5e2cfcf9-e8c1-4037-b725-22453685cccd,79352ca85fdb959a,mobile,iOS,Chrome
e2dfb730-e3cf-4e37-b894-458a35a186b4,1f97ecfc8222271a,mobile,Windows,Firefox
8a0218d7-db07-4397-906e-e5c14800786f,e09de2d4bc694720,mobile,Android,Edge
6940feae-e650-42d9-bf41-823212b48106,09357bcdf842c2f6,tablet,Linux,Chrome
6f3614a0-77b8-4b5c-b6bc-4843a4b96fa0,9f8a4c18f2d4b5ba,desktop,Linux,App
d69576ca-802f-4b5b-85e7-42539c0b47bc,2d5d53605e9bf256,desktop,Windows,Safari
053658c7-2481-48ca-8baa-bc37a695b125,617d53e4c6cde382,mobile,iOS,Chrome
87568166-7357-4d32-8e3f-3e19dc9889af,6d588f41b82fee60,mobile,Android,Edge
4f6d6760-66b1-48af-8a59-ca45648ae0a0,9cd0cc07d25c29e8,desktop,macOS,Firefox
6763cfa8-2711-4247-8893-94a0ac7431a6,24ba87a56bdaf7dd,mobile,Windows,Edge
6da8596a-155c-4308-b1f3-bdd05e2e29e7,e023309ac86c1961,desktop,macOS,Edge
8bc7e250-8381-44c5-bba4-3b6565e32e2c,8c0f2f6a92e88eae,tablet,macOS,Firefox
da651bdb-e00e-4eb6-a182-5130216c46db,41d9310596328afc,tablet,Android,App
d8b0410d-afeb-4cd1-864e-ebcce81b3530,f5959d985c54aed0,desktop,Android,Safari
bce4dbc9-69e9-4c96-8a6f-5334201764ae,3617e67cba9c94f3,mobile,macOS,Firefox
b0e34ff5-9ae4-4e28-93f0-85b2c19d7db7,d143a0573204072a,mobile,Android,Chrome
b08e9c97-9729-44b6-8d25-2908e4548908,aa2253b87493b47d,tablet,Linux,Edge
22ea5910-9fd5-41bb-8e61-5acbb42a4c42,bac165716a6eaf4e,desktop,Android,Safari
ecfa37f3-4283-462d-a500-a633237d7ff2,37e99b4499cb3956,desktop,macOS,Edge
c7ce6238-bf49-46d1-8afe-a030ac35a4f5,632fa90de89ea6a3,desktop,Linux,App
c949d7d0-1374-430a-9aeb-e5907691615b,ec4b7742b20fb97e,mobile,Windows,App
5ea91e9b-7935-4e32-9f1a-ba0bd65a853f,db3739dbd3e9a189,tablet,Android,App
36cc794b-0f9b-4100-82a9-ce8398a4bedd,6355ccca49df34b1,tablet,Linux,Chrome
dcb27ad1-29d8-4012-baa4-86f12998e02c,16d0b1c2d320102b,tablet,Android,Chrome
d6bcaa17-2799-4cd7-882d-a31f009df82f,cf8323b1f5377492,tablet,Windows,App
68729ca5-bcbb-4cea-abfd-c06df486232a,6b94f14b501fc79d,mobile,Linux,Safari
f92b66c9-a45a-4286-b230-aba93691ce8f,662e4c3f158dcb54,mobile,macOS,Chrome
0d7912da-eca2-4114-b5f5-044f8f6ca280,62bd0a8a2e2b645c,mobile,Android,Safari
94cd7183-875d-4c77-bfba-7e08600c4251,4b4fc3a281a365ff,tablet,Linux,App
3d527461-913e-4f38-b419-be157c98c2e7,5bea85e1e9ea2d8d,desktop,Android,Safari
a1086f9d-a808-496e-96e6-7b116ab3cca3,3d295c6bc18a2953,desktop,macOS,Chrome
515a9fd5-7cc0-4c38-b1cd-cd26f0d71107,3076e39e6ae95194,tablet,macOS,Edge
b360c127-8d98-4b43-81f7-eb1f50a7d863,e66f2ee356a26ac8,desktop,iOS,Chrome
18f912fc-8c74-4e42-b7f1-556e260f97c5,b68779f6f9934b2d,tablet,Windows,Safari
520f92ae-aef2-42d2-98ba-112483d78b12,fdbc11687f3df659,tablet,Android,Chrome
857bce22-8dd5-43ac-add1-7c8a07ddd4f8,f00d641524061e43,mobile,Linux,Edge
95bbc5e1-7fc0-4a41-b704-bbe90e3673ca,c6ebaf6767bf6a17,desktop,iOS,Firefox
67367fd4-be4b-420b-9c82-17e59a101534,2de47426aa571906,tablet,iOS,App
99d1b0cc-8323-47bb-9a62-c2dd01a74c92,72083a5ea1d97d3a,tablet,Windows,Safari
f73d2911-586e-464a-9124-9332cb9aaa02,292abec85ed5495e,mobile,macOS,Safari
314a8edd-d18f-46ac-9817-3fd4170abaf7,f4b561b6c76a9e87,mobile,Windows,Chrome
78d6c845-9faf-49ec-b066-cb3841d642ac,14681ccae078dfea,desktop,Windows,Safari
3ff12b44-cd27-4a41-a53a-9a1e1c3cdebe,c74338f7b88afcd6,tablet,Windows,Firefox
84eebf45-806f-470e-8f44-55bd37d36052,5a0cf22413bb43ef,mobile,Linux,Chrome
4a34ac99-0e2a-4071-9589-0367eae4ea26,914b7f46ae7141dc,desktop,iOS,Firefox
4ce45ad1-91e2-4e88-8ad4-64be907d0145,cae3bf8914c7c175,mobile,Linux,App
bfbe5feb-3831-4a9d-8bd5-24e5b97e88a6,19c757d4fa37eac7,mobile,macOS,Edge
2a9490d5-4d58-4a12-b9d7-3c39ab7ea729,bda736e42bab519a,desktop,Linux,Edge
6aad341c-5720-4cea-a618-276627188f81,31931cc7f433c85c,desktop,Linux,App
1452361e-e9a0-4296-bf7c-ff9a45bfd2cb,5bb9f27cb946f9cd,desktop,macOS,Edge
91c15c03-e751-4bf8-b673-6d73aed54ada,61492c50853dd674,mobile,iOS,Edge
ba47dfcd-96ad-440a-aa06-84d801662d18,a1fa7a03aed4b306,tablet,macOS,App
43fa8795-b266-426a-9ee4-96518571b94b,4ef86c8f5f2c4206,mobile,macOS,Chrome
54cee093-8aca-4e01-a026-5ab584a354e4,ccb9c461b32ddfb0,tablet,iOS,App
f2623149-1c2c-4326-ad8a-bdea158dbec6,2071a43984b3ec93,mobile,macOS,Safari
242c473f-3df8-467e-9480-21f432b8f870,2f619836dc013253,tablet,iOS,Edge
754e9df4-5954-4414-8c4a-ebd19b06ec80,c4dbe028b1026b9f,desktop,Windows,App
c7f0b990-0087-4a3d-9256-6625fb6def28,89a7003ebe3130a6,desktop,macOS,Firefox
47aff575-c853-453f-9bcb-c4790a29a717,54a0acea0a2a849c,mobile,Android,Chrome
3b85635d-4e38-496b-b99c-66769330e4f1,22dbd17b93e06b83,tablet,iOS,Safari
a1236e0e-41de-45cf-9e2b-743f247c3923,636437c8fba6f1b5,mobile,macOS,Firefox
984fc786-64a9-4e26-9908-aff8dc65ed14,cd38e6085a1e58c4,desktop,Windows,App
c36ff5d1-51fa-464a-8fdc-8fac027455e1,10771fbc7ed112c6,tablet,Linux,App
816c1ad5-058d-4664-b2c8-f35fc13e946b,6c973656eb1d8416,tablet,Android,Firefox
40238f2a-99b3-42ee-b15c-dbf841b17f81,f26164546b169cf9,tablet,macOS,App
9f9b4e2c-39a8-4e3a-9016-6643cb197bd2,b2b62936a376408c,mobile,Linux,Firefox
1e8d1f74-d3d2-45e1-a31a-8c685ce852d3,eb343a16c4ac2034,tablet,Linux,Firefox
dcb26a4d-0a3a-4925-860d-c1acc39adc80,80683485e4f761fb,tablet,Android,App
e2b5eaff-0881-4e72-9df1-bb9ddeb366b3,17edfde8854991d6,mobile,Linux,Edge
64c49d18-b05f-405f-9126-a1f36b0cc051,dbb531b314303671,mobile,iOS,Firefox
946b5741-735e-4066-9474-242fdfe90688,ca8109150cdbdc5e,tablet,iOS,Firefox
83428151-b5e1-4195-80eb-361bcdf61d78,9b8ac298c1d37842,mobile,iOS,Edge
eb43a775-3de0-405a-a57f-2339bf5aa9dd,93c9b299c044f9eb,desktop,macOS,Edge
56c3106e-5ede-4907-8984-1be80ee3d100,2ac1dc7bf3b5ebbc,mobile,macOS,Firefox
6671fa02-5fe7-4983-96ce-f0fd58bc2755,13e13be161b317d2,mobile,Windows,Chrome
65d103f7-e867-40a6-b536-dd34ccc9a846,4053536b74ab81c0,tablet,Android,Chrome
65a5a048-ad3a-4f5b-8d1f-3ef489297ead,98ac39c36235e654,mobile,Linux,Chrome
73c7ec08-40c7-4c04-b6b0-3a3a36dcda9e,c2c76972db553703,tablet,iOS,Firefox
8eba39f3-d25a-4c63-b73c-21ec07261efe,d92c2716c92d5ce0,tablet,Android,Edge
1e73a126-7c89-4a8d-bae4-d05d0bc79734,13fedf0c15b3b1f9,mobile,Windows,App
4587875c-3e6a-4c0b-a1ab-d74b1675e4ed,7a9cec26a8fad330,mobile,Windows,Safari
8ec49eb2-cc32-4855-953f-da86233e4e92,e9744056aa4a13d8,tablet,macOS,Edge
5cb37987-7f7c-43d9-ad3b-f1bb1c98298b,6147f4e983f3dd09,desktop,Linux,Edge
c8a30ed0-5729-4802-968b-eec38660654e,8b7e0ec70fd29064,mobile,Android,Chrome
b88c5237-7a2e-46df-94ee-3fdfb663756d,62b7e8e9d5f27bfb,tablet,iOS,Safari
d3ab3e24-efbc-48b0-9872-b9efefbcf5ab,c0f1ee88a0daa158,mobile,Windows,Safari
874332ea-5732-4df3-8077-ee78963c7293,6b01fc59c9296efb,mobile,macOS,App
0d65f85d-f8ea-466b-a256-ed1286db6ad7,248c59b4482059a4,tablet,macOS,App
873a3f4c-078a-4d56-9682-e028e2f1a6fb,67ab61f86352d24a,mobile,iOS,App
6e532482-6c76-453f-9fb7-d3e0e928ab7e,f5d07bbdc786a8ac,desktop,macOS,Firefox
f3c7ab6b-d9a6-42c3-b752-8989a89cd204,7e542cef8f0c45c5,tablet,Linux,Firefox
91252ed8-b16d-42fd-a476-f821b7da9af9,e8434e976d7f282d,desktop,Windows,Safari
a2827523-d07a-425b-8452-c78f9faf3516,20e56d15a88cb1ed,desktop,Linux,Edge
62f985f6-fd74-41fa-b0f8-139153ea7159,57a55679a954e858,desktop,macOS,Chrome
d76a39b6-4624-4c70-a269-731ba013eec6,db16fa8693f6b006,mobile,iOS,Safari
5f8a5a9e-0615-4118-b3d0-a7d9ba0faa03,923653979c7a9d31,desktop,iOS,Chrome
3c08a450-2b4c-4931-96e7-334b49980627,8ca7750479c2a007,tablet,macOS,Firefox
021a547e-52e5-49d8-b8be-9abff935fc0c,5b121f6305198923,mobile,iOS,Safari
565451e4-859a-4919-88e6-bd71a73b89fb,0eb1dc891c10531e,tablet,iOS,Chrome
1aa48ee9-083e-4448-8cc2-bf1e44f5f453,741f6d38a565a245,desktop,iOS,Safari
edbd96c5-b79e-473f-a4fd-efe097d15ae5,518597c2d165e761,desktop,macOS,App
5639231a-50b5-4211-9ada-8585ee173441,de827310d0784b6b,mobile,iOS,Firefox
32af0850-a1f1-4935-9aea-51620a260dd0,164f606b0217b6e4,desktop,macOS,App
328a77ee-4fb5-4eb4-a9c0-944822972fae,b8fad2d949d42a48,mobile,Linux,App
a55f5340-38af-4c0a-89f9-dbc2ea44783b,0a128a85f37b61b5,mobile,Linux,App
2b0a6771-af6f-40a3-b1c9-5e8123217cd8,3a5dd75486925f0b,tablet,Linux,Safari
1b6c2646-ad74-4b6e-9aaf-155f6567cf6d,de73a794651887da,mobile,Android,App
10dc8d90-16d5-48b4-8ab7-832faaf21bbb,03630814353a32c0,desktop,Windows,App
d9ead014-eb20-47b7-9c4e-a540c65a4542,dbf918ebd69daa9c,desktop,iOS,App
d0f16076-a11c-4676-96a3-0f20cd929694,2c5dd986cd2ca734,mobile,Linux,Safari
006c8570-0103-47d6-a9b9-582e3182e6a7,88587940c733121c,mobile,macOS,Safari
986445b5-9de3-42dd-b2ac-1782e552ac50,482e3dd3f0774d96,desktop,iOS,Firefox
1a09cbfd-e693-4043-a33d-cfd43fc55a14,d4d570bb567b1071,desktop,Windows,App
e6a0bd9d-57a9-4c22-8288-7f39579bf738,94dfcd6554e74e48,tablet,macOS,App
82f3f826-246e-4c9a-bcf8-13e1a445e0eb,19e2afda99a0573c,tablet,Windows,Firefox
6ba90550-5896-43f1-9626-6469827e02fe,386a98becd6c8eaa,mobile,Windows,Chrome
53cb8321-44c6-4ffa-b749-dfe8cfcec586,2ebbeba835288d8a,mobile,Android,Firefox
f1c12f4e-1459-48eb-9621-0333252ee952,7df7bb931d992e03,mobile,Windows,Edge
40fddce0-7f52-4d6a-996b-eae93ceb0f34,36b67b9d4ae6fcc8,desktop,iOS,Firefox
2b7be85d-e15c-45d4-9a1c-c0a667a581cf,0e8f08d02b93bc2d,mobile,Linux,Safari
dc70569b-5aa4-46e6-8655-4cf91f3a7e4e,b75054457e9a96b8,mobile,Linux,Safari
c8265181-11e8-4301-9c31-8d70ad9d7510,e074290e2d0ad216,tablet,macOS,Chrome
9eba8bd0-9696-46b7-9743-c97603d3b2dc,1367d83a542f9f00,tablet,Android,Safari
68e09749-5307-4e92-a0da-933b051a9efd,a3115f66b1a69132,tablet,Linux,Edge
9d3a5425-843b-4dd2-a1aa-7b4608d555ed,eac0410755c23f8a,mobile,iOS,Safari
17426b5e-29e6-4e54-bfcb-3e6fc8ea73ab,53629c1090710a49,desktop,Windows,App
327e86a7-eb1c-4a4c-9c95-fe438e7dce08,796870ba88533e92,desktop,Linux,Chrome
b6b0a9ce-68bb-42e2-89aa-5c56cb270e7c,969ec1f4ff19f869,mobile,Linux,Firefox
efe08991-229f-40d5-b42b-552fcfd45ab8,4278d2c9682d9dd5,desktop,Android,Firefox
eaf5b34c-4392-4af6-a7ba-86bfb599857f,4d59beac2d1cd04c,desktop,iOS,App
4008c15d-2546-44f9-8011-2250f402cad1,03b6aa65dc75e118,desktop,macOS,App
f6d0b8c0-2a59-4a74-81ea-28960ff84115,b0c37e09c926706f,tablet,Windows,Firefox
464135a8-1114-48e8-a9d2-fb7de1e8de40,5503a863eab03207,tablet,iOS,Edge
bdc95349-8e0e-44a1-82fd-04f63a66ffc2,c08a26edf1d1bd29,desktop,Windows,Edge
33de88ae-871f-4a74-ad9f-052c5606b26d,e82bc5d2abb94d6e,tablet,Linux,Firefox
79618234-038c-4d71-9305-efb3a5c27512,99571b41776804ac,tablet,iOS,Chrome
c3133848-65ae-4e49-8e2e-2b4b732c8bdc,176dcf4ef316876c,desktop,macOS,Firefox
90e869cd-8d16-40d7-a1b9-b5df661bd154,7d03a7dd2b3a76b8,mobile,macOS,Safari
d021c225-59f7-4ad3-8e22-5b045cf9e123,2516a8d35a4113ab,tablet,Linux,Firefox
d8cf057a-b1fa-45fe-8c3f-8a97cf676d7c,4958ccb65b21cbc7,tablet,iOS,Edge
a9ac66b0-76ad-44e4-97ff-ea010c389af9,254a238d6c3931a9,tablet,iOS,Safari
e9596b7e-de5f-4149-96a4-d90a1208b4d2,b2d1ed7a1e448cdd,mobile,Windows,Safari
15e8b6d8-7648-4611-9f75-595100b84f4f,b27910a549ff00db,desktop,Windows,App
6998a2ee-fd47-47ed-9290-2fc8a90c3bb9,7bc59ebbf08997c0,tablet,Windows,Safari
90324448-f869-45df-922c-81ca03cfb890,2d1ca47718c9c49c,desktop,macOS,Chrome
98a7936c-7e28-485b-b0de-a79821b5d1a6,27a23ad4c00e1eaa,tablet,macOS,Edge
a2e90dc9-2bda-49c9-adba-05c05af9b692,bc66e28c47178f7b,mobile,iOS,Edge
03aae2a9-a9e0-4b8a-8f3d-4319c8b799f8,9b78b51a69424226,mobile,macOS,App
5fe03f33-69ba-42ec-822d-73adeff84385,472f025b6f2aba8e,tablet,iOS,Edge
09f56e80-a313-4076-aa3f-24e2b58c2997,6843e731702c89f9,desktop,Windows,App
1b21d6af-d546-4e44-9b4f-a47ba50773d4,338127063d98b7cb,desktop,Android,Firefox
27ae3146-6a0d-4723-bb60-8b90c9816758,e043226f73d07b9a,desktop,iOS,Safari
a755276d-f3d1-4db2-895d-56c80415c2ba,e4f0785edf306b7f,desktop,Linux,App
de92aea8-6531-49e2-b0a3-12de36051b5c,c421727aa1e220c8,tablet,Windows,Safari
f2c5e87c-f426-4025-8a5d-d80a9885f1cd,ec937b68b47b4494,mobile,macOS,Safari
227d85b8-482b-4ab6-b273-88ad13b769bb,afa9cc24ec58a59f,tablet,Android,App
29449d6f-1a85-4163-915c-32e66c544e94,2da25e46b5727e16,tablet,macOS,App
251ba762-4e3b-4da1-b5b7-c19b14301326,3a758f37dd7fef26,desktop,iOS,Safari
87a472b1-204c-4d86-9698-74169b7cd26e,74dd099b5a652e3d,desktop,macOS,Edge
19f1eaa2-34ba-494a-83ab-9bb01bb17d9f,ef5030f51308ce58,mobile,Linux,App
e6114df7-11c6-4d2c-a558-95724d2ed16f,77c348d4a717eed9,tablet,Windows,Edge
96bd9e7c-912a-4fc5-8204-be9e6077f834,8b0d5f67947409a8,desktop,Android,Chrome
28b5ce61-fcec-4de2-8c5d-79619b171607,905d2b92990c6fec,mobile,Windows,Edge
e8111ab1-5163-438e-8b06-24df4cab7321,3200970f97118f57,desktop,Android,Chrome
6f24d301-5dab-468b-85af-32034c47655e,28438da98ca5ecf2,tablet,Windows,App
5b23923e-2a79-4344-932c-8f539f0649a0,8e23d11bab14087d,mobile,Android,Chrome
6ad8d88c-35ef-4f32-9f05-e838b3a56786,47bb7830ebce728b,mobile,macOS,App
d19e163d-f798-47e5-b820-62a581243917,32d523113cbb1f82,tablet,iOS,Chrome
e080f32a-b584-42ce-a6aa-6288e7ccd2c7,353f1835556a6410,mobile,iOS,Firefox
a55dc8de-914d-4efc-9597-cd688227dbf3,6bbdd42ecdd01f19,tablet,Android,Safari
e48624bb-56d9-45c9-9855-bb43ebac225a,9311db7c4781af5f,tablet,Linux,App
a01d2865-23d8-4aee-805c-f85dd65ade95,7b65049f0c51523b,tablet,Linux,Safari
07f66910-794f-44b5-b7e0-27d6cc77745d,f44fc73e62a00945,tablet,Linux,Edge
b468cafa-c390-47ec-9f68-0d91a8b3415f,0e1f0d59332fb302,mobile,Android,Chrome
f8597b55-90b6-4442-b1e0-6d0146bcbba1,0f6ee27fcaf90439,mobile,iOS,Firefox
cfa1e2ce-2ea2-4e17-842a-8ee525f695f2,daa60800c402934e,desktop,Linux,App
064f9727-a5fd-4832-a9ca-f3f2efa97703,a23148950862bdd4,desktop,Windows,App
d06dfe81-ad16-4954-a5a1-887005f5f998,6ac4e1600e7c89e2,tablet,Android,Safari
d13230d2-da85-422b-bd90-cc29a6b2ad27,7f5f7091000b7e40,tablet,Android,Safari
89dde4be-888a-4ffc-a978-28ed7610daa0,47e5331bb357d5fd,desktop,iOS,Firefox
53369d22-43ae-4bd2-bca4-14413932d7fe,50c7761d53f130ac,tablet,Linux,Firefox
e0b72eb1-57d9-414b-a032-c118aac86a9e,8471c595bbb8d78d,desktop,Android,Firefox
aa092c1c-d87a-4409-83b0-0a76fda96c91,9ee1929ca34808ca,desktop,Linux,Chrome
ec9f6544-342d-4ee9-bbd3-801825fb042b,f511bc070e3cb39d,desktop,macOS,Edge
9c440fab-5e43-4ee2-91aa-3439dc7938d7,546a2470cf79c6fd,desktop,Linux,Safari
886fc550-1f5d-4683-8611-851ecbf85a17,6b2d3163f15f0193,mobile,Linux,Safari
9cafd19b-a40c-4e2c-a108-af2b22539ac3,c3f839ba53037a9d,tablet,iOS,App
103efa55-43b1-46fc-a522-66d60b8e4105,4e91b83ddc11bbc4,desktop,Linux,Edge
a29a1b4c-c75f-4dc8-83b8-b03ecbf4fc41,ff05727ba30e9cd8,tablet,Android,Safari
3ab4066f-ba54-40d0-b2c7-c128072baacd,c9f7ee2c960c276c,desktop,iOS,App
b533ed48-080f-4624-8015-cacf3a01c60f,b60ec0036e695643,tablet,iOS,Safari
4e8bc47c-c697-4af1-9531-e8b86be74f4d,e96c407cdbd4fd61,tablet,Android,Firefox
192658c2-8949-4f7a-91f3-19b1291aee7e,204bdde5985b38b2,desktop,Android,Safari
6928f928-d60c-4cc0-b386-4a30b42d0675,13129ffaba2b89ff,desktop,Android,Chrome
d179983e-126f-457d-973c-009c9dc38554,50cdffcf1800e9b1,mobile,Android,Firefox
5c577efe-4f2a-44cd-82b2-6bc416fe30af,617750fa0dac7b8f,tablet,iOS,Firefox
68afb918-ae0b-4c9a-9a59-2432f19a9455,9e251f676bdb91fe,tablet,Android,App
162477f2-7877-4cfb-b222-889a148c107e,adc54ecdc7775eb3,tablet,Android,Safari
13387aaf-5774-4bb7-a872-2a575176ca47,77b298955dd21415,tablet,Linux,App
dc0f1507-caf3-4e1c-b206-1cb65b5762f4,416ab2f61a3a6fcb,tablet,Android,Edge
ac944db6-9cd7-46ef-80da-be897514d416,21a6293908ed89c3,tablet,Android,Chrome
2f27084d-a6f4-42f0-b6e7-5cc8a273e80f,68f827ea7b30d767,desktop,Android,Edge
6dcc06d0-29ed-40ab-b7bb-e302078e9ccc,f06c08b7033f4b2d,mobile,Android,Firefox
09b2270b-f5fd-4a2c-ac05-4fabd0877ac6,a3026b0eeec363a0,mobile,Windows,Safari
bf7b4dd6-9df8-422f-b371-4e1a2c2ca940,dca59c751dbc1b3f,mobile,Linux,Firefox
2a329b71-6590-4905-8c1b-263110f6e4d0,d380a79e2fd9e215,desktop,macOS,Safari
b4a395da-f41e-489e-ad94-f0e5aae2158d,76493f430cc0495b,tablet,Windows,Edge
28e74708-5578-40cf-a999-138ba609d7df,5753c47b56fc5e88,desktop,Android,Firefox
c0de16d3-09af-411e-9c12-6b5d6995dd7b,c1b2462e24da7dd5,mobile,macOS,Firefox
615db357-77b7-4d60-aaa8-0f0558f3ded2,4121540ce31b1777,mobile,Android,Safari
6f86a0ce-b694-4490-8880-b76f0d27cb5a,7cbcdc76bd4880fa,tablet,macOS,Safari
8cad74d4-fc9e-4b67-8fbf-678892f332ae,c841fffcbe0f239b,tablet,Windows,Firefox
b7129493-da95-47e8-bac8-20e7e5cbb3d1,d6b28bba210f7208,desktop,Linux,Firefox
cd3d83e2-76ae-4ed1-bf14-d3ccdb2c7955,f57cec5650d60279,tablet,iOS,Safari
dc3474a2-8616-496d-aaab-4ead24ab51a7,8bb2efb0a41eb3fc,tablet,macOS,Firefox
04d32b0a-1cc2-416a-9ab3-8ac3c7304bbc,46ba8c8c9c8de16f,tablet,Windows,Safari
3d43a6b0-9873-4711-9acf-dab807a5b70e,cc46f05f863ea30b,tablet,Windows,Firefox
d4833d3d-2cef-40d8-8814-48cbd187bbed,a6a425add9d941a2,desktop,Linux,Chrome
7c33fc3e-bfb7-4f81-b51d-0ab9e62ef32f,0b0077ed22d80c00,desktop,macOS,Firefox
615bb39b-5f2c-4ac1-b8cd-a7101684ff09,026284633f195f8c,desktop,Windows,Edge
2d088a1c-fc4b-4668-89ed-c87e2316998f,1c44325efbfd4efb,mobile,Windows,App
7b26768b-895c-4cea-8e84-960e487489b3,584fe482e0de779d,desktop,macOS,Edge
21cace1f-8c36-45e7-905f-bc8a347b268d,59cf4ceb53a2fde6,desktop,iOS,Edge
81956be0-784c-443c-abbc-cdc190c01199,d6c37687b3dcf77e,desktop,Android,Chrome
14155231-851c-49b1-962d-6d96c391068a,56bb30c2e1fb205e,desktop,Windows,Safari
796af948-9372-4f2b-afd3-7cc4226af197,51095454ff75562c,desktop,Android,Edge
3384d5b4-fc11-40fb-9b4a-52c1129b8eba,87879608d191075b,desktop,Android,App
31dcc543-e7cb-46b5-981e-394eb091c628,e2a700c4376128b4,mobile,Windows,Firefox
93b6bd12-e445-40a3-8e65-027995e5dc78,484b66efb3f8725f,desktop,macOS,App
4ffa8962-97a2-4564-85d5-c968a310b982,c02b8999d6d598e8,desktop,macOS,Safari
6d4ff937-f9fa-4522-916e-08e2d80c171a,0fce51d2de6c26e5,tablet,iOS,Chrome
d71e6b91-0aa0-4478-92ff-9b32b7044ed9,c72b953b7776d2c2,desktop,Windows,Chrome
8c9fbc0a-8369-4ff1-bf6a-17c6b5f309da,b0a5fcfd6efd004e,desktop,Android,Firefox
4b76c965-530c-4b86-b4f2-8ca8f80c0221,8325cb8df551423d,mobile,macOS,Edge
e968cb50-2735-4bf6-8e52-a2c58f0085aa,725730b9c08c0786,mobile,iOS,Safari
34503163-b0f6-4243-8db5-49e81324982b,979e375e3649d277,desktop,macOS,Edge
bbc2f4cd-5fd3-498d-b0d6-d99c726e69ff,fb83c01fee8b4ccf,desktop,Linux,Edge
684df1af-4790-4151-9443-18f5464d0409,c895669d1f879692,desktop,macOS,Safari
31db46fe-c493-4354-b375-02770fa5ce86,41b7ed2001009e7d,desktop,iOS,Safari
04c5cde5-1170-47d6-8af7-8cd47356c7a9,3edcd731eb6aa68c,tablet,Linux,Edge
b04bca64-514b-486a-aa5b-bbf9720cad89,d186ec09229e1e84,mobile,macOS,Edge
080d0ff4-222a-44eb-babd-f86c487aa078,10d4395b4c11d1b9,mobile,macOS,Chrome
b3a1f183-a580-483e-a39a-a94d9b945454,d46de01b4285492d,mobile,Linux,Safari
a0630bfa-27b2-4108-9801-bba58943d2b7,59cae552b54866fe,mobile,Linux,Firefox
cfa5a843-6e4b-4bbc-b9b7-069547970347,a5833ee797aee461,tablet,Android,Firefox
1f502741-0ceb-4fc0-8c17-828d1847bd98,e6d373bee7f0287b,mobile,Linux,Chrome
847ad55a-364c-4b1f-9562-fd96fd74910d,c581aef357a096fb,desktop,macOS,App
e47d9266-64c9-4a29-809d-e77350f7f61c,90c17deca6617fc0,mobile,iOS,Safari
10c146af-ad12-480e-8732-16f071074c32,f2f07ad7b7d7097f,tablet,iOS,Safari
8c5a6fff-80f8-4ebb-9896-a8185e0225b0,5b935f41cf54c966,tablet,macOS,Chrome
3191677e-374c-4afa-bbc2-57974022f07b,aa626680ee0a9d27,mobile,iOS,App
656cc73a-15e0-47a6-a3a6-222aab84eb29,25d91fa87f0355e2,mobile,Windows,Safari
118479c6-344b-4563-9bfe-f595c044dab8,c0ba5eaff92311e1,mobile,macOS,App
72933c3e-65c3-46cd-9d5d-5f6586c6af60,f15b58a7302a5814,desktop,macOS,Firefox
06fdd786-a752-4bcd-8734-b64a2c6a0775,9ded132517adffba,tablet,Linux,App
a649e493-902c-4405-9572-5ea358bdef43,c447c74c86501def,desktop,Android,Chrome
6d709026-3e91-4f6a-bdb9-68f47e5eb9da,28ed6ad3cfcf795d,tablet,iOS,Chrome
4535fc9a-e684-472f-86ae-23c262536469,b0720a0af48a0466,desktop,Linux,App
1975145d-af7f-499e-9157-0e608cc6d527,317b99cf9239b3fa,mobile,Windows,App
ac08dfa0-1f82-4b59-b64d-e96b610603c7,cda774451db502cd,desktop,iOS,Firefox
0a1c767b-ce00-46e1-a647-dbbcb5be267f,fdad523d0ad06be4,mobile,iOS,Chrome
8c1e41ef-912d-42e9-a9b1-b5bd0d834d5e,4168b25452dda5bf,tablet,iOS,App
c2b10630-2118-4e55-8429-e432766121ac,3612daa1376a8221,mobile,Windows,Safari
727f0e0f-1b7f-44ff-99c2-9c99b4300f56,f123548b130c750c,desktop,iOS,App
b2bf8d31-da4c-46d2-a281-48c882a03e27,c0579b432bb2c132,desktop,macOS,App
c863ec31-0eeb-43dc-bb09-d2ea158fcd0f,bf5255033fae7068,mobile,Windows,App
bf83407b-207e-412b-9e88-446e68bed71e,510783f5aae734dc,desktop,macOS,Edge
fbb9a038-ea0b-461b-a08d-1280570452c5,594b28fdaaa49849,desktop,Android,Edge
f3ea4da4-7297-40ee-bfa6-fd686902bfc1,72063c4b0959defd,mobile,macOS,Firefox
736434d2-f302-4e6f-a53a-20e63b85ed8c,1a57fba89d9e8076,mobile,Linux,Chrome
f8b604c4-414f-47c6-8c90-514e9a9d67e3,15f68c3521ebf828,mobile,Android,Safari
a1a1279b-7e19-424e-9f8a-94e0a439da6b,536831cc9f46068a,mobile,iOS,Edge
defc426f-2e39-4155-8d86-6795ab1ae9a8,3fa1708d742dec46,desktop,macOS,App
86908d81-9e9e-46e2-a8d6-fbf6d10389fb,4994aecba22956f5,mobile,macOS,Firefox
46a9d2b6-9014-493d-a78d-028feac1bec2,ad6f16beec5efa21,tablet,macOS,Edge
6ea9a31c-c3c7-4484-a0ff-ff920c6f3adc,fe76c5650165b9a3,mobile,Windows,Chrome
0e9aec2a-73fa-4f45-bedb-6f5e53eaccf3,eeeaa1976e71a84f,desktop,macOS,Firefox
ec6c9367-1a46-48dc-bff0-66109fcb1e56,12bb72314faf0e2c,tablet,macOS,Firefox
dbda8b27-d9ae-41c5-9055-355a8b441a9e,c24760900cbeceaa,desktop,Android,App
bc593206-7a1c-4700-ae53-966b81216e9f,3ef3f553376d2849,tablet,macOS,Safari
c1851c4e-328c-4bb2-b6e7-2812b5c11a2d,6a7833b2192fd40f,mobile,Windows,Safari
1c2b9c77-4c7d-4764-8de2-16eeb5d038f9,f9680fb63ac4548c,mobile,Android,Safari
698a7e67-2434-485b-81a4-2b7393123842,a1bcdbc072e53cc9,mobile,Windows,Chrome
03c60441-bd99-40a3-b5d7-dccdbabf6d8c,2695f31099623147,mobile,Windows,Firefox
3822cd0b-5e92-4abe-877e-3f12d38296fc,ea1ee5073cff2e75,mobile,Android,Edge
