pm_id,method_type,method_hash,card_network
e71a36fc-7d4a-4e56-89b0-97ebaf9a79aa,card,b28bc8a9e20a1958,Mastercard
2f1690a0-0401-405a-b452-79ecde1a983b,upi,dde09b75af64bd4d,RuPay
3dbeb45f-75d5-4462-b937-933066862baa,card,c4f025208e435350,RuPay
147b7427-e086-4983-9f04-80ad5e0a2a2d,card,69941f2513f7c50d,Mastercard
5cbde7c5-db0c-4d0c-b196-099fe8a69cfa,card,c4dcc5ae664d3b6b,Visa
5dc49956-1e6d-4fcb-b34d-e5164b5be3cf,netbanking,3b421c024fff7592,Visa
0a2d9e5b-192d-4539-84fc-b9af56ae8178,card,8ab247637d67aeeb,RuPay
a4e0c70a-d530-4efa-b57d-a5c0d7a644d6,card,af4127f2185d2de7,Mastercard
bec591ca-f120-4236-901d-e107ba7e3f4b,wallet,57f628dee8b1e101,Amex
c7cf3cec-9429-4287-9e34-f6ead8ec810b,netbanking,03f5d68963f75d44,Mastercard
26fdc57b-e142-4995-b7ee-041f7186d339,card,576ece7b1f864eec,Mastercard
1c1d3f15-9b63-4f1f-a361-ac6d0ba8bd38,card,3b366ee4de0bef2f,Visa
3f647c72-79f1-444d-b188-add23eb5ed01,card,cea17fa3b6c44bd6,RuPay
1565db82-8de4-40fa-9671-d5fc6b5d5f3b,upi,bd790d7ec1454d5f,Mastercard
beefb6e4-cbda-4953-9085-9d9fa70ca2db,card,bf29cf8395320305,Amex
500a4b56-75d8-4971-bb7c-861a477b8243,wallet,3a67dea00469faf8,Mastercard
15e749b8-127a-490e-85d9-d009cddd4805,netbanking,19b763ca46952fb5,Amex
f9d9e420-7a2a-4629-8b4f-a4d07b3c7221,upi,e36431b46f7d4ad3,Mastercard
e2220ad5-0058-4795-bfb7-f4f3e4a05d74,card,2beb8e285f87db02,Mastercard
fc0908b7-1281-4f94-bca3-0f9adfb5418e,netbanking,1c50557da7efaf8b,Mastercard
ed4e6d2c-d178-4978-97ed-0533048c653e,upi,3e33d69a2db3bc8b,Mastercard
3144b53e-a7b9-4156-b6de-ff2a6250aabf,netbanking,e43f6efecb335f6c,Mastercard
e31ae7be-171e-4bfb-8222-445c6e7f7ab0,card,98d72abe55723fbe,Amex
de5106af-5a81-4665-8015-f262fe56755e,upi,38f670dcf874924b,RuPay
a25a5ebc-5c63-48e2-9fc6-6b85405d14a1,netbanking,c5514e776020a25e,Visa
bf960981-1593-498e-a29e-8c96cb16e5a9,wallet,918a1ba5318c65c4,Visa
b9305dce-d7a0-4d01-9d41-46223619d948,upi,3cfcd2e190dcd5da,Visa
0e474401-18f4-43ed-a20f-aa0cd8b4433a,upi,04121356df79adcf,RuPay
b63f49bf-63f5-4a2a-98e9-3d17c6608a53,upi,ab2dea9820747f7a,Visa
1604695c-5cde-468a-b1f1-a87908369859,upi,cf5bfe1b943cdfe9,Mastercard
143d5289-3912-4a49-8d84-ebe3c1cd146a,wallet,643337d8ed1e8ae9,Amex
909d0156-08f4-48b9-b85b-47a2f5cd4c17,upi,1ddd2f4008096bab,Visa
cac16a01-c6a5-4061-9ed1-e3cb38a409af,card,3ea777412ac493c4,Visa
984f2801-e1ca-4011-9d18-6fe5e3db930e,card,ddc3912458a97d39,Visa
31cacc59-9db2-4783-bfec-5b6b48472914,upi,85e6c79fb5bf85ae,Mastercard
a9769faa-bb3c-4eaf-8515-5c5981edbfd8,netbanking,d10528e2cd58d374,Visa
da368b2b-944d-4dcf-95e9-2042b7253d14,card,c60bb64995d13362,RuPay
8c1ba9f8-8c2f-43fb-83c4-451f4410703d,card,c27f93201d677cdf,RuPay
131a76d4-68e1-4912-9436-c3df2eced00f,wallet,16bfa7782c05e6e1,Visa
2c514ab6-3125-47b7-a028-c75b18063ebc,upi,f7a0b8f0ff0fc193,RuPay
fbb0714a-5346-40e4-b87e-2f35e4c74a7a,card,099be61567a2a846,Mastercard
04d144e0-36e9-4840-ab39-669c4296a88d,card,8887cf4631d1d58b,Visa
1152a960-f6ea-4324-afb9-0ed5a00bda29,upi,f56f6657ca771464,Mastercard
2da49382-3592-4daf-af18-699cd42590b7,card,c81516ebd42e12ba,RuPay
872e43ff-f439-49d7-add0-c637f27793bd,upi,8894c9a3cde66d58,Visa
b14b403f-e213-4590-b937-5fd567d2a1bd,upi,661e9c7bc16405af,Amex
a16659c4-270d-4b4e-aeab-bb9a4c53a0e2,upi,3448f2f162b5fd25,Amex
ddb3e66b-5372-40ae-a0ad-ebb9b41703dc,upi,064488f32d93893b,Visa
ef4b16a9-eb92-42fe-b4ca-96e73ffe6061,card,ccb8b344abdbc729,Visa
e25844fd-b9d0-4da7-93af-e93942942d41,card,46b856c090d0433d,Mastercard
c906789b-f536-46d7-9397-9801c7aed270,card,c0364f914fda7db9,Amex
1a35070e-198e-4038-9bd8-7972512d585b,card,6da5dbbcad627484,Visa
e3bbe413-519a-40f1-9060-ca3980228a32,upi,54bea9c284322537,Mastercard
779f2618-9460-4f9c-a8e6-6c0b0078617b,card,9cf93516c2d0bfa3,RuPay
606fc594-a09c-4098-ae54-e3ef7b739d9f,upi,781410fe7c6e5772,Visa
4aabedb1-c207-432a-8792-78ac43d448a1,card,2d18aa0b36c6019a,Visa
d36d80d4-94e4-4192-9709-cfbd79b2ffdf,card,fe562c6252d985d7,Visa
d7beccff-a4bf-4e63-a97a-be229471db2a,card,65d48daa05c3e5fb,Visa
7af0da44-c1af-4945-82fd-0abedcb1b63d,upi,b080c4eaf3d86718,RuPay
306cf74e-dabb-4c23-bb3c-f994addf620d,upi,4e473d08e633d6a3,Amex
c1b875c2-1a46-47e2-a347-47651037eb46,netbanking,a78bf59ea9d954c8,Mastercard
dfc72b98-ed60-4c66-be9d-3755b6eadb53,card,d2196e4af14ba1d7,Mastercard
03ff400e-a9d5-4e73-98dc-843402c4ed72,upi,fe97d6539e1265d9,Visa
902b9d7c-f053-4efb-a3bd-643457f7d236,netbanking,56cb58ef5ca7df33,Amex
2e3b4099-ac81-41cb-ac1c-b95609e9f85c,card,b2304f9b2d2ad9b1,Amex
be842935-ef4d-4605-999d-1ff3671eecfb,card,6f54eb248b994ca1,RuPay
9c66d4f9-7338-4293-8b4e-5cf525613928,card,2f98c0ea0d2e8730,Mastercard
613e25c7-fa75-4465-a245-2cd5e1aca238,card,fa5250f8e15a3615,Visa
de2b8c97-3434-40c8-a7aa-b99980a5608a,netbanking,ef2d8fa3883f154a,Amex
760914ce-277c-49c5-be71-519056203046,card,fe67dd72ce459cfd,Visa
221b37b1-e2eb-4a44-8bff-dd46d7ed4171,upi,14eadbdd95a48640,Visa
80099a81-c8b4-4e74-a623-c1cab681cb25,netbanking,f07171516c8e6229,RuPay
27170e4f-5f8d-4421-9797-9cc0466a69e8,card,5979892aba469d96,Visa
e9dcdf56-3554-4411-879c-b46f24dc66ff,upi,746fe075f7206681,Visa
3663cd2b-8863-4b04-8481-84ee135ad334,card,62c918a635cf7726,RuPay
12a51bf5-d5b8-479d-8a05-88f2b9551fe3,upi,ec6698c16357d12c,Visa
b4827b68-8c90-4325-9ffd-85976abee5cb,card,b9d75272459a444d,Mastercard
8629a2af-6221-4a75-9243-f306b705ee3b,card,97b1eaa6aab543b9,RuPay
37798389-8c2e-4cc0-a7ce-79b63a06820c,card,1d2663444f72ed10,Visa
b26c6647-4950-4123-9a42-04a4a553261f,upi,1e69aa973ab5a791,Amex
2e4a9c2b-1df3-47c7-afda-1d0a53a871ef,upi,ea3568b3542eb152,Visa
f16d0b4f-ace0-4559-9366-0970f35d3473,upi,ee3576389c85ecda,RuPay
6968eaa3-3e11-415f-b152-2255c6e8f6bb,card,4de791202ea70cba,Visa
024770db-f5d5-4256-9c5f-dcf0e7fb9a2a,wallet,a0c5f41fb4a3ab73,RuPay
d9b3fca8-5302-4041-8ad2-d5f5940d25ad,card,78e41b73fa6740e2,Amex
40f6e157-c0d5-4aac-86af-d52fc9bda4db,netbanking,10f60c162fb9fcaa,Amex
4b396a53-4694-4d3a-b97b-ab6febd63d6e,upi,64bf20dd2d452773,Mastercard
97b84a71-b045-4a81-94d7-90a99a311118,upi,82f8fc7fb956ec39,Visa
85eb51b5-d2b4-4f3e-bd8b-6877a25737a2,upi,0dd6ee8a15da9786,Amex
6ad6ac20-f045-417b-9411-984b69dabc9d,netbanking,e2703b75f8be5eb2,RuPay
7a2f526f-3624-4466-b4f3-0d11853147a3,upi,6d9d038efead09dd,Visa
a3771bf0-fd62-478f-bc8d-66efc9ca315f,card,66fb65df7f602d0c,Visa
a8401fc4-839e-49d3-b125-d1def035de0a,netbanking,944fb99855f495d3,Mastercard
f7dd46d5-618a-4eba-9308-2514b60b1cd5,card,97f11821bc9780bd,RuPay
714ed730-1ee6-450a-82e7-5a27a4156b15,upi,d465848543c0b85a,Mastercard
31dbc5cd-62e4-4236-943a-911f55caf8e9,upi,8281b5fe9d1eb543,Amex
84a0e37a-f506-4d87-918b-074eb156d7c9,netbanking,bdd43bff23ee8149,RuPay
512f5162-d029-4dd0-bd80-57d1fcef2b0f,upi,8942ce86f4263d19,Amex
42ee1a17-f81e-44cd-81bf-bad46b2665bc,card,28501e463e7c9998,Amex
ab738f7c-b5dc-442b-b758-db3c6b5350fd,upi,f2ccb87e513a5b25,Mastercard
12c6171c-e424-4025-b025-1b2948dfeb05,card,93452b3572eb498a,Amex
11759e56-4fc6-46cb-8568-5a9fb57b18f0,upi,5900b21c418f0896,Mastercard
f1446a56-2014-44e7-a5d4-10dc1ba646c1,upi,5bb29a3a72525602,Visa
f1e2ed1d-b61c-493c-b0d5-166a839bf5d4,netbanking,491f918004f6387a,Mastercard
c8176b99-09c7-4360-adb0-cad2cc9ccf8c,card,9f9d09077849cc30,Mastercard
80a09f59-8ef0-4bea-a35a-27e8357daa2e,card,9d538bb9a08309bd,Amex
e642a531-a164-4008-a390-6fdd2c9becb2,upi,0477cacfca369a38,Amex
39f6bcaa-6f7c-4817-ae2f-8d8fd37b1798,card,0947d8b0493e0792,Visa
649bc6c0-804f-425a-87ae-6396a16a4178,card,affaab53c464e162,Visa
0c0c6c5b-d1e4-4723-ab81-4c5785f24a56,card,c080b68680903e9c,RuPay
fa0f578c-fb3c-44f3-89a2-ef07e3428534,upi,e22dff842db135d7,RuPay
d768ff21-35eb-40aa-b27f-27e3383c9bd4,card,4e4cdffbef153232,RuPay
e67969f4-e4d2-4d6f-9aaf-10f60880528e,upi,000cd1758ea8b483,Mastercard
3029424d-1878-462e-ab00-24e42fb15559,netbanking,56581abbc522d815,Amex
63ff048b-51c4-4cf6-b2e2-c60a0314fbed,upi,3dd682301c3c2bec,Mastercard
98e26763-aec8-432b-8524-a8c5d0211473,card,faf3aa65c03efb1a,Mastercard
2130cb9b-b289-48bc-ab83-e8916a0c4fcf,card,f91a00f392aee010,Mastercard
9b16bef1-58f4-4d54-a669-c58e2cd7e30b,card,c0f02132558aa719,Amex
a361218e-e2ed-4b39-a576-16dc0a3f528f,upi,da749e15c1e65e16,Mastercard
f9a3ecdc-ab67-42f2-8e1d-ae8bec2af488,upi,1e264d9e2380aed7,RuPay
f4e2a2eb-10d9-480c-8dc1-fd65015dfa02,card,7090c9e24815f3f8,Amex
98faf6d5-43d2-4426-be8b-2337f9d2e464,card,0a50ce44d97c2176,Visa
8e034948-96fa-41ee-8000-9a461de7e641,card,e7e1a999f6fd0430,RuPay
01fa3cc3-984e-43d8-bd38-52bf6ca7521b,card,74a6129452ecfce6,RuPay
80eecc4b-dbaa-43d6-8a0f-19ad710801ca,wallet,291ef99e23caaf9d,Amex
8e2322c2-ac27-41e4-bb94-4dc680f2b539,card,1a477c4734c0b8a2,Visa
c5e85332-61c7-4324-b622-daed38d9e3dd,card,ac37851f49a77769,RuPay
04e71d41-d3a1-4eda-af6d-51d462c56613,card,f2105b3e6ba4a06e,Amex
13e644ee-3378-405b-9262-1ab5a7ed6d1c,card,838426334709bccb,Mastercard
11b180d2-b86e-4716-9a65-70a6ed7c1472,card,b1b2bd628887df14,RuPay
9f84fe09-14b4-41bc-8881-72f03129f1a5,upi,b734429c25ea00a3,Mastercard
31c589f4-0ca7-43ae-bded-a0feda5f4c74,card,a9e5d8c352194d5e,RuPay
db75b223-f0d6-441e-9f60-b423993fcb81,card,468d969b0e4a0617,Mastercard
9c90ca85-2232-4e8c-aa50-82bfd06e2f23,upi,9dd81b8624b4e7f6,Visa
ab70f1b1-c610-46c0-a1c1-568d04da2009,upi,60cad07bd6fc1692,Amex
9a3c5377-a7e3-4dce-8165-8eff66251582,card,a5902659076d2596,Visa
7e0f0271-141d-47e3-967a-708d19e5873f,netbanking,32cd230bd8acecd5,Visa
08d15b67-cca3-4773-83be-3ae4cda0bc45,card,58aee29ac0ae970f,Amex
00bfcd80-b9ea-4bc1-980c-19cd96f90ad3,wallet,cc3f0aa98e24c199,Amex
e4057abc-b92a-4ce2-9591-77601cdca32d,wallet,952bc6a737f4f876,RuPay
4b8d2b4e-f7b5-4550-904e-9415aaed3b31,upi,2e6e2d2950638d79,RuPay
c921785e-dfbf-4d64-9919-6bcb7c16a5d3,card,fc68dc36f5c7ce76,Mastercard
c6da8d46-b02d-4146-af98-76278d0b8fcf,netbanking,5e2187255da5947f,RuPay
113ae65b-03e6-4589-8a82-d0bc8d64c0ed,card,e181e0a850813c1b,RuPay
5f347ff1-6e9c-4746-beef-e0e8f9627d44,card,03b4953e3e9b493b,RuPay
84209420-9af2-4ea6-9235-710dcd2a076e,upi,a5ea78385da6d659,RuPay
6ad91a88-8ff3-49ec-8f67-0a76cc431216,upi,49e268550677d03f,RuPay
81881866-4c37-4933-a3be-f54362e554c6,netbanking,d34bf7309cb5e016,Amex
2debf196-4055-4eae-9c96-ca724ae45c0a,upi,9f23f530ac25b20a,RuPay
29788d5a-4763-437b-a8bd-07116c85b82a,netbanking,fe8d39ed8ccb8402,Mastercard
bfccc351-967c-42f4-a8c4-871bb53d137f,upi,4e611236eb19eea6,RuPay
3058bc41-b273-4109-8608-84ec72c6f55c,upi,ed6200a7b3fcdac4,Visa
8c32f4ce-5d4f-4ab5-ac4d-d8135ccb6cbf,upi,91af65b721b2ee6d,Visa
89b27833-7e25-49c7-8ac0-16c228be29c3,wallet,53eee1d74560c970,Amex
192b5e0d-fdb1-49ab-a5b2-ea7de3eccf23,wallet,1f0cc80d7328db39,RuPay
d03154b0-0f6e-4035-a4d3-307ef6c6256a,netbanking,f99d018551dcd318,Visa
25222bcd-3c96-4ea8-81bf-2b4ff279b621,netbanking,1d9bb35616987871,Mastercard
3bf38de3-bf0e-4867-b99b-7c685c17baf0,upi,17401652f4419d6a,Amex
b38d70c3-e90d-4e90-9817-07d12c54f500,card,8f619489da9bbd90,RuPay
ab5ba34f-6d69-4d59-8f58-67f53e1c2f28,netbanking,abf62ccc3c94721d,Amex
2c9c4e8c-2df3-4938-b36c-668932f17dd8,card,62d9e3251e4a02ff,RuPay
db8cda2e-be8f-40c9-9078-5f85ef5132a5,card,22d8475039e3827e,Visa
5d7f1ac5-f02d-4c85-a7f1-fad912cea811,upi,3e083508dd551057,Visa
eba853e4-5947-470f-af63-54cf3a00340c,upi,baa45e4a0d7a8535,Visa
ae761993-8886-4727-910e-d23e9b4a3d18,upi,3615314c3b9799c3,RuPay
b956b8fe-c6b8-4735-a5cb-c23d640b7dd5,card,d03381cdfa012fc6,Amex
a7df7486-7f6c-4d54-8bdd-db1e0634f791,card,c0e7529abecfb3f8,Mastercard
ae349963-be9c-4869-8440-151672c822cf,card,d0a0f348c5438a58,RuPay
2c86233c-c279-44e2-8aa0-76a93a3f78cc,card,308bcd5ce5718032,RuPay
4230c5d8-763d-4078-a04f-6f473b2a914e,card,a4808ccf9c25f6b6,RuPay
36d80765-7a4f-4900-ae93-0f347cefe79a,upi,8e88191f05e8b873,RuPay
57d31726-e6eb-4e69-bdbc-9bbc84ce170b,card,c7b2a504c83551e3,Mastercard
aa6d278a-f820-45bb-81c3-f11a1c0dd7e8,card,d10ba1e91cda988d,RuPay
a7729ac5-7fce-448b-a113-c4a82e696dab,card,9e973e95388e7a88,Mastercard
a69969d7-3b66-4be0-bf98-cb88d398f66a,upi,3fcbd0050bda017b,RuPay
4e96e6c0-a72d-421b-a363-ae2aaea87102,netbanking,670b392d6c589a0b,Amex
931fb528-f851-4407-9b52-074ed6be4d03,card,fb067a8794beac2a,Visa
f4222b5b-04ae-45bb-ad6f-8b66a18cf5e0,card,b773f28a5fea6682,RuPay
23d072df-8e11-404b-bed7-8834c0022d3a,upi,18407e6219ea5409,Visa
f909df0b-65da-44d2-80d6-77869c451c33,card,77ce651ebd6b5a07,Mastercard
55de63d7-9f0e-4aa9-acf3-09f4db74f086,netbanking,5ab0e44404802abd,RuPay
9a68a432-48a4-41aa-8b7b-cfbcb6e931da,wallet,66330294e63f07aa,Mastercard
837c3ce8-60b6-4edf-9cd9-b6310bc1e564,upi,8f7634d0ce71355b,Visa
a7c106a2-7fc3-4ffa-815b-85c9a73a0a18,wallet,4f30fe4db754dea1,Mastercard
e7c9e8ae-05e7-4657-a5d3-5db6d7760be9,upi,9d9d0f8510447775,Visa
24d68be8-2e03-4ab8-8089-43ceb224e9f8,upi,e47aec333097b6c1,RuPay
07257b71-e54c-457e-aae3-c21aab5ecd52,card,cef928faf5f36b1e,Visa
9a6d88d5-72c2-4f13-bef3-02ff1fb436bb,card,afe1a18f9529cbe9,Mastercard
2d10bc03-48b6-4575-95da-bd63ad73659c,card,cbc29d4a44264500,Mastercard
0c349746-de77-448f-8444-abc023fa8518,upi,eb6391ee18241b51,Amex
7342ddcf-12d8-4ecb-a90e-c9b63a2da9ec,upi,33a3b9a51d9df91b,Amex
dec9bf27-8f41-4671-a95e-680c01ce3e16,card,98718e53f335e97c,Visa
b0a2ef5f-36f9-413b-8257-d7f4a82ca3a5,upi,ca9b901ce11c2d3e,Visa
a3e96cc0-fac6-4ba4-861f-0102193c803c,card,061509dbac515838,RuPay
37f72a20-573d-4434-8df8-ef6fefbbe44a,card,a8f23e48c1a1bf3d,Mastercard
d5fbd2d4-bde9-4a53-8639-4f1ec9bb0ade,card,b9a394981fcad9ad,RuPay
269df320-27ab-4d7d-8ce9-3d92045f36db,upi,3633f068ac4aba63,Amex
8be60cd1-5478-43c7-a4bf-3c0a685c1e21,upi,96b9f05b88ed8daa,Visa
7eb06a51-6277-4310-bc19-9dd47af3f3b4,upi,f22377e5e0368def,Amex
8a935d56-cb1b-44c7-bbbd-889d3e334a7f,card,8f50e62d17889152,Visa
c4ce440d-0e22-47df-9dc8-ed097bf85c9f,upi,8d872dd2897ab93e,Visa
d6d52775-95a3-434d-86a6-7dcfcbc0206a,wallet,7938448ddfa61d95,RuPay
2cd1eacc-7b18-4119-912c-4dc6e1528cf9,card,fb990b840f15808b,Amex
5f7e8ba6-9baa-46d2-969a-366e67ca32c0,upi,18ed342df92ee54e,RuPay
30b12554-0196-4b8f-b215-bbe5e3bbae26,card,69b1dfcdba97096f,Visa
6f4dd461-ba17-4ee4-9740-6a58bce64341,card,6bf2789d8e8b46a3,Visa
198c1585-5cf3-4425-b266-850b74bce6fe,upi,a414a7798b3e29a9,Amex
deb48d40-8c4d-4931-9ced-e9dfc4ea129f,card,6d781e0f21f96c6c,RuPay
c7017be4-e492-4e9c-966e-d22969570531,upi,8fafcd45b95c683a,Visa
798de380-7e1a-47bc-aea5-8ac7a205bb39,wallet,efd4114023fc9b96,RuPay
1b5cce6d-166b-4bf7-9986-cf321d802e85,card,323637db6906fb49,Mastercard
bbe86dbd-0491-42cc-be61-f42db46c7aaa,card,a9f1f33039134afb,Visa
f6e30b84-816f-4b16-9e2d-eafc22be24e9,netbanking,11857c3257ffdb17,Visa
5d37f33b-c4d2-449b-bcd2-99880880e7c9,upi,99ea8d415ab2b2e7,Amex
18468c8a-1183-498d-a3fa-eb0a3fb34c9d,netbanking,9c667b5a609d99c9,RuPay
563db913-dd39-4b2b-97a5-d7b209f76104,card,a7326530131d62ff,Visa
0a85c0cb-f515-4770-bfd2-2aa757b17b1f,upi,c093a19d85d5743b,Visa
32aa452e-e2b1-40a9-9cc5-ccbbc5dd5581,wallet,12de32db68d39afb,Mastercard
bfafcceb-5c8b-4cff-842d-387db516f807,card,ce3a2fe9e60997be,Mastercard
4662d4a3-c014-4259-9af1-248acf294ede,netbanking,4ac1077ec90d4d74,Mastercard
e154e027-29cf-435b-b061-fa4ea2eccbb0,upi,a1f9b5abd4ed87e8,RuPay
dc1df802-76fd-42e3-a9dc-11b76c5b2e6f,netbanking,50179e5aa6ec991a,Visa
f68ef2d8-1f10-4895-9464-39842c5f3631,card,783c51da18033859,Visa
5fea1f97-8037-4504-a11d-6dc535da785d,upi,a222ee772ad4b0dd,RuPay
ddedab16-7057-4f43-9123-8a120f19c580,card,0e82d12c84a4a629,Amex
62a3d35c-2a67-4b45-a7de-1f6117a00157,wallet,8dbb2c10e21e2be6,Visa
9312ce2e-d27a-4cae-9b24-922f8088cbe8,card,830a25794e6e25d4,Mastercard
41a0690e-d9b8-44b2-9d42-d5da8ba540f4,card,8a89e18e36861981,RuPay
64c4f03a-38cb-40cb-ada1-00bd8fcdcd74,netbanking,19bb6d490df3a158,Visa
507c2047-c07b-4269-ac36-b29eb1b5cfcf,card,e8969c52934b2893,Amex
044b2f6f-d08c-40a9-8cc3-65feeb6389cd,upi,d6e512cf5e26ae02,Visa
711f84eb-63d7-4a5d-be74-1c8862400650,card,172c7c760ac0c6ed,RuPay
98f26bfc-a9a8-47e7-b11a-a1bd2ced9fcf,upi,e4e53d945047e5b2,Mastercard
67d219cf-5cda-43d6-ba7d-dae3bf4054f9,card,ed9ca94387f8d633,RuPay
311609f9-c89a-41d9-a355-62354d2f98a5,upi,f902a37b921e0ac2,Visa
b7a62466-d8a9-4d81-9107-882d99aca62e,upi,5ec899ede393ac27,Visa
20aca7a4-9953-4e2d-be87-3f64fe80a4ff,card,87af65678fb0d96c,RuPay
0284664c-7fd7-4323-a2f4-b55d15ac283c,card,0abb57bf79ef44ee,Amex
f00ed91a-af2a-4c3e-ba71-bb605d7ed583,card,b3f9ab971f750740,RuPay
9114a4a2-8daa-4280-a0b8-e05bf9daec29,upi,80256940051ecf31,Amex
a0083a1d-0c1f-4d67-81eb-2628c3531fa6,card,1f6aa750b62dddb3,Mastercard
224c23a8-cd6e-4312-9c91-2e7a1d4ecf99,card,98bfecf901d50c6f,Visa
c9e063fd-ab26-454d-921f-e9028e590437,card,26af6c0b62698273,Mastercard
5379ba12-1dca-4de4-bc08-66457f06ae73,upi,af245ddf63066146,Amex
d60fa95d-d979-473b-b5d6-e0ab3b3f6ce7,upi,f54bc8f7ade8d972,Amex
30482c26-f435-47f2-93a1-70692d3d9a87,upi,ea55eeef13580fb8,RuPay
f3cc7df4-0274-4389-909e-6145728c9b74,netbanking,60a8aebf9b4cc20b,Mastercard
8f5b48ec-4d6c-499b-b2fa-e3ae6a198732,upi,db75339fa2172983,RuPay
1a0bf219-3cbd-4052-8ee4-61e7e4b08375,netbanking,26b2ff9526456f98,RuPay
262a18bd-4a7e-4a9d-9a7e-25e52ae037e7,upi,7bf3d80148ba6c8e,RuPay
6b2cdc4c-9047-46c2-91b8-f2ec55beb3d7,card,fd05dc0da60a456a,Amex
0a68853b-100c-40ab-a5ed-fed4ff35447d,wallet,7fedcbf114e03a4c,RuPay
04dbb4cd-3aa8-4fa4-bcca-acd49acf4771,netbanking,c43145c26061f31e,Visa
7638e21c-d2d5-4563-ae84-87705b2d7249,upi,7068e0510448bd32,Visa
adef8f5b-667e-478d-bd3a-8613139fb3bf,card,6f8acc149915bd9a,RuPay
6423e42e-2153-43c4-ab17-c9f7503daf59,card,0353227f564f51b4,Amex
6a432822-edcf-44c4-9895-c04ea86f355c,upi,81934eaa23e94a0a,Amex
2cf56068-83ba-4262-8c70-338c374e7cee,upi,8acd5b4a87ce53c5,RuPay
8a17f374-cdd9-4fd1-8a6f-3ae4e6699fef,upi,5e6ac86c1f5354a5,RuPay
8d44b324-2cee-493a-a965-058fbae44809,card,7eff47090816d7c2,Amex
d166ff49-5172-4544-b8d8-b63f21251672,upi,f50f0a72fc855fee,Amex
46dfc670-e2f6-43a5-89ec-a2c404a1a49a,card,e08f48c95309f841,Visa
b96f2cc1-d14e-4460-928c-843fad1210c7,card,6d190aa49d4c60a6,Mastercard
83da4d0e-6c4e-44ba-a386-a4b6a6f5edd1,card,fe61ab91060a8d1d,Mastercard
400b03c6-d87c-4219-83d8-7cbb6b91f31c,netbanking,a1cbff832b93b6a2,RuPay
381d4367-dceb-4b16-92f8-7765b0769cdc,upi,d3c434f9841df9f9,Mastercard
5f1e0211-0ff6-4121-9f83-9861bb211860,wallet,a4923eb35522959f,Mastercard
849c2eb9-35fb-4f5d-98a6-89df01bf4d70,upi,8d45b53d0a052be1,Visa
a19ec88c-1b5a-4be1-ac7b-a1caa87a9f9b,netbanking,438b611bc65723af,Visa
4109dc94-4828-43ff-b09e-c24fb84a7aaa,upi,60b7af086a20e1ba,Mastercard
7f479d32-ecd4-4e6e-aa5a-1b395d373988,netbanking,a22eaa85d00cb20c,Amex
befe4251-99fa-4ae7-879a-ad23d657ae8c,wallet,99cd504628fdbad2,Mastercard
6cae69ee-6310-40e0-b53d-300e30aa80ed,upi,55bb1e848b3018f5,Visa
3d01bca3-9dd9-46f6-9349-0bfa3e669a92,card,ec294f979bac19a0,Mastercard
750e75e8-d958-4e15-b992-16ee5e31a819,upi,b0898e0a1af00696,Amex
7d1200be-84c3-4e39-bdd2-13579a44dd1f,card,5fa5d06e5055c6bf,RuPay
f6efda29-bc5e-4a29-9ecc-9a5e97c3a5a4,card,c4f7f653ff943e08,RuPay
e34ba8fe-80f4-40ee-8310-40d6e4e72033,upi,12691f55f3201502,Visa
01b0acbd-1fcf-4958-aee6-8d63f4ba8e48,netbanking,26b901f8d659dbc6,Amex
297595a6-ba59-4f7c-bf26-2369e78bc5b2,card,79bcf3171de80e4b,Visa
07af68b9-878c-4698-8cf9-b2a5a4849ffc,card,bb1ce397feb4d8b4,Amex
aa2bc988-00ba-4bbe-874e-f178f4ec6692,netbanking,e71918460e0bb94d,Amex
f8720da1-b728-4c68-a262-ca5002c10dcd,card,5fa91b38c1b23699,RuPay
909b0108-a607-441b-b24f-a3d6b7de853a,card,6a1cb95b5608edcb,Amex
4732a769-cc79-4e74-9440-212479cef933,upi,aed2fef98ac3835b,Amex
72b85464-08ca-48b8-ae2b-74d28e06a80f,netbanking,a2e3ef6fa4ba3f05,RuPay
2792668c-0f5c-4045-a554-d37926e0a087,upi,d9909bc48b38e95c,Amex
bd1c2273-572f-427b-a13b-93385d474ea6,upi,7a55b6ea378e449c,RuPay
11b6bd0f-25db-4004-a008-f100124f5ca3,card,410c0a4244555d90,RuPay
75f0e586-0eee-45e3-918c-0d09a3350cf3,card,608537f9c655d39c,Mastercard
c27995aa-02b5-42fd-ad24-ce4bd432ab01,netbanking,882a54ff171ba244,RuPay
e0494a30-a90a-47fa-a18e-d01d1d9ac550,netbanking,8aaa1dcc5e59ffe9,Mastercard
51bb9884-634f-4fba-a60b-64c39b2bc154,card,c50e7c8dca330407,Visa
742a1899-568a-4b5d-b277-69c9657901ff,card,941767d1a7df9931,Mastercard
9a69d929-f36e-434a-a510-62d59725cca0,card,414f2a4d4130beda,Visa
0c720c72-a4ce-420e-add0-286d195bd3fa,card,8029a93e8cf2c08c,Amex
a1a6c1bd-5bee-4ef6-97b3-f14b592586d0,card,1cfd77d135dd1bd9,Mastercard
b3e2ebea-752c-474c-a2df-c75dbc6d7596,card,a684a7e9cb5adb12,Amex
745524b1-dff8-4c8a-a253-a61613be1a7e,netbanking,88553a8339e4771b,Mastercard
7d5e5d6c-40f5-4804-b53a-a99cf7d083b4,card,01bad9eaf93f3dc2,Mastercard
30b5f8a1-4cca-4066-be66-2c72c4e30281,upi,d458c8996c40c1d2,Visa
b4d5e733-bde1-4f95-8c52-786f924ea9cd,upi,4d4150764912d052,Amex
03f107ec-1d6f-4bba-84b4-269b32b56b5b,netbanking,03ee4d277742b63a,RuPay
44a96f34-e28c-4cb8-990d-98042c111038,wallet,8de499720c1b1481,Mastercard
779d95b9-3539-4620-a170-d75a6473421f,card,7b4b1d9952e77e7c,RuPay
a2bdbe24-2cab-475e-9184-9d8edbc21589,card,b5040b5f5207e783,Amex
0ca05402-c60d-4ee2-a956-ca5ed111206b,upi,a1e37fafd6cf4f1f,RuPay
c33c82da-f0e4-4255-979f-a5f1f590e5c8,card,a6b4242b80e03670,Mastercard
36426d87-59ff-4ec2-8379-a520d7181dea,card,b28a24c9bf4e3018,Amex
0846b93b-4c23-492c-8860-ff87628de16f,card,e5c1c690e43f7460,Amex
45fdbaba-c2ef-473b-8886-7ca956c4ea15,netbanking,ab329dd8347b7ec7,Amex
4ef82bcd-8d54-4fb1-ab77-5e1277b954c3,card,6846165c6c8bac53,Visa
f7ba4a18-9612-4e0e-a8ea-9d9bca4dd916,upi,f15f7a662294a599,Amex
dbaae54f-f4c6-445e-9cce-df4c8963c8a5,upi,34421807e00e7afe,Visa
0bd69754-692e-468c-b337-67f64be663d2,upi,64b0ba3966002da4,RuPay
8abc895a-516f-4dc0-be6d-9df6d2ec11c0,card,0de1d9c836915c5a,RuPay
1cd7afdf-57e4-4f57-a25b-b45a6246e1f9,netbanking,5e0c5bb4b3a254c4,Visa
4ff73596-96b2-4f1a-a3f2-16015c172ecf,upi,f28802895fe5a7ee,Visa
f38125bf-4b61-4195-9adb-13b065dfc1df,upi,6076cebf4df48f08,Amex
ed3ad21c-a083-4325-9d15-40ac5b337142,card,da67baa17cb17169,Amex
02be00cf-505d-45f7-acb8-3a46a9f0b6f9,netbanking,f1e64ad2131362e8,Visa
7a772893-08ac-4e8e-9bec-249c5aac82f2,netbanking,489a69ec4cabc0f8,RuPay
41244047-ca83-4d25-abeb-ccf2d70fd4da,card,9dd272711801e5bc,Visa
33c2d363-604a-43da-b89a-5dd1a748d883,card,d103d65436291601,RuPay
6da3fcf1-e4b9-4772-8eee-2d06842d7d9d,card,9b0a93b9d420ba5c,Mastercard
304579b5-0871-40fa-8418-a87853bf5a71,card,85468ed32e4a2502,Amex
d46705eb-1917-458d-85f9-7ced49e987f8,card,a484e03b9ed9e9f0,RuPay
d6d2ff83-39aa-4f5e-a58a-ecfcb63b7662,card,441a4305b8c5a0e5,Mastercard
08ef5dcb-657c-421d-b477-22c11089ce8c,card,100aea5a5c3bb550,RuPay
a49ae060-8dbe-471e-b8bb-e3146bf3c42d,netbanking,e95bed19f565a0c8,Mastercard
a756006c-01e1-4af6-9df5-54512a458f7d,netbanking,78e60a2d5cedcb84,Visa
9625338b-e7a7-4b5e-8de4-791a5d321330,netbanking,b13457d9c6314597,RuPay
c6d5a322-9d6c-40a0-885d-912f5c3ddcb6,upi,bd17d95707583438,Amex
c407c360-15ea-4ad4-a840-21e478d78e10,upi,25e08d41da987f3b,Mastercard
78243431-b7ee-4666-94f6-47f656a2cffe,card,2470e41bce05456d,Visa
af9e0dcc-5415-41ca-a33f-46b97312cd7a,upi,4237315006b7f7e1,Visa
2762dd67-3c87-496c-88ed-73f32c0da0d7,card,5b885d4fbd644700,Mastercard
dd7d298e-e096-431c-8533-9c4bdfebe166,upi,fdd14b47fe8d8b9c,Amex
72ebfb12-6088-4b44-b5f6-3430d6cfd4fc,wallet,1f223f495c285c65,Mastercard
2e404bbd-cf87-4e9d-ac0d-bb9665b0813a,netbanking,678dd95230a969db,Amex
95d75751-19e4-4322-af35-5b2c48f5a080,card,957e6a824ee156a5,Mastercard
e236b13e-068d-4247-9120-5e7a01475d55,upi,91559223d0f6306e,Mastercard
597296bf-5223-4eca-9cc7-fa54d64e275b,card,e9920a9cc5ecbdd7,Amex
7c8546f7-76ff-4fc2-ab37-176ae8eb7b2f,card,8cd654240eaf56f7,RuPay
60cf2b90-72b8-482c-9577-d4425b0fb090,card,6759acf951b55123,Visa
a060cef3-aa1e-46b6-af43-95e14e3e1afb,card,91cc7b822a04fbf5,Visa
f4c999a4-3ce3-4e9c-8329-92de80887cbd,upi,89b88dd6e5e40f01,Visa
6f23f704-a8ad-494e-8241-c5754a096262,card,14d436f623b676e0,Amex
1b87bc00-7a25-46f9-b290-d183cd2f37ea,card,f5137f3c9f170c9e,Visa
2c5fb82b-1eff-4942-89b3-23c7398a347d,wallet,0d475cb639e4c756,Visa
90c64775-e051-48de-97a7-72ba99c81a23,upi,a9fdf41378e68e64,Amex
3972a473-a247-44fa-95be-9d8284eefc97,card,07600fc3de4a9399,RuPay
c764d6a5-4b05-42cc-8a9c-0cc72002741f,upi,975405055bba3f2f,Amex
792e1080-d81c-45fc-a588-e8f14cd09ce7,upi,8dfa036a5fd6f755,Visa
b47130c1-6770-46b1-9cf7-4c74cdc475d4,upi,b63b90e979091ca3,RuPay
797261c5-ee9c-4683-ac00-32d0dcd91247,upi,3cc571d3f7dc589c,Visa
9b074b9c-dcd6-4eb0-b301-cd155034b7c1,netbanking,91e29ffa73dc8a00,RuPay
d11f4601-29dd-4a71-abd7-ff66f1e35671,card,ac35b249bdf1aec9,Visa
a7a305f5-e0ea-480f-9eba-715fc2a23a7e,upi,a9245dbde8300bf6,Amex
a3225378-77ac-45e7-b1ec-65f7c8892ccc,card,71acf2875e0fc67c,Mastercard
ed11082f-b268-432e-9922-c3082e57b1e0,netbanking,d36e1c792e15f94a,Mastercard
59d65f4e-2be5-40a1-a3a7-2952e66ad6cd,card,5b5226fee13aa278,Amex
93ba0d26-8c91-48f2-8bdb-24b8cace7d7e,card,da909a6b9758e4f0,Visa
60ecc76b-f1f7-4de5-8969-9dc2e0e8fdd1,wallet,cfbc263305c80835,Amex
21eb79c4-2e3a-4709-b27e-a4837aaa74e9,upi,c8bf2230e7015dec,RuPay
1edcbea0-e099-4cf5-924d-1f0a11de6755,card,325e3e1944c6d0c4,RuPay
07610b24-0fe8-42bb-be49-a4194d231e58,card,bc47022253c95436,Mastercard
23220da3-aed4-446f-9db6-29aa9a4c8527,card,18faa2e2892e601b,Amex
04d1cd42-f9ce-420e-919e-709112692b75,wallet,7aff3b319c3b942a,Mastercard
1d157327-09e0-4714-bb57-c208cfde5c8a,upi,95f5b03c6bbc7ac3,Mastercard
cfb2baf1-d3ee-424e-91c3-9fafdf0e3d36,card,3174f1313f63c340,Mastercard
986c9846-442f-4add-bb39-1ce7418d25bc,upi,3b421ba460787108,Mastercard
3fe25013-e87b-412f-bd67-019551b2eff0,upi,ab1e44798405f27e,Mastercard
f5df099d-e4fb-44fb-9670-adf84178d934,card,825dcafa2f9dffd5,Visa
95d615f9-ce8c-4f12-bcff-74eac06ef270,netbanking,f049a4e410957e48,Mastercard
54675add-32ad-44b4-b456-1788c19da5fd,card,358017bb57ee0cab,Mastercard
32fb5a9b-e8b9-437e-839a-c7eff0993480,netbanking,8c87d58984dcbae0,Mastercard
576e7cca-516c-4f92-b760-e6bf88f97295,netbanking,8f3599c52908667f,Amex
27643eeb-a355-43a1-ae6e-8b842d1b7092,card,ac900a1654d022e0,Visa
e7842be6-c93f-489e-9c57-8b4c1023850a,upi,aad073fe301bbefd,Amex
fc59204a-028e-4432-825f-74446b2bc013,netbanking,b005e524b4f2ffb6,Amex
ee696228-6faa-43d5-8f46-94eca14bd5e0,upi,e1fac689781707bf,Visa
c7a46344-5f1b-47f1-9e96-cca1b16c3077,upi,bf843360f900ad8f,RuPay
5d234442-91bb-48e4-bcce-e8cf4aee4d0e,card,8ba14e97a27045f4,Visa
3f54014e-60cc-4628-9fe7-f4811ec50857,card,c09113562f685d97,Visa
0db53fa0-41be-4303-878e-afd31717b108,upi,e86cf9076638b3f4,Amex
ac4b0c33-ce3b-4881-91f4-99b24e8db3ff,card,9ce1b52f635c54db,Visa
3c6b26f3-58ea-4d0d-a1d8-09946ca80edf,card,eabb6881149f935c,Mastercard
54187b33-1794-46e5-a917-419ce0612c0d,upi,4d2403fc75fba867,Visa
68fd896c-0468-4199-8574-90b1c5bca8e2,card,4377e913e7cf0e44,Visa
6992b813-a6fb-4169-9538-cee947f329a8,netbanking,cdbe0e63910acc1e,Visa
069f2a1d-d016-43f6-b0dc-5253f6b4cd25,netbanking,5862d55f9cb051bd,Amex
d020afb0-5389-49b0-9040-5bf0446bc3de,netbanking,5ce17b40b565f19d,Visa
4b3fb355-de1c-4501-82e8-2c5f75f7593c,card,ae75d124b0a3244f,Amex
50c4e1e8-7783-40aa-952c-fc110c34f397,upi,81320f4ee339f678,Visa
b0ff5bcc-1462-4ce0-8548-d0083a349580,netbanking,212e97286481aab1,Amex
27582200-3d3a-414c-83cc-62be295f0506,card,dfd0f9ddeae81661,Amex
c09165da-6b5c-4664-971a-5bb8e603799f,upi,5e0a9abcaa2abda4,RuPay
1e3e562d-8d80-4ec6-a308-53d03fea508e,upi,d6250278e72d65e3,Amex
630f7196-6456-4cad-9559-2684295c6cc6,card,4d4898610b8fa5ba,Mastercard
ffcd562e-00cd-426d-a7e3-8d2fc8cee84d,card,cabb028cac1ecdf3,Amex
3df8e461-b24f-4beb-816f-0baadb8ce764,upi,27e6522dfbee0eb7,Visa
85fd8280-8c13-4360-98f1-2d29fdfd3015,card,98df66d02e4449ba,RuPay
b28d564a-a23c-4786-ab25-5a79734f0695,netbanking,329a0511f4eacf6d,Amex
3921c36a-5b3d-4726-8ec9-2aa4826d6a99,upi,2ef55482dbc1e8b9,RuPay
e29aacb2-4e74-4ed3-985e-9ae44cc5cbd1,card,efedba5aae51eac8,Mastercard
a84e4760-4380-45b6-ad12-b4b5c142a17b,upi,c6c46b310946e6e8,RuPay
36c56965-7e88-4015-9673-2e92da3d7a46,upi,dcc5bbe493aba8ae,Amex
13f23d7e-7d3c-498b-aea2-9b2befaf0160,card,cd7be459521daedb,Amex
ac0ac1b6-686f-4ad4-abb9-29f82d40a396,wallet,b19caf92c482d59b,RuPay
056092df-cc03-4109-b0f8-5481defde707,upi,3b89cdb527fcd04b,RuPay
41a35614-5e49-437b-baae-86fc9c10c23d,upi,d3b80b83e7c1b024,Amex
66a122a6-ce52-4397-8716-c49bc33339b1,netbanking,fefd4dcde18cf786,RuPay
787aae81-d5ad-48d6-889d-bde09e36a7a4,upi,3fcf8396c3296572,Visa
ad21292b-72e1-463f-8edf-f7447973d58f,upi,38be5bcd3fbb70e3,Amex
29729605-827e-45a9-ae33-128dcddf7fd4,card,2726169bedf72b94,Visa
d61d0512-11d0-44c3-86b9-44b19fd5221b,card,dd74d1b4211c6ad6,RuPay
c7079962-8f21-410e-818b-294655267ac0,upi,33936e0f3b54eb64,Mastercard
f293de68-8801-4d37-9725-40e107efe144,upi,04a0e0fe10162e73,Visa
e9aa48e5-fdc3-446d-ae2a-8c2b8cdba510,upi,dee2c90a0b196a9d,Mastercard
785a3520-72d2-454b-9f60-1184cec9fb01,upi,6fd6003e3bb1e226,Visa
c00f53ff-f3f4-4c9f-9f47-d560717038a4,upi,34aceb92127c534d,Mastercard
b1c23f49-fb7b-4822-86ce-57a007b9296b,netbanking,6ec982034cdcff64,Mastercard
3d125596-1ec9-4111-abd5-dece88b63ebe,wallet,701fdd0e8e27cb34,Mastercard
e46959a9-806d-47d6-ad30-8069c76378d9,card,45fe0291f26556fe,Visa
e1ac871c-a28f-4f3a-8ac2-f6b953c5f770,wallet,f1a552ec43e9e171,RuPay
6c1daf13-46cc-48e1-b721-6af8c5c97d9e,netbanking,8d2152e62ead0bcc,Visa
d41c8bee-dd45-44e4-82f1-529833920931,card,7c3e52ca17c660c5,Amex
cf6ebd50-9f8c-4dc2-bd52-cb4717516cdc,card,7395e7decd6bb8a5,Visa
d52edb24-8ec2-4874-8c0d-626fecc32bef,card,e957d5db614d41c4,Visa
18cd063b-3367-4da7-a7e9-57b1722af190,upi,6847a7e064264695,Mastercard
e8c5ea7c-49a1-4952-8417-2acf8fe36e95,upi,df7a88877bba5a0c,Mastercard
42fef19c-8e6a-4da7-83cc-66d64b88baed,upi,f65fb081c0a7e486,Amex
62c8f922-15bf-4e8f-8617-92ba5526389f,netbanking,6021a3ff0b3d57a2,RuPay
92477d20-2bfe-43cd-ba87-fe1e4caba342,card,2c2add2646296bc6,Mastercard
e3a8b635-0476-4b16-ba24-5f4407399be9,card,19ee0be162babb6a,Amex
e30d2785-505e-47b9-b12f-71755440ea48,netbanking,9f081c6e14bd0071,Visa
51e3f765-7c9a-4950-b0ca-4cc36f253237,wallet,646a8fb6a9e2cc66,Amex
50c82a3f-60c5-427d-a92d-e805537dfbde,netbanking,4fc596e5037fc079,Mastercard
3d2f3542-9902-439d-96c8-bbc20a527232,card,e950aba0bcc426e7,Mastercard
5f02a9f7-ddcd-4700-bf41-ae043586fde4,card,f5dd8c5ba7cc47de,Mastercard
94558c7b-a79e-45fa-a58a-8779e00224ab,card,0a36f0b7e0432a9a,Visa
dd6cdfb1-2305-4230-86f0-43be16a50921,upi,0a999515bfe88ac2,RuPay
4f763d7d-a158-44af-ab83-1ff27042bdd6,card,f3171d12a669260d,RuPay
4a4275bd-5150-4aa0-98a5-565735dc1b52,wallet,198ec1aa831075d5,RuPay
952d0364-b81d-42c0-ae35-882812fdd058,upi,fdaf09f2ee01f547,RuPay
17fe3cab-6194-4b6e-ad37-ab77fab82266,upi,80aa8d9513a72c22,Visa
48d1dfd3-45a0-4c37-86bd-e1adc5f16462,card,912d4147ae741378,Amex
193c8e86-57f4-4479-87bb-709753191c77,card,6f8a9ee2f22cc532,RuPay
9b936b85-48b2-4c3f-9d76-d48c8c90866b,upi,454cf52553bc045d,RuPay
825fa60c-bd6c-452c-b762-2bcfc71197fd,upi,35982198fd1df5e5,Visa
4d218eac-df68-4994-88bb-076edc66149b,card,a39ba13d8136d736,Amex
73a6fee0-e8d2-43a8-af94-afb3449fb794,netbanking,5a7dc13562d3805e,RuPay
0ac4ede5-d9b2-4d4b-bd5c-f95997db3e01,card,ab3a19508981a9fd,Mastercard
caa51cb8-bafa-4073-a67e-06992cb1d4fc,card,feff355c92ac314c,Amex
6517908d-9a5f-4f3a-ae30-822e906ecb09,wallet,17a47c1f3ac0c127,RuPay
5af6e4be-6118-4e19-9af5-709ea6ceffc6,card,fb44cfdf49421523,Amex
26839ac8-7bf3-4e9a-81b2-605d1f2e4984,card,2810937260dd5d8e,Amex
d02580d4-8d87-434e-ba92-974aad6b9a4e,upi,73eb124523050ce8,Visa
ca495563-d375-496c-97d9-41d78123582e,card,aee7c8cbd4733b0f,Amex
265698e3-eec5-4a52-8c11-ee449c2233bd,card,6a465d766a9c5a49,RuPay
e9e9bb0a-8912-49df-a136-c0c2a9d91ea7,card,118fed2bdced887d,Visa
ce7a1f08-b893-47a1-80d8-e5465295cecb,card,1f8a72ada1037d86,Amex
ace6f8ae-0aab-43f5-8c79-ce7d06b47348,upi,636f3fb3bce49ec8,Mastercard
68fecb65-504e-466c-b232-a5e745a89a39,card,7b02c74a1c0562a6,Amex
3f4a496a-6bd3-482a-ad4e-d14180343abe,netbanking,206d997b9a27c8eb,Visa
84c98c39-1f00-4292-9e95-d08e9c8d27d8,netbanking,510f76aa55ffc5a7,Mastercard
62b4e403-6788-4e19-80b1-41e3a64c8337,card,41423f046d7799c7,Mastercard
73bbe667-441c-487f-a65f-98be27953ad5,card,c3449ab587ea5c41,Mastercard
9f317bc3-8122-44d8-acfb-030a1988e665,card,152ce7b98782ccbb,RuPay
a1c29a0f-fa8e-49da-9f94-15972949c950,card,24b1a5e8e36db2d5,Visa
c86bcb2d-5f7a-4988-9f90-47dbb6babc5a,card,256c912a10fe0840,RuPay
451b2236-1428-49a0-a7b8-4deb36ccd1ba,netbanking,dd370a3e1a4246e1,Visa
bed9a29b-2f4d-43e8-8c94-54b57d3ac8f9,card,08927a6326b0aa07,Mastercard
3eff8b63-02cd-4af8-84a3-290c755c3686,upi,cabb8a07f355f49e,RuPay
d7f581b9-b9a8-4706-b600-fc81caa9160e,upi,414700b35074b30d,Mastercard
a659a635-7c97-464b-89b5-8e07765c2c9c,netbanking,ba4ed8ce4d6844dd,Mastercard
2047eda3-cf0d-4708-bc8f-4bfca1eb7d94,card,d7514c5eb9bec67b,RuPay
9c995905-7088-4eb9-bcb4-fcf71761c641,card,9792a455a7736e79,Visa
eca50f39-32c6-4f2c-a6d8-a42ea04b18c8,wallet,367467fa4c260fac,Amex
aa61e79b-bbde-48ab-a5cf-7d8c94ebc410,card,2d5344efc4214ce2,Amex
48be3da9-5d66-4735-b30d-c507066f7bc8,upi,4db736b086a5e618,Amex
1372a5be-2013-4caf-9c3e-f16325a65d61,upi,9368f4922c957e2e,Mastercard
990f49b0-25b0-4ae8-ab6d-857070b93b9b,upi,7fd349a6719bce7f,Mastercard
3faa937b-2e65-4285-9024-032c01df8156,card,99121326df53c07e,Amex
44a68891-962b-4957-8e49-901e0001d7cf,card,55f84cec129e7d19,RuPay
e0c090ed-487c-4bbf-acf7-5ea84874d49e,upi,42f351039ee74612,Amex
e17d4c81-b53a-4b47-b278-1cfe012c8016,upi,cf5925b7c5adbe80,Visa
0163feab-6b4d-46eb-a506-fdbeaeeb221c,netbanking,e278d69f98eaf68b,Amex
2751b911-5923-4fce-bec4-f77089a5dbc7,upi,9922ba011e0a9087,RuPay
ba58a329-8cc7-4c86-ae50-9346ce3fedd7,wallet,24a52c94b8d8c6e3,Amex
57c61ae9-b12d-4180-ad46-1ff3408adcf7,wallet,4b9fb2c3364b23a9,Amex
fcf9499b-adc7-4cdb-9300-887782969961,upi,a54a04dd1f9a80a5,Visa
813a61b1-1dff-4968-a574-4ee0e0de8be8,card,9f7819df83449ee8,Visa
8928ad8c-95ea-427c-9057-72395b5e7f9a,upi,3f2bbfa5fe14d0c2,Visa
f44a74f6-f4e7-433a-a979-fe26f6257416,upi,66cada6741254033,RuPay
9a84ecd7-7428-45f1-8897-e5f4df1aeffb,upi,15d5c21589b7b0d5,Amex
8be75b1a-9408-4325-8be8-15e0c12bee24,card,a5b46d6235d821a3,Visa
fe1aec4b-41b4-483a-802b-3001dca6edeb,upi,4b276303b272c417,Visa
cc89d0c4-4f0c-488b-8c03-0b9f567107f3,card,49ac0cff14cf8c9c,Mastercard
e3c05ad4-3ea3-43f7-9c22-a80886c2f8ea,card,118b35e83b2a2f20,Mastercard
228d1cc8-8c2b-421b-bf81-5ff0150cec47,netbanking,0483f28f91050519,Visa
fc665484-5293-4978-8909-18f6bb707183,upi,ced2c23fa68bfed5,RuPay
8f516e2d-4b6e-409a-9fdd-ef303b0df594,upi,d114ec8bc4623a6d,Amex
cb2d193f-4637-41e7-aad8-b6e81906b5c5,upi,39281b134837c621,Visa
b47e7a5a-2c42-4fba-bd85-55cdeee7f72e,upi,8b34c809bf71cc57,Visa
79b55138-1c0d-43b5-a388-a96111c2dce9,card,519923241fe67216,Visa
53f99460-623e-44df-bccd-c45621070b95,upi,ac9e719b802edf62,Visa
ea1b302f-2b1d-4cfa-91f9-faed801b3020,card,d79315469d3f611d,Mastercard
6e6e3e7d-706c-4059-85f4-20b6d6b89b9e,upi,397e896721ffcbdc,Visa
356f0ad7-79ae-4592-bff5-e522d2dac684,card,067d6c5890ef4853,Mastercard
23c3e61c-fcb0-43d2-9fa1-83f97517abbe,wallet,25297d12b427aaa8,Visa
fa1b35fc-b4a4-411e-be0f-803d458ba43b,netbanking,397745acd9f07d5e,RuPay
5bc50aad-1fb4-412e-af11-fc60a86b3575,upi,05cd3f7a0daab1fd,Mastercard
0cb6017e-f4dc-46aa-b42d-a9078e30b112,card,5c66e82a9909faa6,Visa
3840b12b-208f-4a57-bdcd-8dd36eacd432,card,fee20cf116f7025a,Visa
94aa925a-ba92-44fe-ba9e-742f992fa20d,upi,5eb9867fdce7c39c,Mastercard
862c1fba-667d-4075-9a4a-2336b63d0e26,upi,92078dfaf42955bf,RuPay
72a28cbf-815c-4349-b0ed-671d88891929,upi,2f827229e847af0d,Visa
e35f4aee-f77a-4847-a059-e23d4c82e459,netbanking,672dc27ec27be642,Mastercard
e1c57f3f-9275-4b10-b63e-55996d2b2874,upi,227468751097e03c,RuPay
c795bd55-b1e4-433f-a438-b0f29ca3cdea,upi,1747cb7fac6d2391,Mastercard
e1b28a13-40c5-4557-a716-f40a67fd3286,upi,432e7c1e82d503b0,Visa
fa0a75a5-c51e-4d2f-82ea-a44290df2503,upi,3388139fc4a1af9f,Mastercard
86759976-4d6a-403e-958b-dc00d5ba7666,upi,92c217a434bbfd44,Visa
75c6ebf7-63ec-44c3-a72b-997461b63bc3,netbanking,3021c26dbbd47e53,Amex
d638a686-5038-4be7-a730-89b029063ca3,card,7411d4be9025ddfd,Amex
780e479c-d027-44de-9e90-a3c2300f6257,card,b9c08cb3eb4a1d98,Mastercard
c127bea5-eac7-4e58-bb43-fbc515795e12,card,cffe280c5d227b13,Visa
a59e76a3-0cb2-4045-b662-f5373a6da06e,wallet,f06cfbb34eef9484,Visa
44d873bb-3baf-415c-8eb3-a4d170411c6e,upi,0aebc548c49c6abe,RuPay
388ad5a3-3afc-4f95-9452-08c00a640497,card,df61552ee9d775fe,Amex
5e109900-5dd7-4ec6-ae31-aa05083a7917,upi,35bc72dbf1095ad3,Mastercard
37faa7f4-cf83-404e-9d11-194b92627692,upi,d0bf148617422131,RuPay
a7412b64-6c17-467e-81bf-cfea599d318d,netbanking,6913c7b0eacc142d,Visa
9064b8cf-64c6-4ae4-8aa0-2a1cd5a54def,wallet,83335e9b3e560dee,Amex
b385902f-db3e-47ca-ab49-c5075ab921a7,netbanking,f94cb0380e02cc0f,Mastercard
6a2ef4c7-5d2f-43d5-8a1f-40e463b2b4c6,netbanking,ffd118fa0393f2ac,Visa
95279c8f-5fc9-4938-99bc-9137a79083e3,card,5f46e02fa9bf8c27,Amex
222e6ed0-2c71-4ff5-85d1-33bcf27e3b72,card,df23ce6fa0d8ad44,Amex
2bd05c16-bf96-4bd4-a580-e35c790ff114,upi,468f5c71c0999495,Mastercard
0923f583-bd1d-4094-a679-00ccc1da4438,upi,68f6027415d2dcfc,Amex
8e85a44b-de64-4b77-9d11-bb5ef74ec508,card,131df2d282ef67b1,Visa
73ebd588-fc2e-41f1-834d-2ba97b4323cb,upi,7f480a85df81f130,Mastercard
b4539d43-7463-494e-9504-a4a58f1af199,card,c7e93af7ec7d997b,RuPay
24ec6f95-ada5-4fd9-a259-f5af1f487eb4,card,76d8a619688bd3c8,RuPay
eb12b2f2-c204-40ec-9dd5-6ee6cc2673fd,card,7438eab3f506f9a7,Mastercard
aed9d5eb-6adc-4afa-b7b4-74292db2609d,netbanking,8142c28bc86efa7d,Amex
be60444e-da7f-4c6b-b015-174ee9692a2f,upi,af9b48cfc8c71db3,Amex
f85b0709-8dd9-4fff-aa81-60b9ff8aa711,upi,f91ac883c53f320a,Visa
2c3a6f47-0644-4eec-b60c-edc9ee879e00,netbanking,f071636f0d11e7cd,Amex
8f682212-fd39-4fcd-b3bd-6703c0b893e9,netbanking,43bb1e2e17e507fd,Visa
9f529fc2-588a-45f5-bf49-300dba5b5be1,card,abf492b115ed3532,RuPay
a84a0359-5acf-4bea-b6d1-c4faa1b21cb4,netbanking,528a7cb89dde2395,Mastercard
e07d4337-9f73-4879-b9fd-91e83d79364c,card,8597d791050e47aa,Mastercard
e6634e38-9a94-49b5-89f4-eef9f2362a88,upi,1f66253ec2c1e1de,Visa
e33cada1-6225-4d65-8b17-d4b1d9af7ded,card,53f310b290eb3627,Mastercard
68e5694e-a2d2-4549-94ff-5ca75f8ba71b,upi,5861620bcbfa82b6,Visa
23d5af94-3ef3-4ec8-ae72-099fe4a5b64a,upi,c416e74bd522e301,Amex
a3fe974e-19f1-4b22-9142-706052ee20e9,card,026b3013fc25c289,Visa
19fb8495-40ef-4c12-8e39-7a188d5dc9f1,upi,c1f9ee3bf2741256,Mastercard
13a8a812-a706-41b4-b050-f447fd2fc821,upi,83763d98d1c6ae9f,Visa
e1b1e2a9-8d62-4811-997c-674d66ac2ece,upi,1b5b62a8eb215978,Visa
29ec493f-d343-4700-81c5-13b47fd26f87,card,2da59d7922102865,Mastercard
60aa041c-9348-406f-9990-be4a875bbf0e,card,d39e3a7606069788,Amex
5dbbe365-df6b-4ffe-8d73-326a79a40e62,card,70990dadcf7e57df,Mastercard
30026a9f-34cd-4fb3-939c-2545847ca6fc,netbanking,708a8c22e7b925ae,Amex
a9363f56-0ad7-4016-9040-95febfe60474,netbanking,9c812bb7ee39d2d5,Amex
bdb9a2ac-0b9e-4319-82cd-8abb3c693959,card,185dc28bf6eea80e,Mastercard
cc77e0b8-d653-411b-a842-5f9cdad800cf,upi,db74d581b77f28d8,Amex
7c6a9d69-a069-419e-8763-e8e5d70f7629,upi,111742449728653c,Mastercard
c6baf8bd-72ed-48eb-9e4f-819d5362640e,wallet,42c3f108c2a10530,RuPay
2e15df59-3eee-4a66-84d5-225da32d90e6,card,bf35b9e6108be39e,RuPay
3ee014ca-110b-4280-8a04-627493c2ac0d,upi,f37d95f2f6ea3ddf,RuPay
ad300c17-654c-473d-8ea1-0d630dc3be7b,upi,f9b5a729d5298267,Amex
bc2b2d92-6f55-46bf-98e8-01fb5c851274,card,5743c1353236abe6,Visa
b97d5d42-d296-4169-af12-ef9e6827c2e2,card,7194b40e10d6dcd0,Mastercard
69632e32-c353-40db-907a-f5ee7a9fa18a,card,8937db091344b1fb,RuPay
940bf4cd-f902-420e-886b-f5b27a867586,upi,eb164990723d9a53,Mastercard
a564a87e-f7d5-44ea-bcab-04301d71314f,upi,755da48242b2dc11,Amex
e94c3adf-ee0f-49fc-99d7-720eb7c0003c,upi,0d0ba4b55c1689d1,Mastercard
c438e734-0845-4c1f-968c-ca7a1d5f1a6b,card,86e8b30d85a03146,Mastercard
d511bc68-a973-4784-984b-6b3019a4dca0,netbanking,ec30d3f105bd2502,Mastercard
0d1e2197-cbf7-4be2-8ea1-b8bb3979bfd2,card,0bbda91235fbf780,RuPay
c83d4973-1107-46df-919c-939738e5fc9d,wallet,e68abd71e96743d3,Visa
c22629b8-10df-4cb8-ad88-db8575def97f,card,4b5b41d1b4506215,Visa
29fc4c02-89de-4421-b0c4-f6c9f1a7e9e8,netbanking,f80c2761aeae0439,Amex
7bba63e4-015b-48c0-a43d-2ff08c8b6448,wallet,7a9e8e03d50560e4,Visa
5e1e6ae0-6cec-4f8e-ab86-4a2064e45db6,netbanking,74fa500abf02859e,Visa
5ea24466-9fbd-4608-b8ca-fe8bf3e614cb,netbanking,9bd5b15fe1c750fa,Mastercard
ef7744b1-5669-489a-aad7-722c9a3aedff,card,b91ffbda6f4a988d,Mastercard
6472afa6-8849-407c-b7d5-2d79b66a31fb,upi,cf7893c0bd2f706d,Visa
94f82ffa-2d93-46bc-a9dd-bb00af578471,upi,2168326ddbc8b177,Amex
5a268688-d3de-46d5-b276-c435b80798c8,upi,24551082250792a5,Visa
3807f368-0cf5-4ba1-8572-ad9cf8c140cc,wallet,2e735fad37c283a5,Mastercard
f238f84a-66af-45ef-a46d-ae36a6264265,card,51b391f54a656cb3,Visa
d977e599-bec5-4fd3-a02b-5125f4d92c99,upi,ae03c77c927042f0,Mastercard
e5cef078-8c1a-4b6d-a64c-a6a051800cb0,wallet,6f89dd4765711dbc,Visa
cd01c6a8-6d2e-4356-8c1b-9ea6e24961cd,card,5ef84b481b56f7e1,Amex
550a4a39-e613-4d35-bfaa-a17cb730ab2a,card,0ec369d9d56c378c,Amex
824c219b-4717-4419-8fec-ef5061b640f0,card,2382efa262614ace,Visa
6390d1e4-0336-4664-80c2-ce138fe6057c,netbanking,ad6487c80402ffa1,Visa
dd8842f3-1ef6-4375-ba84-8ee33a39f8d8,netbanking,551adbefec407ac6,Amex
0749ffe6-d329-4475-9597-f4d8c3e78c9d,card,229479300e09c22e,Mastercard
90ad16f9-58e1-456a-8db4-b086ebaef53f,upi,ead7c9406f632932,Visa
2d934133-361b-4797-b047-22845a12d985,upi,1f939a8e60de9214,Visa
cab6c3d4-6aab-40a7-b134-629693206a15,upi,c9fcebd13cb5f17c,Mastercard
b17265db-1aeb-45da-baa9-a4f3d2292108,upi,14ff54e97fb1dffd,RuPay
250c1000-a356-4083-b3e1-5b5768b4ac6e,wallet,9e4ab295ae01990c,RuPay
eba7d069-e63b-4f6e-b583-86c49c362af8,card,7e0b0065e5507d8e,Visa
38c1b367-a370-4c13-8231-9a7b578edcb8,card,37743f07104cec99,Mastercard
99a93443-0e39-44a1-8e9a-56e15f81836b,upi,e6f280f25b7158d9,Mastercard
b26c2907-bf2b-4952-9d1a-cc195e85f92b,upi,7f7f671da424b37d,RuPay
33b6c4e9-3664-4120-91c8-d1bf056621f0,upi,21c72d4724342d81,Mastercard
b45239ce-e90d-4c67-9bac-51373fc2526b,card,9fecb1c9cdb753e9,Visa
87250e7f-60d2-413f-89fe-a7f6e18cf1eb,card,adf80bdcc53168da,Amex
6702986a-ca4b-45a8-8d34-6eeacd026a35,wallet,f4a8c794a7cfb957,RuPay
e2a00af9-9c99-4e34-8b8c-3e5b97e3a6cb,card,c75aa4c2f5a8e0d0,Mastercard
bc9bdc8f-1e53-4628-9f3a-b6e0760da1a7,upi,94f6a3cf61b2862f,Visa
c855fc76-7efe-4fc4-8c12-b26d9df88fc7,netbanking,d7890052cd03a087,Visa
5a6dcde6-37f9-451f-90cd-c1669e6bbb50,card,a39af66746221298,Amex
e278b6b0-8a58-4d5d-aea2-62998c614b7a,card,aa205c3419013737,Amex
d42ebe17-8fd3-4f71-b589-7671ab8897cb,card,63ef2816ac34b33e,RuPay
b76a4e10-1a19-4cb7-b55f-e2bb07af65d6,upi,629f532a8928e554,Visa
c080d3f4-21c9-4262-9326-58517a8ec9da,card,04d8960970e75ea9,Mastercard
4e64810d-3853-4ff1-8989-fa90ca93d064,upi,8904b84dd276d906,Mastercard
894a772e-edb2-43db-ab04-cda4e8e207e9,card,826f55a95c33c917,Visa
6d77eff5-54f7-49ff-8dde-21c5508a6823,card,b0c3c8087c02169a,Visa
01d1346d-a16d-4786-80cc-36649604c199,card,c5902288d1e1e7d0,Mastercard
fd67c3a3-fdf2-4e40-a082-43c9b37a0f1d,card,80b42a8771c6007a,Mastercard
f8f5bcb8-3276-46da-9735-589129bd6501,card,4cdbc7ea452757cc,RuPay
0153abbb-1efe-4da4-a4a1-b09d89bd12a3,wallet,25e3379cfe048131,RuPay
5d61079b-ae24-4394-a0ba-70baf66dc717,card,59e9dc66591c5358,Mastercard
5bb29d11-8273-4261-b455-53b8314c1c10,upi,02250e525b1c4b4d,Mastercard
f9e963eb-551b-42a5-9e70-9a798accdd4c,upi,3d622edae36bf2ee,RuPay
d6a697bc-cb40-4e69-98cb-718817cb6a34,upi,2e49d79ee4488d8e,Visa
a92c377a-c647-409a-85aa-d12d1f7b12ff,upi,3324ad41406d6d30,Visa
1dcdc27a-39fe-4d48-83f7-31dc39dde7d0,card,34c6a81d8a8afff7,Amex
9950868c-1bb8-4fe5-88bb-59d838a5b56a,upi,ed5999d553cae159,Visa
b8f75891-9793-4e8a-bb09-5bd8f958cab0,card,d2839a4b3f4c355b,Visa
a115acd6-0a63-49cc-84b2-b9145653c2e8,netbanking,5b3b7784fe2563b0,RuPay
bc7a2877-d7dc-441a-8043-c87ca376080d,card,f3ee5d2ca4c43342,RuPay
21ef4621-ea5b-4af6-8754-a4411467002a,upi,e31b1b4cc688c61b,Visa
eddf2749-5896-44a2-bf9f-67384f5dd4c6,upi,ab0d31c66cee0469,Amex
6fb7861d-6103-4284-a486-a8adfa86cc81,upi,059f8b2a4b7a22d9,Visa
251411bc-ea99-4242-8228-4d39f865f339,card,ce6c78883628250e,RuPay
0a2e062c-230a-4fe1-8852-5cdd63c4262e,upi,bdb626df05330e73,RuPay
ebc410a7-65a4-4a7b-bf00-e11fbe1d7f70,upi,b2d8aed5fe51f64f,Amex
8a85194b-4978-4275-81bc-4223de1ebed7,upi,d830f93a6004fe30,RuPay
a12d22c8-dd69-43ea-9432-e14602dd613c,card,98cab5c1961db8eb,RuPay
e0fd107f-9467-4eb9-9544-dee0a1e5ca09,card,db9f23b1ceb01556,Visa
ecd94766-7162-4d69-a93b-5024769bf74d,card,97d0f37cc089e896,Amex
02ef4799-2c8a-478d-9d5a-2a833f4d18a4,netbanking,c155c26280158e42,Visa
68cc6994-901a-4261-a3b8-51b7abb52dd8,upi,3ba7f87fdcf054f9,Mastercard
5ee6c090-230f-4d1f-b866-aba5a90d8ff3,upi,ce1baa7b679986a7,Mastercard
e2574022-eff4-4c63-bbc1-c5d44d809dcd,upi,6ec554dc17109d53,Mastercard
970bef74-eda2-4ad4-99e1-8d7d526d0545,upi,c86813539e07f35b,RuPay
ef9a7634-a240-4370-a207-4e3a6b22a045,upi,2280603ef29ed0db,Visa
489fe1f5-08df-47f1-adf5-99d32f2c7849,upi,d12097c9b9b6ebe3,Mastercard
018e23c9-6d58-4dc9-bb64-f1b5edc8133e,upi,bc55969da1fa8c25,Mastercard
d866779c-148e-4379-af79-df90a39cd031,card,70f920d1348555bf,RuPay
0480a335-580d-4188-a6d1-0816bc250dc0,netbanking,d4bb8ed08a4bb80c,RuPay
4a478845-9f8e-42ca-8c12-4b4c4c31506e,wallet,4bea96926644d208,Amex
9b2b46b3-836f-4f98-8bc7-74f71f6502e9,upi,21d54044ad51aa15,Visa
78bd3b17-3fcf-4763-86b3-f3ff9aa79375,wallet,dcbc12c7488132ce,Amex
680558c7-aa27-4535-8c89-3e49f7ffab4a,wallet,b59b10817441e03a,Mastercard
2f4b8bdb-4101-4b6e-80f7-a689250cfcbd,upi,e5cc66e9238c9bb9,Mastercard
d13b2d80-1f31-4b9e-b388-6a087323fb05,upi,2d820902cd8dfc8b,RuPay
a1bda92c-a51e-470f-946a-75fc0ff86dc5,upi,7f48fd7fafba8b8f,Visa
b00bfb04-1642-4ba1-8d08-c9da235f193c,card,5fa142d1cea195be,Amex
a1168258-d2ba-4a3a-a3b9-bcf26cde1064,card,ebbbaa26cd760dfd,Mastercard
176e69b6-9dc4-4b08-9c24-d353710e718c,upi,81d87b129f30c24f,Amex
72f8cf57-2c04-42af-878d-4ab8c2e1855a,netbanking,54ca18f63cde3b2a,Visa
df356270-5b70-419f-a848-7fddadb1cd5d,card,d27c3bb2318f6a2b,Amex
fd8e5239-aac5-417b-88f7-fa19cefbf33e,netbanking,9d90dc72e33e76c0,Mastercard
e873c552-e389-410a-b856-25f792616e0e,upi,37a2d80d00e1125e,RuPay
2f23197f-7e70-4b35-8d26-9efdd7427c43,upi,81b0c7fdf81acff9,Amex
fa117b35-6abb-4c63-b052-22f9a4b80e5a,card,51c7023d2533b644,Visa
8b228c68-7421-4896-bbdb-fedf2c9573c8,upi,8beb375df5d28988,Mastercard
1c7f2a44-965c-4f90-95a2-7328724d6608,card,2261b5a7e4fb67b8,Amex
d08de2b9-e4ac-46e1-88ae-123d8b418630,card,0353c8f291ba1479,Visa
ed10e98c-b5d2-436b-b096-5bad323ff4d0,card,790f01d8c661824a,Visa
8f899303-97da-4ab1-9497-86b202a67e47,card,9367442c0aff0f87,RuPay
9d07aeb7-fd2c-43f7-adbb-ce262f4c37be,card,81d7cb2326cec99e,Visa
81ea181b-4ad8-4c7a-93f4-c8bea9f6817f,upi,499c1fa8087f92fd,Amex
9782d532-e382-490a-b4c2-6dd0fb69c04e,upi,053e2830b9a4b27b,Amex
4a01c30f-27f5-4be5-aca3-fd74132946b4,card,8cca30eea85bf46b,Visa
cd5d6f38-addd-4caf-8ac5-446b22be4156,netbanking,40e1fd4f6cc2e541,Visa
5c8d110a-4812-49df-a1b3-253e7f965cd6,upi,5d61cbb6033f370f,Amex
cb3cac44-69b9-4e3b-8ac2-edd213d528b4,wallet,44fc2151efeaf002,RuPay
811de7d8-124b-47c1-a9ae-3a57a5e0e723,upi,6bcf37113a2a99a5,Amex
21c2f4a9-beb3-488e-a129-8ec0ee70e1c5,card,9357118c63c67b4d,Amex
f79f5568-7a6b-46dc-8356-715bb969cd7b,wallet,b7ab1bc599fe5679,Mastercard
d4c399dc-9dbf-485f-913d-495fc816d74e,netbanking,f00e5539022e34fe,Mastercard
ad588586-c3af-40e1-884a-e93324513db9,upi,b784a4b7bff1c3bc,RuPay
3b36c3a0-94fd-49cf-a11a-1b1dd5f17ea6,upi,c680e43b63ad9a2c,RuPay
bfa2899b-1eb7-4fb8-8d53-6fe01ffd1e69,upi,040dee0eb42feb97,Mastercard
827540e7-26e6-4011-829f-b862c6236fcc,upi,c5d25e664d70a706,Mastercard
5e165bda-e2b8-4284-8367-193ab730fdba,netbanking,34ee4408350c2a1c,Mastercard
0b4a7db6-55d8-4cb2-8d94-8957f4db62f6,upi,6f1061e1d6e2eb32,RuPay
0b0a5bd4-6a85-4d40-bf13-3b68ed159ecc,card,da8056e597196a62,Mastercard
c0620855-0570-4a2e-91e3-a9dd90b17308,card,0a9c876d5324c15b,Mastercard
f02dcb78-3129-4cca-8efa-2579fd4ed4d9,card,f8b0fe092d84eb26,Visa
6f569a04-4030-4c4d-ad2b-b5eef62c8a88,card,d742db1194a7f93f,Amex
45b1e888-650d-423d-8812-f9f4b8d4dc27,card,cd75c8524563a663,RuPay
887cca36-96d4-471a-a5e8-0de4ceb652d3,netbanking,acf3369fca6e0850,Amex
9c0a162a-22dd-42e9-ad27-33965ee3fbdb,card,c3dce8def5e08dd0,Amex
c7830ddc-ee26-4ffb-923a-9ce3749f5f10,card,5115b4da6b781427,RuPay
ee482af3-d42a-4dcf-aa41-756b9ec8117b,card,950ecf3830343315,Mastercard
8d88ff79-5c57-45c2-b961-e21aa8eef13b,upi,581193d67681cbcf,RuPay
b279e5d9-9e38-4915-a0af-b58028ed9c4e,upi,3664a0d880ae40b9,RuPay
42f3f62d-143c-4bde-95c4-ff6a1e5e6c31,upi,ab79381e7d184756,Amex
46991a88-78dd-48e7-a8c6-e793b5395cbc,wallet,cdc75539b7227380,Visa
5c6b599e-bc2c-488c-af64-13b24aa16b26,wallet,6c12c7af8ad9566f,Visa
5a540080-0f77-464f-961a-8e1e464206d1,netbanking,77b89c5dd0104f67,Visa
0105a454-3e15-4a7e-9b16-5d5ee3819fa6,netbanking,d05c223cba54427b,Visa
4d068456-bda9-4379-b168-433fecc36117,card,66e12148a4298e9e,RuPay
eee0a3be-b251-44c9-b6f2-b019ff9dfe52,upi,583db8b5bbb0ca4f,Visa
e832f871-49ce-42af-99e8-26185a7016bb,card,b44a09d27ccb1d7e,Visa
2300393c-7925-4a76-b92e-8aab7b29a5cc,netbanking,b39e713502e38087,Mastercard
d83faf71-6bf6-4455-85c1-d1658ea4e171,card,b3d77bae3fcbd2dd,Amex
fd8c4b29-e346-4f31-aa8f-3dfccc6049ae,card,b51b5ee11a04829a,Mastercard
657e7be7-a7b6-487f-a13f-2a898aa784a3,card,ef2614c19fb948a6,Mastercard
eb66c0c6-adfe-4265-a861-05b8a4b6eff9,upi,5124756b653e7385,Mastercard
013ec1e9-0538-4555-a6dc-b96073531b7e,upi,5cbf425303a27b07,Amex
beb18360-ebf0-4c90-82ff-ee642e42cd17,card,07eb02184315b2ca,Mastercard
c39e984c-0c75-4433-b09b-f5c6f21da64e,upi,0e9af26e9ee9f24b,Mastercard
b87a7b1b-8fbd-42bb-91fd-9795f37e8244,card,2372391871a35380,Amex
ac8239c1-d88b-4cc3-b385-30b8cb64900f,netbanking,d977d3b78fd6b63f,Mastercard
33318e85-a117-4949-9ee5-b1977344ddc2,card,805e3138569cc678,Mastercard
2b816f81-b1e9-4173-b4c6-11dd178d8e94,card,a56a2c2e56377748,Amex
caf581b0-4887-4285-84af-def00a96d980,upi,6b619c3f7d93ba8b,Mastercard
d56e8edb-a43f-4861-9b7b-72f04f4af1d2,upi,bb915ccf7183b928,RuPay
35d056cd-9057-4da2-88c4-d3d17f4fe411,netbanking,8e81ea0f5b0933dc,RuPay
9141055d-5ec2-4282-ab4b-fdf8af988210,upi,bf9a62365137180b,Visa
69c35221-7bf9-4826-a126-005df9b3bfa2,wallet,b950c5f5a9e71525,Visa
fc9349c4-8028-4489-bf9a-463b511f7334,card,c7f316e5c3751f00,Amex
6b17a197-e905-42d1-a266-ee3fedb7e6b7,card,6cc57518be442795,Mastercard
86032d60-5c86-4eb9-bc1e-6cdc2e438162,wallet,1bd34b1abfe87a71,Mastercard
020ae2c9-61fd-469a-ba5d-ce296775c41d,card,fe89ad3d595faeca,RuPay
58600d14-ca93-4d08-b253-d76e561c57da,netbanking,08f057a696d8210c,Visa
829cefa2-3d63-41f3-9c32-60a31a4e2c3c,card,21fd6ebd380571bf,Visa
3df56348-2505-4b3b-8a0a-32b5b27cb68e,upi,4dfded78f74c960d,Mastercard
83511bf5-5a28-4076-b545-b913f6d527db,card,b5121bddf3a567db,Amex
f8760a3b-e063-4268-9a7f-d34bdfaeb525,upi,e3449672b950252b,RuPay
23edfd01-c6a2-4420-89b4-601077c2ed6b,netbanking,f7fe400c964baba7,RuPay
07d685b1-677a-4868-9d50-04f8d61b5236,card,a485d6914d4d464c,RuPay
32f0e5bd-8bc6-418f-ba7e-4aff70ad76d0,card,1e3815d21aac805c,Amex
e472ffb0-d3de-4b43-b198-bd410626b3bd,card,6e4f102775c57f0a,Amex
4d6d0753-b998-450a-bbdf-1a14fefde147,card,b5b4e7dbad802db1,Visa
089d667d-0835-4082-9f75-e7c160a36433,card,1c3f26bdecefc715,RuPay
2793ec43-96fe-46e8-a5cc-9b6be394f9f2,wallet,b4788b526897387a,RuPay
d5416cb3-6334-4f0f-87ab-c1145953b4ef,card,3768e5296e40fcec,Visa
f676379b-4e62-4c79-80ef-8aff3b769f36,upi,9cbb031c182e1546,Amex
385e5182-2c06-4817-81ff-dd19128ac3c4,upi,4eba7ee4b773349f,Mastercard
51640ea5-4ecc-4580-b9d7-a655078b48ee,card,9aa1aca7562b633b,Amex
c477ec3f-69b2-4e25-adb5-a7adf095e3c9,card,58c89d7f3046c035,Visa
7d2e3609-8471-4c0c-9254-8d543444e6b0,upi,6a2cbc4c9fbc10d9,RuPay
fa60127c-4a85-45b4-bf2e-4bc192e0bb98,upi,0b2f6e25f062188c,RuPay
96222c1d-62f7-4640-b7d9-0ffc2351d00b,netbanking,a381cd9ed286cdde,RuPay
548a2c2b-8147-4ca6-abac-b9917a164e25,upi,c3f58ec8aaa62b1f,Visa
1d934790-cd8a-41c3-b1a3-c812f908232a,upi,50df649da204bbb9,Visa
0c8c2cbf-22c9-42e7-acff-7b9868e80e12,netbanking,977243072b863b69,RuPay
059cfc6f-bbb3-45d6-ad33-1da99f3e3698,netbanking,e1f7a45071503c3c,Amex
d7ab6105-8ffe-490a-be48-cb406ce1134c,wallet,610626cb85b19aaf,RuPay
94cac891-4021-4ad8-bf36-5f198b50313b,card,41fc5cd52ecd6d22,Visa
93f7b714-5547-4b85-9403-800eb9fb74cb,wallet,4df8b90662c48d7c,Amex
6839e365-57aa-4178-a878-6ef6fd829a89,netbanking,9db1e19e6acfbb37,Mastercard
ff56a443-a087-468b-87d6-cad7b588f1aa,netbanking,874c9dfcc99a2b25,Visa
3c9c9759-a224-43ed-b6b8-fc7b3f388f7d,upi,b0be338f4d4d60bb,Mastercard
1d143d26-a392-4f4f-84c0-892cf3a6f0e8,wallet,00a4532f6755bd48,Visa
22374d12-5720-44f3-8ab4-28f05bfb12e1,upi,3c1735f20bcbc57a,Amex
3d8025ae-836e-4d96-9493-088b795e9653,upi,c1984c54c1fe50e4,Amex
85c8bbb1-dd8f-4b72-9f27-a5a3d573cf5c,upi,72a40be7749e8727,Visa
a9e3a50a-49d5-48fa-af13-628b4a16e1ac,upi,4dd0d2390cab9178,RuPay
e9019522-5776-4d60-aaa6-c47f7eb93138,netbanking,03f632ecda9f84e3,Visa
7cccbbc8-25b0-44eb-8bc7-2b5bca715c00,card,002042e9cba17449,Mastercard
def5723a-1518-4257-b63c-639460e52df4,card,05f86bf10bcf9102,Visa
981deb8a-0832-4774-a09f-7b7c072123ed,card,54742bdc483a3a55,RuPay
f3d9adbc-989b-4863-b4c5-27cf4581fb24,upi,f032225c68034454,Visa
fa11328f-e219-4728-a80a-428b2048f320,upi,06b0fcd1d5db8074,Amex
87db8a11-e9f8-4de8-9ae2-2a35a5885bef,netbanking,b2571a85d338185f,Visa
c3c9bbd5-758e-4c0b-aff5-e9613f287093,netbanking,04566259c32504f6,Mastercard
0a56ae0f-8886-4870-9d66-d9c21f1a4bd5,upi,165d3c96c3329e2c,Amex
6fa164ed-59e6-44c7-98e4-f4b709fb7a7e,card,43847338da93b812,Amex
2d00c398-4049-4e94-9c28-059fa1117e0a,upi,0726b21432d586cc,Visa
5a7f95c0-c36d-4633-80bd-c5338fb40912,netbanking,97412614f20fdc60,Visa
8437767d-39ac-470c-b14f-de678005eae3,upi,0a0ac76a3dc1fafa,Amex
83b10b53-d618-4cf3-b21a-a86b3925eb17,netbanking,8b78585a52152da1,Amex
39aaf9bf-4246-4eb2-b54a-181ec00301f2,wallet,0132b2669b8570d5,Mastercard
c117de50-fff1-4bb5-ad16-102d46f4c02d,card,403e5f084c877518,Visa
8af85aee-98e6-4346-a997-cf9d6ab0747c,upi,eecf6ead73ace236,Visa
94316bf0-bfc7-4f4b-86b0-5861b1e1c14f,upi,509dc9c0ab86b144,Mastercard
7ab0c46c-a3cc-427d-a725-9f11a751e49d,upi,fe520f9235118357,RuPay
9b6d703e-54fe-459e-bba4-c3a439bfc3f3,card,d03159edece59a66,Visa
8f176558-a23d-430e-a630-ca926e8fda33,card,14114eff0b15fbe7,RuPay
eef4772d-a6d4-47ad-846e-ac0407619f4e,card,165bf1177925da99,Amex
7b8893c9-3540-47d9-8a07-95681a3a72aa,upi,f2358e26014b6a17,Visa
278dd409-77a2-4160-b94b-54d8ad5863f2,card,70af989e31979a71,Amex
15240edb-c35e-46b0-ba18-cf2b4a16dfb5,upi,e83214d11c27cb40,Amex
a2610d56-2216-40e6-baf7-917fe57f9e9d,upi,98a3bcc2c40f489f,Mastercard
9a55923e-f5e2-42ad-b41f-af24126f07cb,upi,11a0734c7965bbef,Visa
763fc680-7d54-4073-b422-e60d7ae4c145,netbanking,9a659e910e4dc420,Mastercard
c102102f-b053-47e3-8775-b17df96af4cd,upi,f42df41bcb2561cc,Mastercard
c7198418-8e7d-47f4-b830-339e29feed81,card,00b6e7388bab3eb0,Mastercard
0250a595-6a9a-45c3-8cdb-1183af72c405,wallet,9f769749822b29d6,Amex
cc8b2f72-548c-4786-9520-7dec1b3644ef,netbanking,78bc5f8f94286129,Visa
997a9b0b-4bff-4bba-8392-e99e494279cc,upi,7f4ca1f66aaf0091,Mastercard
08e37c01-efe3-4c7d-8490-e972763d208b,netbanking,f84a0d96df567a18,Amex
9131a842-fea5-4128-acdd-d00432208cd9,card,fefb54c5359fdd41,Visa
4a370c03-8e55-4563-b784-38fb2194b7e6,netbanking,0f0d0938069f7b68,Visa
554f118f-145c-4d3b-a128-fa1377877f62,card,2f9b8d9e9297efd7,Mastercard
8ba89ef8-54aa-4887-a21a-d400e8856747,upi,51799ae0f2cd5283,Amex
7a296d1a-961d-4901-b523-fe578841d0eb,card,98b791dcb02dbf01,Amex
a1fdebeb-5d2f-4152-915e-22be6a4aac26,netbanking,136ea0580a62c6e9,Amex
5795b3a9-a39e-4610-95e1-cd00cbaa5591,card,c477fe184dde12e8,Amex
d49875c0-2f89-45d0-9570-f22f31ec53e0,card,e0b677a288867147,Visa
2eab4a50-d77d-4cf4-87bd-bc7a83b4568f,card,9ca47620b8c2db63,Mastercard
5d64441f-1eed-4a35-aec0-5efc627b27b9,upi,df9a60956c2bcbcc,RuPay
a6e496ab-b974-479f-a6fa-1c3b05b240f0,card,f0dc4cb82a782f30,Visa
9bf54956-2b56-4203-8780-af23ac017e62,upi,ed2b48859e4e4918,Amex
26fc3896-c547-497b-bffd-deff0c281017,card,64a4b7670cf775b6,RuPay
1ffde914-c9e7-47a8-940f-137227705566,netbanking,24ab48c209d1634c,Amex
2e31f76f-5d17-49de-8387-f2fbbbad9465,card,8a73df68f51f448c,Mastercard
967cc6a4-d41a-4c94-a64d-0096b23b98c5,wallet,cb56d1b8d2a2033a,RuPay
8f696917-87cb-489c-a6cf-39cff8dd6425,card,3ae52e296cbaf69a,Visa
f4e60518-20ac-4958-809a-0dfbb582752a,card,723e96bcb4170a68,Visa
73313bb7-b838-427c-ba63-551170c0c9ee,card,2820b173776e4694,RuPay
72605a98-82c9-44bc-820a-6587380af8cf,card,5884a93c2358cddf,Visa
1ea24fe1-e430-455f-985e-f142b296936b,upi,79b4e0dad782214e,Mastercard
653844c4-15ee-46a1-bd45-3e94361ee3df,card,9cdfb9d357002982,Amex
2aff1fca-6a26-41e8-84ce-f2fe16db3582,netbanking,dcc885ca090b7102,Mastercard
622f6207-d0b9-42a0-8426-daf080a36978,upi,7262efaf306aa08c,Mastercard
e801ddf8-d948-4903-b0f2-8ee3bdfd0e6e,card,0afa3b9e4068c783,Mastercard
26af9c7d-7c46-4407-bc56-6dfe31efe2ee,upi,bfc6a56ff8eaa170,RuPay
35848a23-317e-4b09-b8b0-5698f53783ef,card,29d671f2d690bc91,Amex
ec008d04-b872-4271-9477-2d5f7cb91d3b,card,9d20feea5f57369a,RuPay
209f7c6a-0533-4f14-bb66-36a59c180e68,card,055e471b4008c201,Mastercard
647e0cae-6413-4e44-af1f-744ef6afb92b,card,b83ff5189b9e335e,Mastercard
70b3a021-1524-4eb7-be3d-6f9611247072,card,346e6da0c6c205ff,Visa
ec35901e-56fc-4ffd-bb66-f846a69a6aa2,wallet,791dff32f06047bc,Visa
70003d22-61e5-42bb-8bd9-ff35d6ef3228,upi,4498ccbb9949047f,Mastercard
94839fd8-cd3d-4ef4-b254-f35af48d0efe,wallet,e9fad923707ca34f,Mastercard
10848387-7c7c-4f20-bb2f-a19560e81659,card,1443743b7c67ac5e,Amex
919ed047-3fd6-45cf-b0fe-de3531ccdd18,netbanking,588e020c8d32dbd2,Amex
9969b829-6886-459c-8265-a67ad1666352,card,a125dae94e8e2d95,Visa
7561ff4c-c553-4b7a-9395-0246bcc1a646,card,ff827c851dab4782,Mastercard
061507d3-1dbb-4395-8108-237f143c0bf2,netbanking,29b30eaa399aef00,Visa
70194336-551b-4889-9c47-999c6bd3cc2d,card,49893ceafe6c408e,Visa
70922d06-53b3-4450-b27d-f070ec8ec23e,upi,df414adb96694efc,Mastercard
91b22f30-d959-433f-9f7c-2fe1cdfb86f3,netbanking,25406644c7feffae,Amex
effa56c7-18ba-4420-a29a-ebd4b00a583f,upi,36c5dd294472e3ac,Visa
d29c3041-5923-4be7-bb79-db660ee69630,upi,25566f0c11d45dbb,RuPay
73db2717-07a1-4bcc-a8d5-5dc95fbb35ce,card,e62ba096bac46896,Mastercard
2abd044a-5ee1-4cd0-83f5-5b563c884114,card,1058db412ffce96f,RuPay
b6b1a43c-5878-4c51-8049-f6eabd4ee748,wallet,8d73b5745eeb5153,Amex
1cfa44a1-a141-4b03-a461-c065800946da,card,50b3e6e83ed66601,Amex
368a1947-fc42-478c-aff1-432839297ff2,card,93b12525a412158c,Amex
c15a4db7-de3f-48e2-829c-be1be87de74e,card,20e8ec794209a051,Mastercard
226b1251-26c1-4404-98de-4e2f57a4e9ec,wallet,dff2acb43693865e,Visa
021a8f37-d505-43b5-b4eb-d5d21024e51a,netbanking,3817893bd90b5f6f,Amex
03bbcbbf-9721-4394-a462-4668acfc925d,upi,acf068c90f47aaca,Amex
87dc5d47-c1a0-44a5-8d8c-cbd9e435f7e2,wallet,c4f6c74a5e673f28,Amex
c5de5763-2dcf-4f73-8b6f-8ec02d4e541f,card,799301f9f660df1e,Mastercard
c76caf7c-75a0-4921-adff-544f75eb50f1,netbanking,dd7cd5dd4306986a,Mastercard
c1d5744b-9ffe-498e-b249-944c6841f763,card,4e5d7cc30618896a,Visa
0f9c5bc7-96aa-4e98-bfa9-b74c3df79644,card,e7628703fad830d3,Mastercard
022e1165-191b-4aff-ab12-1fdd9b7f67e1,card,725bdf061b35b525,Mastercard
70bf4584-8014-4bc2-9c9c-02b05bf44941,wallet,38f83d54f1a1eb69,Mastercard
99968caa-f4da-4dd6-9b53-ef05d7c16620,wallet,cc8122ec68a1c9c0,Amex
c48ce372-76ff-41d7-9e82-f44093433b29,upi,37733899393c8aae,RuPay
ed3af5c5-c387-4c64-b8ad-92e8a6eea1a5,card,3bc8845b0b65c68a,Visa
a6e52008-b98e-4cb9-864a-f47b4d162e6f,card,6e37619c9fe6771d,RuPay
fae3147a-60c7-4aae-bb24-c5e2723a40c2,upi,c1e4f8a449eb84a5,RuPay
7e3f674d-8d81-4ff2-8f64-170ef4322c10,card,89593f0d19295be3,RuPay
4eef41fb-f029-43a4-833e-b0ccbe5502cc,card,82318361cc9478f3,Amex
50e7cde2-4fa2-484f-8d78-590b0b1a570d,upi,c5653c4742df1687,Amex
046c9e57-a646-4048-9b36-e949d9f7e6a0,upi,21149cb660148441,Mastercard
3c3cfc63-2b48-43e1-9383-50de87c5466c,wallet,630efc595f441332,Mastercard
fbc6a32f-2113-4d7a-ac23-9ffaf05aaa0a,upi,199cdb5aafff0e6d,Visa
685b0b8c-2abc-421a-9025-5c4042a8bad9,card,73e454ade1d998ac,Amex
b61e8642-622b-49e0-a613-5bf5ac8e666c,upi,712d231a43be9723,Amex
dc5f7fe4-0a65-4da8-8dda-6e9f86faf2e9,card,9928a5330db23b2a,RuPay
2d9dfd57-dbcb-444d-8995-012f15f4f2fe,upi,0930056b3ebd34d7,Visa
6c6a6b32-41a6-40d0-8896-259109025366,netbanking,14baa50e2adbb20d,RuPay
fdf06ff7-7396-4dac-94e3-26d458bee845,card,39facb9624654190,Amex
0a1c1929-cf3f-4c82-a5f1-77cde43be7ca,card,ee45126edc5c53ac,Visa
3001337e-7f6d-4927-b7ce-5d38768951a3,netbanking,9e4696a7fb5d7cf9,RuPay
6d1eccc5-9c12-4cbe-b30f-c7ee1dc07611,upi,a72224122eab371c,RuPay
66068472-61fd-45b1-aa58-3c9777e3120f,upi,f81562e47f9d0ad9,RuPay
be23cff4-bd55-4a04-a80a-5109c7720012,upi,1bdb250e27defada,RuPay
a5edd64a-ff3c-4ee3-8ea4-a76b0e565cca,upi,2ded1f99adc1ff39,Amex
7e71007d-2a78-476e-a0eb-e9f71fc40b05,card,7cf6edd3c8c1d958,Visa
bdd8c0d7-9883-4322-b394-f4aa344d73b1,netbanking,72e57efb997674dc,RuPay
7b777c4f-b28f-4f47-b50d-47bc16efd32f,wallet,6c87de8f2229d1ef,Amex
d1e3794f-e361-439d-918b-06d5c44eb0c9,card,b12e8fc76ebf9d6b,Amex
edfb8e49-d70d-4a83-b872-b50b840b2a79,card,e5e38a9ce28084da,Mastercard
c2874947-2f0d-4102-9461-f0fc7013a640,upi,6c67709818611544,Amex
b51260e8-08c7-4ecc-8717-2d28e96679ef,upi,467290ca205d9593,Mastercard
7fa9ff0a-d59a-4743-9e5a-5d7ef7417fde,card,51030606164f2014,Mastercard
45f6ed35-d034-48aa-95fc-88fc5be599dd,upi,f75175d311fa7a67,Amex
6895e63f-3286-43be-a4ec-1cc9ea8b715b,upi,c584d9a5dc8428f2,Mastercard
c8c51084-9e9d-44c2-91da-ffcee4af6620,upi,b21dcc8fe5f00cc4,Mastercard
a311b876-a09f-41d8-b7c4-a0811b738f87,card,d5f8ed5ab9d43c37,RuPay
d3d9e419-bfdc-4ef9-8548-6abe51e94431,card,0e7eaf33cc34f334,RuPay
ddc7475b-77bd-4fab-aa23-8bae5c1ec50c,upi,26735f8d4276e49d,Amex
67266df8-cdae-4854-b3c3-9e48e51e4bc8,wallet,3581c25f0591e92d,RuPay
120d4a9c-1e28-42c8-982e-00b764c1329d,upi,ba043d57d026c64b,Visa
ecaa5836-a166-49c5-8bc1-3c85efa7aadf,card,17e666aa0189bdd6,Visa
0130abfe-4d9c-4221-91bc-1b9c7609c56a,wallet,0d95053f61fed65f,Amex
c4353b08-fe65-4dfa-8795-22283f4c0a94,card,f001453a48c366c4,Mastercard
85caafa9-109e-4873-ac42-d998876d2e0a,upi,a756ff9c5b1ea750,Visa
27f7c206-5fbb-4cf3-9fbe-31f86cf8e78e,card,4f35dbb50dfd1586,Visa
b54d2868-1d73-4d59-9798-397a3ff8e672,upi,94dc4fc82f31add5,Visa
20ac0781-5829-43c9-a8d7-c19726f9635f,upi,cb9280d074acb214,Visa
4742e765-22b8-4fa4-8695-fe1588a4878a,netbanking,2f55581585b0bdaa,Amex
097bf14b-25b3-4081-a90e-c53939715e2e,card,9d1264c19e3ced94,RuPay
cdeb79f9-e46a-495e-a597-bb9e907d5687,upi,3e7cdc5be14e2cc0,RuPay
2fbe25e9-9258-4eac-9ee0-c5094559dd94,card,825481082b608ac7,Visa
a71518bf-bea8-40a1-9324-056b1bd7a74a,wallet,bf5564d57311d45b,RuPay
853d2fab-e33a-428f-a9cf-84a1ac6f61a2,card,19d00fbb5bc26a29,Amex
fc78ec35-b0c3-4476-ad4a-f07a91f0a8aa,upi,5bc55b096edd2de0,Amex
d73c4c86-cef4-4818-bc70-52f093941e37,upi,f389e1362c7ce667,Mastercard
3a972e82-f592-421b-ae42-68482604f305,card,83d6d2b5d6d4e88c,RuPay
9776e485-cb96-4cae-af85-bdafc94f9703,card,fc0c55f7ca89009f,Mastercard
92af3da5-04bb-46f6-bcd3-3cea2901f2cb,card,9575de31cc6ab01e,Amex
40190d71-4838-4c2a-9951-b9c70e5d332f,upi,a0039e21b4c0a05c,Amex
2e985589-8e9d-4b90-a178-0da5a005f74e,wallet,f132e4241714b426,Visa
3906c76d-2bf7-41a3-b924-45dd02a9640f,upi,03a2b5c6ad863aea,Mastercard
5dd4ac34-2256-404e-847f-97e83d34704d,wallet,95422b2b1f321e2e,Visa
f31ffd56-3364-4dd9-85dd-f20b4289b6f1,card,19461ecbe340bca7,RuPay
695cad74-0956-45a4-96e4-33fcc841959b,card,7207381052201e26,Mastercard
f664e475-47e1-41c0-9468-9d9b5b9ca2c7,wallet,7627ebec7d7b0ab5,RuPay
7f0cb4cb-91a4-4df4-826c-442a918d6aeb,netbanking,765625402acc55cc,Amex
bd857b5e-5991-4646-9a7e-e8a7fe28284e,card,d3e18bbc5f8c3ef0,Amex
19571b43-4ec7-4ef3-bd76-ff6259da3d60,upi,1b4921c709bd76d6,Visa
a4d655de-702b-4a1b-8120-c1f68116613c,netbanking,40d28fd290945ef1,Visa
cc036abc-e317-414d-8b7f-853c37f805f6,netbanking,a1f9b957087588f7,Amex
49434913-ef74-4db0-9a87-59e350977665,upi,b8374106862e056c,Visa
11cc92e6-0692-4ca3-bb6e-83141f789bd9,card,83ea15fc2e0285d6,Mastercard
c43a4766-6a02-4a44-8e4b-46b60691b532,card,14e8dbf8e47080e8,Amex
e6656f95-07db-44f2-a95e-338f50f31048,upi,02c67eb3e9dfd645,Mastercard
8a4fab22-b9cc-49f6-8a0b-1894f97ca685,upi,e813fc84ed215fd1,Visa
4ae779f6-2283-4375-8c4a-8db0e14c2df1,card,6334b8a17c831f42,Amex
9b56495a-427e-472d-9dbb-99bbbf5dc4f4,card,d3cccea7645252ef,RuPay
a742a7f5-650e-4392-9e31-f9ee87cb5338,card,4e1b84b4d5f30d65,Mastercard
58c5aff4-09c6-4283-a219-dea95b103cfd,upi,a493f43b6e9cf32e,RuPay
963ec537-024b-43fe-8765-dc62b06b491b,card,24c324b4ec5c636a,RuPay
f484458e-1574-4ca0-b115-6648bc63303f,card,03a520170d01ad1d,RuPay
4034e890-fc0b-4624-a570-1588944e2e1b,card,b2180c8bc8a0eca5,Amex
3b754512-4b3c-4d59-9740-fc126b262315,netbanking,eecff464ff16a77e,Amex
7e0d67fc-b18b-4e2a-b48c-a7d974edb1c2,upi,99a72bb5f2cc96bb,Mastercard
2064ac22-ef12-4b82-a33d-a0a8c9389064,card,2f09572c352644e3,Amex
10198209-c0bf-4040-9703-9f0a029ade6f,upi,e4cb3c6fe9bc0366,Amex
43192003-fadb-473b-848b-b42d7764f20c,upi,0ea7252742509951,Visa
67e900cb-c3e8-4b71-9894-94a9e3782c4e,upi,48bda8f4ca42cf4f,Mastercard
9d9bfbf7-2585-419e-bb75-27bf602f8f43,upi,90e05cd3aa5e83f9,RuPay
0355327c-fd82-4b7c-845f-708a7c5336e7,upi,21376ff7f6c06663,Amex
c84c8ce5-305a-4f28-b40d-a9f6a8e02c62,upi,528f90c447d57d85,RuPay
a8afae17-d9a6-4c76-a793-faf078025313,card,33c981b322b149cd,RuPay
689fffad-3bba-4ab1-884b-4ae56d292ccd,card,2a55526d70969549,Mastercard
09234df7-f828-4235-85e1-8bd42645a3dc,card,f849041d3a3e671d,Visa
d2fee57c-1043-43a9-ad12-1ceffc3d0686,upi,b66958ad25723062,Amex
972adf47-9525-46db-8b11-eaca387eef4c,upi,20c1aa5d9fb4a004,RuPay
e4255ee6-93a7-4b4d-8bd2-eeb1e4776b25,upi,b533ef57a76810d1,Mastercard
2bb087a6-edd3-4dda-b24f-4d16917ccb91,card,13f45929bbc483ba,Amex
7d010e51-47f7-4409-adc3-f2cc37edb90b,upi,0789b9f72e8417bf,Visa
86a6d7f9-ca22-4b65-a05b-cf42908fbe71,card,7f4fa77e7fa48189,Mastercard
c7da7820-0e0d-4fb9-aee1-a14f1f88bdf5,card,6afdcf698a41c2a2,Amex
58139011-1e7d-4305-b5f7-33c717675fa8,upi,8bc8c0924c84f0c2,Mastercard
796ef348-3f1d-4dcc-8489-33a00fa7b6bf,card,ae2e1ae91395e33b,Amex
c03ceaaa-ca96-4fc8-b159-7e28a6c0c3b9,card,089326f9d1c6e072,Amex
5e7f69b3-97ae-4ba6-89e2-6ee97d27ea7c,card,e7833f9ad400e81b,Visa
d1b96458-1532-4d1a-a3d8-cf3a4ae8e2c4,upi,1eda0da4aabad7bc,Mastercard
d17c5b9a-b93a-4bd4-9d9a-b4a2cab29111,card,e5acc9e98f861772,Amex
159d4b8f-2bb9-4994-8ec6-346114bccd6d,wallet,8a80f275d09d2795,Mastercard
0bdfb7e5-7c8d-4df9-8866-737552bf8f44,wallet,7f7c9cdabb6093c8,Visa
90464249-5d5a-4705-8b0f-a74aa22f79d5,netbanking,847f1efe83ac2e06,Visa
70af43e9-ebb3-4fd5-aebe-41806f714639,card,7351aed0d25a7d8d,Visa
f7dacc3d-b7f2-437c-9502-c5b5798f0af6,upi,16557370606a978e,Visa
6b779275-94b6-4760-984a-73346609029e,card,19a9cdd98f97e864,Mastercard
95c88e7e-6d43-4ed5-9ce8-d4648e99b608,netbanking,bb091050b1aa7894,Mastercard
03f9bd2b-367b-47d2-966f-c6f2ae90adbf,upi,370844811e142815,Amex
f3557d03-41f9-4556-b8d3-d680d6145bd5,card,bb6fbfb771bc0abb,RuPay
ca53092b-121f-469a-84d9-2db8cdfaf365,card,ec9e2905c5ad3e02,Visa
ee3efe19-a373-494b-966a-637e4812fc72,netbanking,55b7dc687662b3dd,Visa
347dfab0-33da-4e55-8449-7c20bdf97fe7,netbanking,e8c694e8d4f364f7,Visa
baf5de5d-8623-4ab6-8186-6c3b19bdfd44,upi,3eb17b8118c0c823,Mastercard
56cc383b-4c17-4e64-8020-d39ae73bfd63,upi,e8a2fca1f6fd7482,RuPay
c3d7b787-607d-491a-8445-47e3d2a458d6,netbanking,40a1c53b1a3162fc,Visa
180d0967-3adb-4a68-a34d-dc83fe6db421,netbanking,fba42edac59e69f8,Mastercard
dc61c120-e5c3-4904-9517-117d3bfc4d85,netbanking,8cdea837e3f2f412,Mastercard
1a807b43-a924-401a-91c3-8a96dd10c8c7,card,32a69dc3520f6018,Visa
005895ff-72f5-47b9-afa9-41616c0644b4,upi,5d6e254f9eeff2ff,Visa
b4aadf1c-0c8c-4f78-9da5-cdbbc7970a4a,netbanking,942caa4cc46ee55c,Visa
7cfcc71b-b204-4e15-8466-51f1591b193e,card,78f75c2e9ae951bc,Visa
af921f79-f0bf-43c4-995a-362069ffd736,card,446332b08ae6bd39,Amex
1cf4c4b7-6624-48f4-981c-8ee76f0e3979,card,522a8e2411b45d27,Amex
775cf0bf-0cd7-4b68-93f5-c4aec9f85f41,upi,ca12466cd533520b,RuPay
07cb3420-f5db-401a-800f-1e7eff2863c6,netbanking,dabd10e217daa866,Amex
40567146-21df-49f4-904e-e4822a42d9a4,card,2f096e7b0c1392ce,Amex
463e3ad5-abbb-4720-b8a0-003157267a6a,upi,58aba86afeab778e,Amex
0efebe15-194c-4416-b2b7-dcca41682777,card,540f1dda76312254,Visa
5eabbfe6-c1b9-4187-a18b-64ae82c73975,netbanking,be85ae3f2e2c1568,Amex
b172083d-6cc8-4704-a004-894ee983947c,netbanking,4b81fccde71c9b27,Mastercard
94bf77d1-4201-4ef1-aa14-3d30f640605a,upi,b62cf562a3ad1aa9,RuPay
6e209718-eb60-4c01-839a-715c7b853c99,upi,a7bce30860fbae2a,Amex
c9660943-bf6e-4ceb-8079-9e7fcf2a2956,card,db900e1573b25e11,Mastercard
a9e0cd27-a5d9-4440-83d3-9096b255bf32,netbanking,e0516ff483ecac9f,Mastercard
97fdc5c1-b9e1-4779-9246-41588234930a,upi,09f1e947986766cb,Visa
4faaed72-f6c3-4764-9dd5-abd4fe89dd6f,card,9463ff863dc4d0cc,Visa
982234a7-ba49-4b9a-bb47-97c34bd6ddd5,wallet,c180219ee29e4713,Visa
445dde03-9516-43b4-b069-7294eea2b310,card,585c85fd1127b1b8,Mastercard
0a4bae2e-fb1c-49bd-acb4-c1042cb61060,upi,768f70178981f890,Amex
292ea335-1a25-4532-a11b-84cf7fc82b97,card,aab3be6071487fd9,Mastercard
4eb8d861-7840-41b6-b1fd-54f068b61797,upi,5d09e567040c5836,RuPay
f6bdac94-4ced-440a-b68a-b4f144a48967,card,d58b1c9f6ed1b0e8,Visa
37718982-771b-4889-a08c-cf4b05d3bfc2,card,c23834d656d476c7,RuPay
29324a59-8e8e-4c12-a8b8-465f3281c4bb,upi,8cf37435811b9ff4,Amex
b92cfedb-7a42-4067-9a20-16ae8fe6af54,wallet,ca03ff336043d554,Mastercard
4838ca29-c25a-4c9e-80aa-a3c8ec2f4757,card,f24bff15fa86d63e,Mastercard
41f1685b-0372-4f10-b5fa-d7963e96c835,upi,b28571aa3937c172,Amex
4e302a4d-4898-4aea-b6cb-bd1ca542e526,upi,8e200d299c2d506d,RuPay
95485077-d944-4a76-8fa3-d4c73e69735a,netbanking,dfec81d35ebf3d31,Mastercard
7a34bc52-99f4-46cd-b9ce-b49c9faa78dd,card,f77e46c0110d581a,Visa
861511ae-a26f-47c5-8d28-8ef098af1c29,upi,705dab194391f77b,Amex
8eed2d99-7a53-4eaa-ab00-2f66ba09b672,wallet,811929f00a734ace,RuPay
862c165e-b193-4c74-875e-0501136baf0a,card,8775ee940df1334e,Visa
30ac5aba-d1b7-46c2-b0ca-482cd2d129d5,upi,6e7b2a8834f6ff58,RuPay
af0d3146-837c-4839-8ae8-31f3e9165054,netbanking,e0967a422cdf3ff9,Amex
7f59e6a0-5d91-44de-ace2-6000b0ed83b4,card,a8a101976a685c17,Amex
2041f345-5133-4271-84c6-29beceae4f4e,card,29caec9853b91401,Visa
bad04c6e-717e-4cf3-8d1b-2f1a2fa3e00f,card,f1a3deebd18d1a70,Mastercard
f12dc143-60dc-41a5-b327-0e360fc851d6,netbanking,fcfaa4776b12fdd1,Amex
ffc5b4a2-4497-411b-aafc-aac4dce391bf,wallet,9964041679095c63,Amex
4a2c080b-5a99-42ed-bec4-44ded8fac486,upi,dd5793f25a1adbd0,RuPay
39ca2b92-9c11-41b7-a536-3d7184b6b23c,upi,31ef374eda2935d8,Mastercard
0cc223ed-e18f-4d1f-a301-262ce64b4558,card,8d29b7ae88b6c404,Amex
f0ed4942-2b29-4da1-8abb-b572b50efdc0,card,5216f38c1f386150,RuPay
75445f5c-3478-4a24-8480-ea6e7059a301,card,a7495131bf913bb5,RuPay
1dd50fa9-f58e-4201-b3ec-c198d7b921ad,card,6dae89d26a337245,Amex
e395a2cc-b43b-4ac0-8d97-b4c6a6ffb596,card,05d6ffbdb22817c7,Mastercard
57cd16d8-6e22-4bc6-af6c-4bdf26d92b0e,upi,534a2d1b1cd367ec,RuPay
b005dd0f-b310-43d8-8b57-8433805591d1,card,87c2c9ef1a383a74,Visa
4499fcc3-d6db-4212-bc5e-a6362dc351fe,card,b1fc15f6989c8ab1,RuPay
e70fc3e1-774b-4c39-a30e-0af8bb0a1c11,card,84332cf36ac11b3e,RuPay
6b4e34d5-ea3c-4302-94cd-087934913cf4,card,909660b8e4ff74b0,Amex
abd95d01-0dea-4ff3-9798-9dd28448392f,card,f5b4e49c0eadee02,Mastercard
46f6cd88-5893-4c11-ae92-cc4c8a044521,card,04f4b93f297d99e8,Amex
4142911c-d906-4862-9417-4b16c7700686,card,70a24c0ac423a974,RuPay
2beb6665-bfa2-4e02-a3d5-cb75a8131fbd,upi,c174af923c985c5c,Visa
9b0ea3ec-5a5b-4126-978f-da52a18633e7,netbanking,17d27cb4a945c88d,Visa
28a925ba-54df-4df1-91fc-ab49e69d963c,netbanking,b5208700109a8ff1,Visa
f06acbc0-cc7b-4813-b724-fca7812e3ed0,netbanking,b31a95673b821fbd,Mastercard
96df250d-cda9-4928-ba66-d7a5c8caa864,upi,93902d1c8b4465ee,RuPay
3e8582c3-2a50-446b-896a-9c855bb7207d,wallet,6263afd4433ff48d,Amex
e71de8e0-8c79-4cd7-aefc-e90711c8caf8,upi,74dcce60bba74b62,Amex
6fddc60a-3937-4630-9d0e-61eda1eb915c,upi,caa9236bec340cf0,RuPay
f8c52e44-a9e6-4fa2-854a-0e058a1716bf,upi,7781dca1c6086f33,Mastercard
f433d9d6-21a8-4e4d-8b50-d5cf79f030af,card,d7870457aa2a330c,RuPay
633f6ee4-c8ba-4cd6-b644-5336414f77ce,card,8d7eaa87903c2fc8,Mastercard
c2f8fd07-9f98-4d48-9d28-774c8ae66564,card,4b3f704c5986d0ab,Visa
f85f4461-2ab2-4d91-9675-ed7a989ec664,netbanking,86c550da61df7ad0,RuPay
db2d0b4a-8fc6-4fba-9d4a-11247b42b971,card,c77794cdb7494db9,Amex
018f7e04-9a2f-49e8-8928-5e1a3f319219,upi,d7301994bbe4ce94,Visa
06b7aade-6eb8-45a6-9466-5ea2fb859e9e,netbanking,76dc35ed15485987,Visa
ca6cd84b-e9d3-4345-b0db-a38e2973fce4,upi,23c721327785f5e8,Visa
dbcd1ce4-512f-4c89-96ce-113ce1c8c66c,card,1ea1d6df2e33c312,Visa
698bfee3-ed31-4df8-af4d-198064716676,upi,05085e03d455885e,Visa
d4361553-92fd-4fd2-9712-841541911a91,card,c6fdb54cea962e1f,Visa
6d27ddc3-bcb5-43ab-9876-ff2f77509039,wallet,30a85a2c79cfc1e1,Visa
b6f28d92-d8af-4932-aa6a-199f2a8af08f,upi,69715d2975aab2c0,Mastercard
06619c46-aa25-4965-a66d-3050a3d9837f,upi,8513d892a3648d24,RuPay
b9f4d0d8-206b-4af4-81c0-14e06d162871,upi,104d31629b692e30,Visa
13bd07ad-a590-4009-a2b4-0106bae01c62,upi,b16c576e219a21b9,Mastercard
44147499-aeb1-427e-b037-73397d550a49,upi,e0497f3edb6a64dd,Amex
ec538c0a-ba12-473c-87d9-d3dc6873a304,card,12ec437804ec9228,Visa
6dd7f407-6964-4c00-8dae-4151ce7eb9ef,card,7cce2e1340622dad,Amex
26a20d85-548d-4edf-ac67-4efef6f00479,card,5097cfbe4e40c93f,RuPay
0db70155-d631-4e16-9b2b-ed931c305abb,upi,9edb465146acfe7e,RuPay
548659b2-b64f-4485-8740-9016175f395c,netbanking,a6ef45d4d0f5ca68,Mastercard
561c2c14-bbf9-457e-8f3f-a2b2e68de0b2,upi,2b886092f4ccd318,Mastercard
988b9168-7094-42ad-81d2-e05b9fc9eaaf,upi,38b20774136fdc4f,Mastercard
b82dd934-fdb0-47f2-b626-44b0fa0bcfda,wallet,aa8127871140b641,Visa
f43bafd2-83dc-4843-a748-ad9bcf3ab675,card,3548006223624562,Mastercard
7bd042ee-65cb-49b9-ba3b-3f7778305be5,card,24437980dd667d21,Amex
5c547e2e-5ac3-4316-8e1c-7691374d3a8f,wallet,f18df9e0809640b2,Visa
7819bce5-e65a-40d1-83fd-e9b5ee210e98,wallet,acc8be7a014d1e9e,RuPay
3ed5296e-809a-4c67-99ba-10f87a4dba04,upi,a8920c5bd1728053,RuPay
94a950dc-3fc7-4f32-b33b-a08c620332c2,card,012844d0c54953e0,Visa
8e2c4608-7a51-4724-bd6d-d167d8495fd2,wallet,395e26640eef15ba,Visa
2f8799c2-fc37-4ca7-bfb3-c8d71847d5b1,netbanking,18c4073ba5bd32af,RuPay
5545a1e0-52c1-4700-b396-73c3dee05901,upi,980158ba50f8ccd8,Visa
200c4c13-573a-4e87-ae57-7424ee73de58,card,829e52a0cbcc9cc8,Amex
e7d42b6e-65ee-476c-8289-6d01463f46b1,upi,ca20233fd5c4f777,Visa
fd3a92b2-bf72-457a-b829-d4306abe1713,netbanking,95c6d4aead4e53b5,Visa
38a4aca6-e3b8-4826-910f-22737d61c2ec,netbanking,6b9cf0f5099c7426,Mastercard
9769d048-17e1-4cbc-a6a9-9e64218d2947,upi,b0663ed7aa33fa63,Mastercard
372fee98-416f-4c77-94b6-e3d13665fc9c,upi,c254a586df9a01b8,Visa
12ac3d15-7508-4f4e-89d5-8ba4f9964cb2,upi,f51e961de552225f,RuPay
3dfad41b-8df7-400a-a854-5a48a6aa00e6,upi,d723083ccbd8f08b,Mastercard
24d3c737-c2a7-459e-a340-abe183a817b8,upi,40915ff21b17077a,RuPay
7096912c-1750-424e-a5e7-8baadafa128d,card,29159cc5e53e64e0,Visa
0dbd2970-8a6a-4c3a-b7fd-17f9ff3842c4,card,5e08195e2dfe159f,Visa
75b2726e-8ae5-4733-addf-f4b9735c1a5d,netbanking,c0946d2ed911fcfb,Visa
49ba2494-7d45-451a-b005-04574ccbfc0a,card,4d2eb7a98b897168,Visa
29929103-6b54-4c6e-b405-b529dcc8abfa,card,b5f701b965bf6a51,Amex
ce91b161-1003-4e2d-97f5-1bc8a2b83059,wallet,a682856501d0c8d9,Mastercard
6decec5a-15fe-4834-af5a-514284177a71,upi,ecebf1170f0c4679,Mastercard
498d0c90-62dc-4677-8471-160a4cbb27c1,card,16e0c82061a26e84,RuPay
5ab40898-1813-4436-ac27-bd0ad1b3fbb7,card,109db93c7c04a229,Visa
5190349f-c3c6-4d77-8cdb-725f74307d9b,netbanking,7caa6a8afad156a8,RuPay
4d8ec5c5-60c2-4be3-bae5-73e2030bcba0,upi,ef794e276c691aec,RuPay
9203d5cf-282b-423d-8042-2c9a8d8915ce,upi,1b71da8a60173390,Amex
074d3e68-5c29-449c-bbae-37d0de0c9523,upi,172870c0ae810bb7,Visa
c1fcd25b-4b53-47c5-b348-cf1d31653f34,card,caefa6cf8aa3a39d,Visa
0c8211da-a0db-4ed8-8c2e-b027bccff6e4,upi,46b50f70ebdca3c5,Amex
bae96f00-1c4f-4d46-abb3-7bae8a596cfe,card,d3031017629b20d1,Mastercard
51d1d9b1-f7ce-4d6c-a9bc-7e4b6ab697ad,upi,6c772316ead6044b,Visa
7d544356-ba37-4d0d-b7c2-f88c0deab11d,card,21ea084163c4943c,RuPay
97a79325-ce62-42ef-a82b-cb850216ea61,card,1fdf9317a9cfcb92,Mastercard
a031c392-9116-4e91-a573-727e68c4386d,card,4807f49d38b9acdd,Amex
7854c8d5-101f-4a42-aa71-ab60bdaa0496,netbanking,fb58545af394c79f,Amex
bc5b2282-291f-4fe9-9b72-c25f023f822e,card,847bb44671344b6b,RuPay
b2d0ef5a-c24e-4918-8d22-9c71757f36ff,card,faa2e2839c94f4e2,Visa
c0305780-736a-4f03-83cc-05aad19a3ed4,card,0595598033583d39,RuPay
0a2ed8cd-9f1b-4994-b4a6-458ecb05227e,upi,12f48bbcb5c597eb,Visa
7dfe0ecd-3386-4dfe-813e-4562acf6c901,upi,9f2ae8a5649644f9,Amex
bc949973-88cb-4997-b76f-18857e36ca2e,wallet,eb4f63644797450c,RuPay
c5c8273c-b482-4925-85f6-a1d9ee0caa3b,upi,a710b2341bb351a5,Mastercard
5510b56e-0686-402b-a2ec-ab4311d3a2a3,upi,f329a878c525aae3,Amex
ee205b61-9817-406d-aac1-efa7aef53285,upi,a894a1d253515612,RuPay
af328f3c-da30-4aad-9b09-7c4f18524ca8,card,c9f798c8da3aa788,Mastercard
d98ffe1c-df8b-4e58-9028-b42051fb2bbf,wallet,f7e2a7d87bbd4526,Visa
368d4605-8913-40ef-9e24-79147f8cf147,wallet,d9dae2783668c2d8,RuPay
2a6e59e8-bfdc-449b-8205-cc3eeea8fa88,card,0437fdeadc577f7d,Mastercard
518cb422-1841-4c2e-a891-7b733dc6de48,upi,aee1cf3973911840,Visa
3758a763-79e2-40f0-82a2-1d514efd4e90,card,9731e9f5cfb02657,Visa
869df91b-602f-4c27-9167-381f0764c621,upi,5aa08bf7aaf4308b,RuPay
e69d6f92-0cf5-465d-9c5c-7d2b3a2ab80d,netbanking,9ed9355e308a4187,Amex
43d3fa41-282d-41cc-b6cd-ae281d13385a,wallet,12c592d1a6a84480,Mastercard
3e2eb4bb-bbf2-412f-96d6-93b34c996b33,card,a7cc197207ff64d2,Visa
6f80ece2-fdd9-419d-95b1-4d3c5c2d484b,upi,ebd09750e5d1b11c,RuPay
1d21bdce-a935-4f00-98f9-0b2649dc2fff,upi,6d690a2bebaf0965,Visa
baa990bd-f380-4965-bc46-c8272f48b7c2,card,b34a366112935002,Visa
b3d0fa46-d3c5-4ce9-b860-38990f4d6f8b,upi,f5065beb17b73a60,RuPay
d3a600e7-e33a-44b4-b0db-c01c8ba6a07f,upi,f1993ec1e3e9de61,RuPay
70d1684f-e0ad-4aa9-a458-1a0cd302b0f0,netbanking,92717b7382961d9c,Visa
3eef880f-2c54-4108-abe4-821cab231488,wallet,8402e1900f6fc27c,Visa
ffdd1386-8582-4c15-aeab-c0d9e8ff48e9,card,e531090e711f9e2b,Visa
6232b047-8654-442b-8ce1-e918a845290a,card,5141c26aea0f1aa0,RuPay
9da565b2-58bc-49c4-9fdf-83ee5f52fae6,card,4adce0de5be4ba0e,RuPay
205baced-dca6-412f-ad79-3f564e95ebac,card,acc378118c903cd6,RuPay
851e60f0-675f-439b-b89f-00b3212e8a15,upi,08ceb0aa91d01759,Visa
5298136f-f1e6-49bd-9b3c-b85c8dc26d91,netbanking,3d451efc7f224f94,Amex
d3fad2fe-2cbd-4e2e-9297-7ebb89e8096d,upi,495b186f0c5d4d33,Visa
4136737d-6db1-444d-89b1-2914169da74a,upi,e5136cda7d1aeeb9,Amex
a4235c98-e5ea-4d39-8c5c-faff25e466c2,card,3f1af4dc54fe7399,Amex
610d495d-6461-4580-8913-c1fedda3c237,card,afcf41eddf84be17,Mastercard
452aba74-dc95-4906-b7fa-e9cb316061d1,netbanking,4dfe9ac3c19036ca,Amex
658d34da-b054-44ad-84c4-a081fd144bf5,upi,6190361fbd53f388,RuPay
b26d423f-9d30-4430-bcdd-cf092f817b0d,card,a94ab5cd13dced58,Amex
fab596a6-90c5-4c4c-8a00-31d75a2b938b,wallet,d56011c210af57cf,Visa
0ed3f5cf-3ec3-4ec7-ac02-2a002e40f2d3,upi,a480e64fb1421da3,Visa
ef6e0265-26d4-4198-a0ad-f86b54c3059a,card,990e9838732e9fc9,Amex
4735bddf-4a54-47bf-8a8e-d591e7698912,upi,a11ce42fec4c56ff,Amex
8909faa6-f196-474d-b67a-ffcf29ef3816,upi,4486af236fa261a0,RuPay
f3aea8b3-65a9-4918-aa88-32815cc70f0c,card,eb6710532c088349,Mastercard
a3178049-9df2-4aa5-a75a-69b533dc661e,netbanking,32bb8941b7428fa3,Mastercard
20517591-50f2-4e50-bcff-c54feabe1c8a,upi,2fee666de23c18c2,Mastercard
da5a818e-d321-4696-a13c-fe7a094c9d72,upi,f7e8287ca6db8764,Mastercard
3e1ad977-5985-4767-8271-2ef4fa39de3b,netbanking,c39a5f88d309d4ef,RuPay
2077b115-0252-42ee-8c3b-e99e4957b978,upi,8890a37c8907f60a,Amex
6d3c7f14-43db-4fa4-a8e6-0919938a3b5b,upi,92e7214b085e8ba6,Mastercard
d7a15f07-55b5-4451-9a9d-d3611110b15a,card,e33d6858c68cb786,Amex
dd39b097-ba50-4882-bc8c-d5b335e88d55,card,a881af44d10c7e98,Visa
28e00595-c2a2-4d31-bb9a-1169829ccd8e,card,5670ee34d3e75ddd,Amex
8a16fb9a-323b-4759-a0f5-3180d6fdc8cc,card,8512f4c1bae00fea,RuPay
5b2b6294-308c-4097-bf5f-976a2291e4af,upi,abffc007e99641cd,RuPay
281e81b3-3707-48b8-87d9-1232cd9d998b,card,2245ad0854c635c7,Mastercard
09d2e89d-e60d-4f66-a6e8-68bcdd682df3,card,001beff848811d41,Mastercard
887c5ea6-0a32-49b9-8a81-8bc665dbddff,upi,bc4f1cf6a410c18c,Mastercard
0dfcfebc-b0ba-4389-8f9e-e4a5f6ea7cd5,card,043281b4992462e3,Amex
640cee31-1c97-40e1-bf35-c02e20008bf7,upi,24542b08878b6171,Visa
dc668b6b-34dd-4515-93bc-83dc9e60bb77,upi,443d1e9279d64974,RuPay
2ad907b0-2d9f-41bb-8397-ef35e5b71329,card,7b299a66f1de78a9,Amex
8e5ff47e-f194-4713-82d0-c7321eda63e3,card,83cc4fae564e410c,RuPay
820d38c5-47e7-45aa-b7be-a27182988511,upi,1b47c1080e0b9baf,RuPay
00c423b3-d98a-4397-a8e8-3966fe0fc365,card,d5fa396b29c2398d,RuPay
c63659e1-4788-4ae0-965a-39ae85281557,upi,eb7ccc729d9cbb6b,RuPay
6e5b02e8-d657-4346-a876-7abefa219351,upi,9f5fee082aed3e44,RuPay
ab393ea7-e8d3-44f3-a39d-15db4ee6bd2d,upi,140b43bfeea22533,Amex
d954bed4-d2b3-45df-aced-b1cae456d030,upi,d8850d64a77fadd7,RuPay
3108335d-d6d5-427d-bfc0-432b15dd725d,wallet,638e30752545bdf1,Amex
36d51b39-9e54-4520-9774-2158b1d81151,card,a3f8cc182a5c50d0,RuPay
855bf66d-48fc-4399-b494-09745d0a9338,netbanking,3e54becf4b47438c,Amex
30bf96ae-d1ab-494d-b81a-c6fcb5402997,netbanking,7c832cdf922df869,Amex
f73cba87-fae8-4010-8538-358fd749f881,upi,aca6c42817b97522,Visa
834c6211-972e-41a2-a0b1-1c5fe80b6a46,card,7f151694bf51a784,Amex
2e40225f-2208-4c49-910a-65a352a65cde,card,19c048b567e87026,RuPay
58c2a3ba-e78f-4533-bda9-ee6defddfc72,wallet,49b7e9080f56db97,Mastercard
1bd3b0db-3931-48be-a2b3-b2cb03d53f6e,card,3e38ca8ff611df85,Amex
792c94b8-b650-40f2-82bf-aa5d568059e4,netbanking,0e224cdc11628021,Visa
7837c3eb-a4a9-49b7-927d-6c55ee6c6d7d,upi,af9779c2432cb3cf,RuPay
8f326a00-81f4-4345-a385-c26a9b11c416,upi,866722d19a413012,RuPay
983f6442-3858-4166-aed6-029f303a1079,upi,978951c1c4d75311,Amex
940c3054-ad03-48eb-b9cb-7a33e6de3939,card,2508656904ad5413,RuPay
cb7f2ea2-4757-4ed9-a161-2058c1c2e697,upi,e45be606c580bc07,RuPay
60caba24-3b0a-4882-bbbb-c7035c8a5bc4,wallet,ddb4feae249f24fc,RuPay
5577a13e-4a20-4c86-afdc-99401ad6a497,card,0a4e692fb92b346e,RuPay
022f6891-4118-4ac5-9ae5-b43e6fe06295,wallet,6788eb135207656f,Amex
0067e8e8-f2d2-4685-b732-44df19f2b83e,wallet,4f852ac627a00073,Amex
081acf27-6143-490d-a981-864120442738,card,630977aa9b25a50a,Visa
4344fa7b-b23d-49e1-9b34-524afef0ab97,upi,ab5d2d4792f1d08e,RuPay
788164c9-d886-4ba5-b4c7-e0edb7908d43,card,17e1e850f160f0eb,Mastercard
5969e1d5-4530-4294-8dda-fbd38ab70a55,upi,64710e30927bf6fe,Visa
fdfa1132-e27d-4d36-8d2f-0a317aec2a38,wallet,7b05b4bf0f63b71e,Amex
14e7c2a4-e116-4faf-b54f-a8dacb943a0c,netbanking,ee0b1e4abefc7fbf,Amex
aed3048c-4c8b-4cac-8203-ad59a3538729,wallet,8ccbde6f5167e581,Amex
4c13bf44-584a-4606-8941-1f5ad7f0ab58,card,23a185f61d67a8f1,Mastercard
79479d0d-7f40-44ee-9dd6-6eec0b31fcd4,upi,d8e50b55238523b8,Mastercard
3d3c4575-2453-42cf-82aa-23ef79bf8be9,card,6a41fd58132ca608,Amex
e1b6955b-a748-4aa7-a478-eb336b96a382,netbanking,17781dbbb7a75d51,Visa
3082802c-f0de-449a-ac30-5532fda6754e,card,cd620c010c8bde3c,Visa
b3fa04a5-c2a6-468a-93bd-9ce393b6c82d,card,8eee6229977e0740,Mastercard
4070d6d7-47ef-484d-8ff8-83bc0a3703b7,card,e78854fb41100aeb,RuPay
b492f748-cf76-49be-ae58-82afe5547708,card,e3519591cf8e08a1,Mastercard
9b106216-0a48-40bd-9437-e2ea8ee359cd,card,0e9ead647869c8ba,Visa
fa9e25ba-b7dd-4dc8-8c7c-d4edfd29eda9,card,896b3e8bdddeb2b8,RuPay
b1c89dd6-74e6-488a-8f73-60cb5f69660a,netbanking,5ca7edc694a5b6df,Amex
80e41e63-a1c5-4937-b5cf-fc0d64732c69,netbanking,021c88f8901cbc1c,Mastercard
f9de189a-ba21-4d0e-b422-0a224e78d674,card,43bd4fa10fc8aee4,Mastercard
9cad1e2e-79b5-48ca-93f8-39d5bde7c23b,netbanking,4dfb76ac8858059a,Mastercard
6116c2ff-4c88-41c0-b369-db791ae19f81,upi,50e0d351990f9205,Mastercard
7837f696-0166-4560-afe8-3233e5773ab3,netbanking,3544fb05c3f332fc,RuPay
f63c59c1-8625-4825-9a93-0cc157b1e195,card,d1d363d7080a8e11,Mastercard
b436e602-2ef4-4a3b-b597-cfb9bf3122da,upi,8036fa7a748b7515,RuPay
5bd228b0-6829-452b-935e-1d270631106e,card,a96903a23f6630bc,Visa
6e235ef1-1e31-4326-a231-da8e099a62d4,card,927996127bffd383,RuPay
81773d46-17b6-4733-92b2-05e24d0175da,upi,5bd6c78b50e1eb88,Visa
5f79a7b2-7ddd-4e2e-a9d6-7c8129998351,netbanking,b8749a80823e4769,Mastercard
35a1d1d5-ef97-4238-8a8c-42860284e255,netbanking,65fa494860f90a11,Amex
d754c7f5-6533-45c8-9522-f1357b175a48,card,a8693c48e4544f61,Mastercard
87a6d368-ec03-4057-a201-8a2ac455ce47,upi,bcb788e6b9c5b374,RuPay
2b81f552-fe59-460a-b945-f19b30ce743e,netbanking,96e7f069a9a6d5d3,Mastercard
1249f1e9-f9a0-44b5-9231-8201ee2a6e31,card,d469fff40dd81ebb,Amex
575877f5-2d50-4fd5-9fe3-b9d119fd9332,card,c292464e8355d920,Amex
e51b9e5c-074b-4cab-b018-54edd6e8890e,card,5ea75c0bba8077cb,Amex
43fe084e-1edf-4825-9633-170938c14e74,card,c5e310cc5c62c3d0,Mastercard
9e338be0-55c8-48ce-b0a7-abc7ad9cfdcf,card,1b5cbe25c11f29db,Mastercard
2fb8abdf-c442-4a09-aff5-43e81e6027d7,card,ad7d0b63dd82c259,RuPay
eb4d2d89-e06b-4202-ab71-ba97bc305549,upi,9070586b536e619b,Amex
7f2495b3-f492-48ba-98af-3a3c050a3a1c,upi,4ec7912d8ebbce1a,RuPay
bba3984f-0527-4e32-864c-71c284222ab4,netbanking,5d813c928fa21424,RuPay
4c166c7d-7e89-4e67-b046-48f6bcd2968b,upi,f3dcdd3900384987,Amex
cb5b1bb7-e74e-45eb-bd44-1a8711885be6,card,7cce5b26e50336d2,Amex
c4c718f8-3ae3-46dd-a28d-ca6f974ce66d,wallet,6f54f92fb7a6bd72,Mastercard
33336dcd-06ae-402d-8f10-954b3e1e1ac7,upi,3028099b9380d2e4,Visa
23595a4d-13aa-42ce-8e15-d27be52b99c5,upi,4fba3408b4ae3243,Mastercard
30f888cd-9317-4ec9-86ff-ec94b9f5ce07,card,a3148975f00e3bd7,RuPay
7b77c207-3d6d-4289-ba9a-a03f370deccf,upi,fece1ed34f4756db,Amex
7d01b15a-056c-4cb3-99c5-8bec2f4baa88,upi,cd7ea1849c249234,Mastercard
c5898484-0b19-42fb-9317-556c1d870ed7,upi,7a3ee4779c20768b,Visa
ced3a0d8-446c-4e77-a105-259f814b73cb,netbanking,39ded7eee04bcee0,Mastercard
d21644c3-0580-46b1-a0c9-e28d50e90018,wallet,7e7e83e023ed667e,RuPay
d2f61e7c-40fe-409f-81b7-370688097add,wallet,5d8796547ef8ddb5,Visa
38eeed82-1376-4914-984f-b9ef1de7f6fe,upi,c423986880ed2d31,Mastercard
2bac70b6-3e88-48aa-8e37-c01974056a65,wallet,bc4f9b01a3d7e15a,Mastercard
b2b1d53c-7a02-45c3-87e7-6b80d40e94e4,wallet,b36ab8dafba19e89,Amex
e40a7a36-6047-488d-ad0c-139557ff9417,card,abbf9a920f060949,RuPay
de344707-94bc-4de3-b1c9-e78f7a4bb535,upi,a85cc534f53cad9d,RuPay
91778816-7880-4e93-9c9d-9574c1d105a9,card,56bf9734ae4438fa,RuPay
a6b5626b-854d-44cc-b5d0-a2e16d0e7f53,card,e4ccc52937d397f5,Visa
0e67e7c8-88f0-49a8-b28a-62c52e8401d4,card,1f7cc612e9ca29f9,Mastercard
d5e91080-1596-4891-8564-9884b70a66a6,upi,55f02181cbb6590d,Amex
5b5c8ef1-3399-4f80-a6d2-e501a7275c8b,card,8c9828c96908a4e3,RuPay
5297be3c-20da-4d19-a707-1861a280376c,card,f342ca85dac817bc,RuPay
ccaee20a-fd5e-4c09-9994-5e753c88c3e7,card,a3c326ae721b3475,Amex
aa853c6b-9387-4e4a-b748-15647d7b7b31,upi,b49c32f5e728df43,RuPay
4c869f0b-f6c7-4308-8f59-14aebac38492,netbanking,7d76bb1033149cc3,RuPay
c2bbaba2-76f8-4724-b8bc-52053b847d7a,wallet,6924596fc22f0e0a,Visa
d05ffdd2-db8d-4301-9a11-a36e7d80e9b8,upi,6aec5c49f40c670c,Visa
077bcb6d-a06b-4a5d-b88a-a5e08b9904b0,card,d9a29a9cae101337,Visa
530b709e-e8f9-4e05-94ed-f7c95cedec4a,netbanking,c3c26df054702696,Mastercard
d9b38e9b-214c-4287-961a-c997658b54e6,card,f55f1565f3d5794c,RuPay
17f322d4-b17e-4048-a72a-c56cfbac53fc,wallet,0351511c7213b637,Amex
141782ee-6834-40ee-9f43-daaf14fc9a6b,upi,dd4f5b464dd25f40,Mastercard
fe7349c8-fcc6-454a-91b6-1fabd9640400,upi,b3200068f9fc1267,RuPay
41f1e944-f3d2-4dab-b524-e8c4ed209ce0,card,65dad1c3f774c39b,Amex
bea658b5-235a-41d5-8bc9-a89cf04c6b5c,card,8a52a08aee671651,RuPay
8514fac1-1a55-4d8a-b882-29d0ed2d319c,upi,5590049ff9a012fa,Mastercard
05c9df61-a081-48ba-ad28-cb7809498bec,upi,236071e5e8ae930d,Mastercard
3b05a546-0b88-4123-b5e7-f9842b4d8a47,netbanking,2a210378e2d0a834,RuPay
7850e102-2ef1-482e-a582-f1e108183604,upi,5013c4aa51d9c10c,Mastercard
9bb66ee6-fb02-4590-89ba-3ffafff29dce,upi,eaeed2d84dfe2ef5,Visa
a1676661-951b-4500-82d0-e76ac508c1b0,card,7b1e7933d6643ea1,RuPay
a1f4f75a-981b-4e68-ad1b-a2ca5d24a60e,upi,dbe7383ba124bddf,RuPay
536357db-d454-4cf5-baf8-1f7793b35428,card,4b4f47c8b0cdc223,Mastercard
f6b219a5-1948-4583-80ae-fb061f84ac90,upi,cbf25a67bb091908,Visa
5bb96675-0464-43ae-903a-4f05c84c35a9,upi,aa1ba87a999f72b5,Amex
9fcf9d16-fbee-420c-95c7-fb0f0356379e,netbanking,528b12584628f613,Mastercard
50868f72-8621-4858-a21d-39a6b7759e29,upi,c75d741ae7512ee1,RuPay
1aa6c7c1-2d00-4029-9d92-5284da91c942,card,78c61d9cea09d3ae,Visa
bedf4591-7978-4636-a223-40a3407f73e7,netbanking,dd10ff0a9d031876,Mastercard
98dea230-80a1-4ff8-8641-f0b4f4de2227,upi,e02086b504056b6d,RuPay
78fd497a-2270-4324-a9f1-efb2df5bec6e,upi,c6d3e4c653a9ba18,Visa
bec45af9-bf83-47ff-8bcf-10eb19e39c70,upi,c8df89fa57c6452d,Mastercard
16cd0ed2-1676-42ff-8196-d701e0341e1e,netbanking,2098c74752dd644f,RuPay
555c934a-c8ed-4c0e-bfad-09b1f414590a,card,d3ea9057bc2cd8cd,Amex
ee34ee28-53b7-4b41-bcec-1fb063b6c956,upi,fa13de5de3ba671a,Mastercard
3efa36ca-7b54-4ac3-b2de-8aadf51cae9c,netbanking,920f9102a73b9617,Visa
3d46b186-8060-4833-b665-d871c03226fe,card,30a80698bd7f0d90,Visa
ccabb932-93c5-4e81-bbe4-25b9f53b98ac,netbanking,35caabff4abe62c7,RuPay
f6f9f84c-87c9-4a6a-a8aa-087cd37e8db1,card,66ac0f5a1bfdeb6c,RuPay
830e59d8-4fd9-4ac0-8b15-899837124d62,card,0e69af11db0599a2,RuPay
d04a72a9-f76a-472e-8243-596f5f313506,card,9fcf05745b48d474,Mastercard
c5527f53-1a62-4c23-befe-851a603afc5e,netbanking,3d5adc91b67ca1a6,Visa
647c50d1-b254-4d17-9135-13bba4c85de0,netbanking,19480998678d5d69,Visa
96509562-b245-4d13-84bc-591ce10c873b,card,0acf9a74086f543a,Visa
94d26a6b-f718-4ba0-9ad7-31ba31b102ed,card,82e934703edb8ff2,Mastercard
3db548f7-4fbb-4b78-a734-755bbb4f4b98,card,4d2e1db7db702154,Mastercard
8d8554d3-a937-449e-93d4-bd2a8ef6cc97,card,c3bee3739bb12cdf,Visa
d813cd12-b0e9-4247-9865-b23dbbd567a0,upi,a7e63c917c471876,RuPay
70f19ec7-b591-40d4-afec-f85035f73179,card,63d0a1ce1e663e4d,Mastercard
9f55817b-b2a7-4ce4-beff-30e83ad7bbdc,card,645811c97b2b9fdf,Amex
6b2d2896-9077-4fe9-900b-ead7884cd7c2,card,cd080d4eaf78ddc5,Mastercard
9589bb13-9d18-47ca-9131-f45203d2cb9a,upi,1a42ff65c9eb1a9c,Visa
2e11577b-be12-4e07-b9a0-42225d139925,upi,9ce33ba5b5142442,RuPay
8ef5e2a9-ecbf-42e8-8065-007c2f1228ce,upi,e651c10cf324dfb2,RuPay
a373e169-9c56-4fa9-b6dd-7f17c066ab85,upi,a39a9828f34c2875,Amex
d7869ba2-c61f-493f-a272-22e9f63f76ac,wallet,61d2155fc9ea2d9f,RuPay
8c60500a-a059-4ed6-b54c-6565d4e468d6,upi,c40d341dc681e076,Mastercard
1871c743-018b-4638-a546-8d7c1a9ad300,netbanking,ffe23b120eaf9a07,RuPay
39c39817-7366-44ab-a48c-dcfea3c93749,upi,20f5d85c2e5dc319,Amex
14a6ecb5-da98-4297-8fe8-94929bb291f8,card,36fab53c5d88ebd0,RuPay
a0983c52-3d2a-4643-b0d2-f91c9591f774,netbanking,bc51319fc1674846,Amex
d2c73535-2da6-4528-a62f-3e0abd069041,upi,ec56ddeabc5d35c4,Amex
4f2f449b-8980-4180-a63a-5c0bf6a906e0,upi,ea5d5c7089a88818,Amex
285ab9e4-67f2-4b28-b3ba-5aa408d0dfd5,card,4639c4cbd4c777f3,RuPay
37f90d53-1907-409f-bc18-dfde0e4c5e18,upi,7398246048b58c73,Mastercard
844f3079-6c29-4b9b-b93c-862cfab343de,netbanking,9400c7610b707121,Amex
9660da51-d136-4fc2-b293-1470f55dfd6f,card,515c6d5016ebaba5,Amex
69f401e0-f8c5-4d4f-8322-3edc0955e3c4,card,a07236cd0782f4a8,Mastercard
859738ea-f960-4146-ab6d-1b99b7df6d94,card,904f1ba78e2972e5,Visa
292b4bf6-ae05-45b5-bed4-2823320eeea8,upi,d45e32f6d13519d3,Amex
09305b95-8dc9-4a8e-af91-d4d69d5ee776,netbanking,9b622b968ea1372e,Visa
b5b26f39-bd0d-4bb1-9ff7-3ae43d5b4116,upi,0f52736d75a128a7,Amex
d3776017-f942-408d-a0ec-a771eb730b4f,wallet,c8f6adb4a0cbcf2a,Visa
1b100705-ec06-4d3b-b9fd-4b87afb840b4,upi,6a5055736072c3a6,Amex
b61e51c7-b071-448b-8ef3-1ca8d661121b,card,97c729e21a461d75,RuPay
bb016e37-a58c-4ae5-9d93-e185f329fd48,card,7d744d9b00a0f6b5,Mastercard
6deb8bb4-061d-4f56-9045-3cb89863be86,card,c4c9d2cf52ea3eb6,Visa
9b30205c-1395-47bb-8b3a-bbf6bb8d4006,upi,1555f5a20d2223bd,Amex
ba2eb3c0-6335-498f-aba7-9caaf5a80aa6,card,766e16917220bf02,Visa
66230648-60b9-443e-b7fc-b62b6c2d85d7,card,27bf4b329c982407,Visa
5eff80d7-f9dc-4f05-b436-9aa14da621cf,netbanking,0da465cc51baf626,Amex
5bd11ba3-6721-47ca-a076-646c820cae7d,upi,35071349b2762331,RuPay
fe9efc63-b613-4c29-8e3a-438d90cfc18b,card,4aa3f3d0a687d2b7,Visa
ebdcebf7-e851-4287-b2d0-60365056ee7c,upi,ff2a3adf5495317e,Mastercard
47b18cd4-c7ab-4578-bbbd-961c3c98af1d,upi,aa4804555ee12ee7,RuPay
50be2422-d336-44ec-ac79-1b302277286b,netbanking,52c43756f18ce4e9,RuPay
ce52c02b-ed11-4e7f-8870-2fd18cd2a8b6,upi,bc2c00b28d578123,Mastercard
1501f1be-1b41-4139-8312-f580abfcec6c,card,fe0a70af602f50a6,Mastercard
7c53fea4-bf07-48bc-91fd-eed2ba3c2689,card,a7bba418eb0ad862,Visa
203b98a4-2c2b-4120-be9e-05db11fb1771,card,44d2d32b6435517b,Visa
c2c554f4-882d-4a1f-b360-898aee02599f,upi,695cf0af8587c8de,Amex
e8a254b4-59ab-4537-8d0b-a275a929b445,upi,35513c06344ca0b7,Visa
eaca6e61-2a49-4bd5-98a5-c0f4c453bced,upi,a41a0fb0499bdb47,Amex
fa7668de-30c6-4697-a2d1-d79ac78b04bd,upi,2bf03ac33682cf90,Visa
2df4d72e-ceb8-4d02-b87d-b2bcba04ae65,card,ece6b72afa31214a,Amex
68c6b743-efa6-4523-96cd-361e700b07da,card,09332da60963b66e,Mastercard
710985b7-a61f-40c2-99c2-6eab1e9a16ce,card,85825a38c4a53ac7,Amex
e5b2864d-3ddf-4ec8-89b8-bcdede3413d5,upi,04329b248bd88c74,Amex
900e49b5-d8dd-4fee-8890-07a8a44220f4,upi,b986728b64be2b7d,Mastercard
fba99f3f-cb51-44e4-a315-0b02e02510c1,wallet,b945e73ea3871817,RuPay
7d088843-d75f-4898-8a6f-caf6e7743f5b,card,6b8c046e87a17723,Mastercard
b1802b6e-a59a-4890-a5a7-6b87aadab729,upi,96b4e0e034a368c7,Amex
305d8747-b6cd-4b3b-a796-8d3a6fc99746,card,63f72d1a0b67e568,Amex
3adec158-3c50-410f-93f7-271ddeaddb2d,upi,8e4204a96a94e49e,Amex
90745330-7151-41b2-8e6f-63920141241b,card,2c76f81c1562cf53,RuPay
943ff7d0-7ae5-40fa-9652-b96747d76621,upi,65437adac4261fb1,Mastercard
d77e4760-8d79-4bfd-8cb6-f9ef661a002f,card,0741e123684a0714,Visa
0b4c8cbe-46f6-440c-9d70-e366f53323a7,card,2b324ae5b6c7fdbf,RuPay
152153e6-0727-41df-98fb-fc903172afa7,upi,fa326104e37e3c0b,Visa
00604a0e-8591-4379-be75-dacf478b15bf,card,f5c6f64ea0958cd0,RuPay
baeca553-1089-4a2d-926a-ef5dbdf50198,upi,79082474b9b7dba7,Amex
00750fac-e0a1-4df4-888e-1d1a4e210fc5,card,3a7734fe06b3e701,Visa
05b8eaed-a4dd-4ae4-a43d-98e88a01f8ea,wallet,f1ac0a3249559e5d,Amex
e7e1453b-a120-43b2-89df-161667652fd3,card,e962551bada11db6,RuPay
c2e81264-a68b-4e73-8110-230575612275,upi,f13f075e182862a9,Visa
b6d1c3d7-4047-4004-8ed2-8f8e1f8445fb,netbanking,88f798b1f352df50,RuPay
a0943b3c-f3a0-4811-b102-d5ddf405afa7,upi,02b3f662135cab65,Visa
61d85abd-b48b-400a-b106-20e04103d9e6,card,3b0a3f0dcec17aaf,RuPay
e60507d1-d7f7-4c54-9b3d-9e58448978fc,upi,93df668a93f135b5,RuPay
f29d14f6-5fdc-4467-8898-957fd7d7a9ec,card,2cdaaaf1824daca5,RuPay
d3d05675-2a25-4bd0-9eb8-ff751c9c310b,upi,5d4fb61b11ee5d31,Mastercard
59872929-939f-4133-9c7d-c62104583539,upi,4b73df6fdec85d31,Visa
0becf5a3-e676-4213-9a6b-f2d9a712ebae,netbanking,87e0afe37fa9bc23,Mastercard
d64222e4-56cd-4488-9efa-149080a3d8fd,netbanking,33cb76c52f19ffc2,Amex
fa47611a-7e72-4086-a24e-dc24a592ea1d,card,86a239514abd7ad9,Amex
275860ef-08d6-4074-a14a-4c8637f3ba94,card,c530058f9e26f3ba,Visa
a7f53213-769b-483b-b3fa-cf847982d2a1,card,d2d25c60441b1888,Mastercard
2858ba51-82a1-46da-b754-4ad7e81e8429,upi,d82fd01c3b3f1547,Amex
537d18d4-7501-45b0-84a4-7a1c70339e23,card,dc39355159022f88,Mastercard
df4762ff-09f0-4753-b803-86b2b91de122,upi,19a07193b19a3c75,Visa
796f805c-03d5-4022-9ee6-396b95d377c2,upi,72a95c8d14fab489,Amex
6f0787a6-1a87-4984-91f6-a43d5a862f77,wallet,0ad620ed08de41bf,Mastercard
b745a0ec-ccf8-4d46-8479-45c4b8324b78,upi,63221f5f58c2f0e2,RuPay
58527e05-f1a4-4d86-b648-31a2f38ec4a1,card,4d3bf46de5b5b2b5,Mastercard
5ac3f078-1111-40e3-ba70-3e965950a40e,card,3cce23d6929ebb13,RuPay
edc16f97-7f00-4859-8e40-fa8456eabee4,upi,01aadcb4a1089572,Mastercard
55c544c7-2b2b-421e-a59e-f839e5aceb65,card,cf51497e609ba1fd,RuPay
837eb561-9c12-47a2-9396-972e1319f92a,card,cd3152ab74af3b72,Mastercard
d067abd1-e87b-4d7d-a61c-fd4181001fb8,card,30b4a984bc1ae03e,RuPay
c0eaeb98-d049-4541-929c-fc2ba8d2cb13,upi,30a952ee1096a74f,Visa
71606dfa-8eaf-4a34-8578-35ee295747b6,wallet,227f3a552299a537,Visa
8dcadb70-779d-43aa-9666-7c7589f42422,card,3bd2dd200ac9d439,RuPay
0210b550-8dc3-485c-93fb-db0b647c7457,card,0e5118df7f24a6e7,Visa
af0a0ccb-f7e9-46cb-b56b-cc6af222a886,upi,4c680a416c3518ba,Amex
3b401f34-9fba-4320-b1a1-0d1ca3dd0ba3,card,5b3ff0ecda616496,Amex
169c11d4-0b70-4382-a5fd-c466fdcd3798,wallet,fedd90502260d30a,Mastercard
0d3b1372-c309-4a0d-9d9a-89b95a35e035,upi,830c6e6adfe92c7d,Mastercard
7a449f9f-76e6-49e2-8855-a8e654d51220,upi,bd497ce62dfbc0a2,RuPay
81b16b26-aaa1-4d02-bcb9-5d1358d85dcd,wallet,65cab50d9c30f6b8,Visa
99201143-8e66-4138-8129-903c19223e87,upi,1feba21e9c3a9f39,Amex
f243fad7-0141-4181-82ea-bc5c12e66faa,card,8e9cb960ae701659,Visa
b222e55a-26b1-44aa-95bb-8872b96eb004,upi,66b3ead33e09f418,Mastercard
9d39aa7d-a72b-42fc-b302-79ed92e1dd33,upi,f0398245ea6341fb,Visa
1a0a9837-ff55-42fe-b0fe-cac706adb75e,upi,94cc54b933c721fb,Amex
e647a992-0334-4b3f-b879-3b52e65ff188,wallet,25173d6c48997a2e,Visa
33c9d360-810c-47af-897d-d56a42f6e341,card,12048ce822aff1d9,Mastercard
51c94c1b-2568-437e-a73c-05323b3bb380,upi,2f5468f7fee269a8,Amex
4badfad9-22f1-4838-a2ea-154563a05a2d,card,931a82571504d62e,Mastercard
43d81754-748b-49cb-81c7-53c0d387b5e3,card,1cbf022c51fc4068,Visa
081a9b5a-cc0b-487b-8c76-bcec2a52967c,upi,f50752f530b68629,Visa
211a1fbb-b175-4a03-9a58-facad90c2cb4,netbanking,0d8f83afbc61bb80,RuPay
2f0e0e95-5629-4fc2-8a74-5ff4c76b180e,upi,ac7f13fc58fb2acc,Visa
7ce04714-35ed-4ac5-af53-e65bbabd8085,card,bacde02aa900c53a,Mastercard
fafa1e31-15ac-4854-b1ab-f53caafd0a0a,card,dc99053837f865c2,RuPay
1108c6f1-d2a9-45f0-b68a-007cf7204939,upi,9bfa484b4e44f232,Mastercard
571a1a48-4811-414e-b242-d70a34a9328f,upi,e43b3ca373495487,Amex
60a4d375-9a88-493e-b78e-16343f2a56b3,netbanking,3ca3f0ce5c0b96f5,RuPay
bb0dbf2f-039d-420f-b8a9-ebf404d5a986,upi,c0ec375859d07612,Visa
cace6d91-4362-489f-a539-cc5994091fae,netbanking,d7934b5383f1025a,Amex
dd9c7d76-5b12-40ae-aac2-dd0b6fabfd86,netbanking,04027b7f51e5e959,Amex
ce434652-7782-4d9f-a69c-a530b00264bb,card,ad697818f24147ca,Visa
ab71f281-5ed9-4350-8339-34e2978c2313,upi,407eeea63caf2dec,Mastercard
e8bb5120-c08e-4662-b665-4fc92db1b081,upi,5b0e8ca0fabb65d2,Mastercard
db26ef00-891c-43e1-b1f3-b2abb1d40b8f,wallet,d85a94314cff25e5,Mastercard
077064ff-de39-49d3-9e2b-e192cc92db64,upi,440c649897ed424f,Mastercard
7446d3aa-2b36-47a4-9947-c0e2680e0b7d,upi,4fa9f42cae1986a9,Amex
18c716f0-50b0-4a1b-919a-de1b22457104,card,b547c988cece4cfa,RuPay
350f6971-fb52-484a-b92a-4e8a6661d31a,upi,2ce9c59342bbab20,Amex
54f1c543-621a-4da4-b954-034362b5437c,wallet,58e290cffa910b72,Mastercard
e342e9f4-88b1-441c-9736-8e23f04ca107,wallet,d228ef40a5284787,RuPay
a748277b-209b-4d18-b2dc-05cf09167037,card,60c264bffa9ac025,Visa
58a56cd3-f464-4e88-ba87-4364e396ef02,card,8bb121b9da6f15f9,Mastercard
e195eaaf-784a-447e-a90a-beee646d68b6,netbanking,63053dae7b722258,RuPay
46f285d0-f413-4934-a741-540383da28cf,upi,db4f18defa843b1d,Visa
986aa433-b36e-4f91-a870-98303b7c3d21,wallet,16e544fa9effe2a8,Amex
49afc33a-5519-41c1-9e8d-ce3db60d32d3,card,524ab7f3541a1c94,Mastercard
48002ba1-4749-46f7-93a2-42b4ce69d989,netbanking,c4a222c3a45a540e,Visa
0b508595-f36a-4689-ac88-a03328e6395c,upi,705d705a3b0b4905,Amex
fe6e43ce-84f7-40cb-aa8f-d6ba2eb3dde5,card,9afda78bf1d09858,Visa
c85cf33f-b80d-4109-abc2-1957cea265b9,card,328af63531c26a89,Mastercard
d7f98c95-3d8a-429d-9f56-64b1043df27b,upi,e3d1dc8b341fbb71,Visa
3247534e-33d7-4c5e-a4fe-3b287abc1260,card,569936a127af99ae,RuPay
87d661cb-d1ef-4d80-b8bc-b0e907da7303,netbanking,4e000e92fc725a2d,Amex
5e3ead45-ddb7-4233-8dc5-b5c0d4ae1b9d,upi,905d6cb06e3903be,Visa
e6bf0575-78f7-44ea-b881-92a0665ae303,upi,bf7b5c37fd4f8bb9,Mastercard
3d0f37de-b375-435c-ae6d-c866c0a596e0,card,1c91e8d97c520bd6,Mastercard
1a69ea85-08cf-4b82-b8a4-81d27420b4b1,wallet,2ca12c0e282f7b20,RuPay
76922fcd-6cb0-4f96-9226-c87c925f0db3,upi,171a9d371eb9dd87,Mastercard
0c1f5887-0a8a-448c-8231-b17910e0feb1,netbanking,3cf282a76e5a7368,RuPay
ebd53830-07c5-4d85-8966-5b14d3200a17,netbanking,fd28b71c41ad9175,RuPay
2e9f0fdd-59e5-42c8-b4ce-a289cfc79983,upi,649bdb00f491fd4d,Visa
fed0e140-1c02-486d-b162-9ae8661dc9aa,wallet,910adf502840ae07,RuPay
afabfce0-a1d7-4418-bfeb-4a9cd4408c0e,upi,13fbdff5dc416e66,RuPay
a1f17cea-5694-4e65-a5ae-7c3915bd65c0,upi,b70601fa70d93c95,Amex
f3dc8d9d-9d3d-4f0e-8474-dbafc0e56cda,card,87861b4bd446613b,RuPay
b9c4d381-433d-4d71-bdda-f530446a527e,card,ca3401e4aa9950e6,Amex
7d634464-d5c0-4a07-8538-3363c0386cef,upi,251ba5f842a9cce8,Mastercard
85a92872-540c-40b5-96be-69725f6d0c5e,card,1a01305ebe18d10a,RuPay
b9ff8338-5079-4fc7-b0f4-2e3d2f1b1473,upi,7e948cbdc1454f56,Amex
7bcee289-d74e-427b-97f0-e58c9a3b1fd8,wallet,7fa7023687c494a0,Visa
352a6d33-0ef3-4faf-9f86-c5b7239a6f93,upi,3080f2e3b9190332,RuPay
d26024d2-1f14-40cc-97e7-14719c5c1fd0,card,3d048bd0867a072f,Amex
01adbab9-80d4-4da2-851f-8129fe52ad37,upi,b4f04310b0457b2c,RuPay
cd25afd6-acf9-4259-bd3c-a661273ca159,card,106764adf7b6250f,Amex
a3743a55-67a1-466d-899c-9990ac3fde65,netbanking,676edbf14a1d6d0a,Mastercard
0cb6ab7b-23e5-4b09-960f-751a0467de2a,upi,ff30f748f7914575,Amex
0a43a975-334f-4f77-9108-deb6d299ebb7,upi,1e8d970bae397ae2,RuPay
9f59865e-e0bf-40ef-b8a7-46efadf5e0a3,upi,44ffc9cc9d4e5afc,Mastercard
41eeb7f3-b3f8-4cc1-a5f8-58cd6e525140,upi,e42853e820a29fff,Visa
f7510afe-d8c6-4960-aa2d-e8ed2d61a2d1,card,e019ef4544c3e34c,Visa
12fdb00e-3cef-40c6-889b-e808b7a01595,card,9bc13956dc0bcca4,Mastercard
96daa852-4a44-42c9-99f2-2cfa5308b517,upi,41c18105a27937d2,Amex
fcdedb5a-61ef-4861-a67f-b77f2c81918c,netbanking,b480784323291674,Mastercard
de18f8b5-4f3e-4ce5-b608-7de5d3681468,card,f5e8e4a3e1cc35bb,Mastercard
9dcb82fd-2930-4cbc-8dc8-bc0ee6a652fe,card,5de4f1f0d1960edf,Mastercard
25d83095-356b-47c5-af55-7be939c50ac8,card,94c8ae9a125d2f76,Mastercard
5deeb438-315f-42de-a8b6-398859ff49e1,upi,aa27b367a5eee36a,Amex
89d3cc62-1ad8-4184-89b4-df7caa4c7466,card,e0eab74f13bd9848,Mastercard
8500704c-fea1-4661-8510-46df97d8f0b4,netbanking,168178e9683dd1cf,Mastercard
c9f5d677-748e-42b8-b59e-ecbbfda4eee7,card,2e43189cc33263bc,RuPay
3ebb28a2-e325-45ec-bf0b-739f1157db97,upi,b1f4cf2ee9c13889,RuPay
3379607d-4b54-4160-8f62-563b8b69de98,card,f9bb0534c03630bc,Mastercard
cec679fd-02ea-4cd7-8daa-6aa962979df6,upi,76bdcaacea52f561,Visa
f5ed370a-4845-4002-803f-089d3dd26741,card,c62725b0f935db15,RuPay
00ade739-ed57-4f1a-8e03-f7f9503b15aa,upi,b6cb5d0721ece00e,RuPay
cc07d3ec-47f7-49b1-b61d-aa7107263dcf,wallet,8be72aff6d573b5e,RuPay
92bcde30-716b-48d9-9e12-d83775791d75,card,d1a69827d53e420b,RuPay
5c1013fe-08d9-4b3b-bae7-4f1021bd3c61,wallet,a1adc65d2028d167,RuPay
262e4437-c813-4b47-967a-b854781c386e,card,6f965408b48d7cea,Amex
678e2d38-3e6f-4038-ac7f-67f5f90c8b12,upi,a83a3f613697c8ba,Visa
68f0cf19-d273-41d4-a6e1-c451f2040343,upi,eed05bd613f0bd86,Visa
3afa3219-1b95-4774-87b8-60e20b2f556d,card,3bd35c251759a01b,Amex
de036ff6-1e77-453a-8c71-1ef0fc165630,upi,a1fa6a1fdb84a390,Amex
70e40620-f383-4247-8c25-21b8ab64e101,card,1c38c2056b8c389c,Mastercard
e7edb1c1-189e-4f43-856c-1d8638896de8,upi,598e3ab63f4f53b8,RuPay
b805c217-43a3-4244-afe7-277aba6191d2,upi,4602558688bc1190,Mastercard
4aec2c6a-1b76-46f1-8825-a6aa9d74210e,netbanking,fbd56c4571c0da94,Amex
1addae66-5131-4ef7-b8bb-53b208399831,card,b95ae44b3ef0acdf,Mastercard
f7b04619-728c-4116-a493-625d58390475,wallet,b821879a9a56a543,Amex
bbea6fa5-f1ac-4720-972d-23569e0e5a7c,card,dbe371ed2d4505bf,Mastercard
369524a7-1296-4317-8e7a-d11f4fa5fc72,upi,347444ff6f784baa,Mastercard
8263d58d-aba4-4888-bf39-4f991efaf67b,card,18d5e5a44429c16d,RuPay
300eea8c-94e6-436b-947c-97c2bf8e3310,card,a7800dc5bc692377,Mastercard
64f5f443-b306-43a8-a070-1bfd27b2d492,card,cb292d2570e5e9ce,Visa
38b96db0-6219-459d-9964-7d5184476561,upi,5fbe197a1c01536c,Visa
65617e7c-ba44-4489-bfc7-1a26ad43795b,card,ab705fa4f87f58fe,Amex
95bc49b2-0ded-4c57-a020-67543b1f6d0c,upi,a6f1d46f584dfb55,Mastercard
0b8397b4-ce07-455a-98b0-382befda408a,wallet,a1d6d3ab78c66ff2,Visa
73a78aab-bdbb-4e34-bdeb-38148511d57e,card,e27579c6817d96e5,Amex
997f26d5-f164-439e-8f0f-81f9e5d0f662,card,ae567e97e5ee2885,Amex
bceac7ae-dc66-4705-b673-8d7af4e5e73d,card,5a2bccf561c8fe41,Mastercard
86550441-fdf0-4669-a240-cae8b6a46bfd,card,b93cb20ae6240e28,RuPay
89989d5a-c41b-481b-b706-24562e26356a,upi,26a4e26c1103b52b,Amex
46750900-bebb-489a-bd49-e0984da1f5a2,upi,ac60208cec79f546,Visa
589753ef-4329-45b0-9dd0-5c54edb76828,card,918c14312086dbfd,Mastercard
294c5d73-1128-4d57-9c01-bc1bb6df03cf,card,1c8cce42c57fdd85,RuPay
f213dd4b-a965-401b-8fd0-142c0c63b283,upi,37dbe8c56aeeba30,RuPay
c237144b-8b83-4599-99ee-75b508aadc70,card,b537f37561c9efa5,Mastercard
a5961699-fe9e-4d52-be30-07adf2514ed6,upi,e9ed565b75e39478,Visa
30559380-6692-4b3c-864f-bdf798a10149,wallet,660736be7255a650,Amex
106eb583-0298-4f20-bb61-46f3f7d590af,card,bfe880fc6eb39e87,RuPay
2d5fce2f-ff98-4ebd-9b9f-d19a0571cbba,upi,803bb0bdfe1c9175,Amex
a2c256ac-c9bb-4b6f-b5d8-8effd4f905dc,netbanking,59a033de3c2d2312,Mastercard
97d6a3ce-a380-45fd-a573-1ffee6d5b11b,upi,470fdd29a3c45527,RuPay
b28950fe-87e2-4f98-a65d-85746e9b2ac3,netbanking,e033d36a2b34bb23,Mastercard
999a1d76-778c-4d0a-b2c9-9fdcf1c49f75,netbanking,dc4357910acd0ef4,Mastercard
a6cd6c11-d7ca-44a6-aefe-ad4ff5de94a5,upi,bbab7814da86b1a3,RuPay
d21b2778-2dfa-486c-9a12-08c51fd0a608,upi,092e43a7958fd345,Amex
7a607fc4-c035-4fd5-a079-688e58cabec6,upi,d35477424c22da1a,Amex
380f1798-a428-4273-bf22-b7ede8dcc980,upi,d9213fe288220e9b,RuPay
285b19e2-0334-44ba-b30c-9d2177fb7270,upi,6bc5986074a3b3dd,Visa
7ea6aabc-337e-4a13-919c-e9c7c3ee4f96,card,6372bbcb7f5ef533,RuPay
90e65007-45d2-4cbf-ae11-eba9233a692b,netbanking,2b402092d6d6c351,Amex
66f55b28-09e7-48e5-8ab2-e42024d03390,card,baa5da964a187580,Mastercard
d573f913-7058-4650-8b0e-3634bd68e515,card,ff7fe90f3b91e8af,RuPay
f7f1c916-ad73-40cc-9a5a-25786cf60646,card,346d0deaf47a4101,Mastercard
1e7524be-1079-405b-a49b-1a143fcb02da,card,7c392ba9129912d8,Visa
744e22ed-94a2-4dce-8d9c-67b1aa0bf47c,upi,23f360a1f5e6ea1c,RuPay
fcef31e2-c7f2-47fc-b7e5-346a4b53032d,card,e48dfa4a873a8b10,Mastercard
f5761ddd-99e1-41a4-90cb-e945bcccddbe,upi,5af0ebd8db5b8694,RuPay
c9939d79-6e1b-461f-8935-dcac9fcb76e9,upi,57ffe19fc5e8c8b0,RuPay
1d03ff40-55aa-446e-b91b-7c423da83b39,card,7c6275743eba53e5,Amex
ea85f454-2868-4a35-861b-4d02415739e4,card,5a0fb7afaa1bfe18,Amex
4c55ea54-ce6e-4567-aeab-905482e0b9fe,upi,b8e00f89a30dc5be,RuPay
fdb68287-0f37-4aa1-a4f3-b31c3234fe9e,upi,eca192a7c971cbfd,Visa
8f24fbe9-56d3-45f3-b4a6-e3e26bb4eb7d,card,665c5667a6927e12,RuPay
96276348-6d51-4b58-be6b-842c311cd833,card,11ab25115fa7b7da,Amex
3ba448b5-0748-4eb2-890e-54dc7a056400,card,adf011edcef54c01,Mastercard
9057f12b-750f-4c21-8ccd-731da833b1a5,card,40fa13bb7785966c,RuPay
4b83e928-f9de-4560-8d53-fbd18b3e7a5b,card,770ecc9e8f81ac93,Amex
96c45d3d-0b8d-4c75-9769-fafdef75be90,wallet,c57594e9bd00327c,Mastercard
aaf3c0e8-3e10-4ffe-9cb8-be9e77d4a3b6,card,c49e43f401d9048c,Mastercard
c56bc643-167f-42c7-bed6-fa7814bff5cf,card,3710a247537a742f,Mastercard
cc2f167f-406c-45c8-8b21-45ed3bb00798,netbanking,46ef9227815c8e5f,Amex
6567cc8f-ed89-473b-91d8-818b5ccb64ba,upi,5f7632d527a7e36a,Mastercard
a51f9d9d-0040-4157-96c1-88601f8f77b8,upi,f516f00b92e79b25,Mastercard
7468e482-254e-4ccf-8f75-12894d7975ca,upi,bc9965a8884e8aa1,RuPay
ef52b612-7298-4ffe-8680-a874e52d3c61,wallet,5e13a31abaa9c846,RuPay
fc203b30-2053-4c5e-acd2-6f93deac8c47,card,f7580ef9993d13be,Amex
55209e1f-f678-48a5-8307-2447b3c11f79,card,be750d5f9217e67e,Amex
46cda3bd-5c3f-4297-bc02-28dd6ad739af,netbanking,efd60623e27c613c,Amex
e55dc959-8731-417b-9071-6bbb0a7591dd,netbanking,0d9aa2b75de882c7,Amex
accd4413-2be3-4556-90ae-75a01a79ffd2,wallet,d4d0919d4ddf3006,Mastercard
d1193076-c36e-4625-a2d9-bfee80ae43af,card,6ac573ad2f6539b2,Mastercard
d55c8ebc-e9cb-4b1b-979e-f0b74328296a,wallet,c4af3f3a9c2bf001,RuPay
a9d249a2-44f6-4512-a8c5-2e349d9ac2b2,card,fdd7a94e235be639,RuPay
07b7c8db-ae6b-4f61-a678-867452e9c9ff,upi,4d5fae2d7f7b70d4,RuPay
b84460be-27c9-4e28-ab88-f73c75ef8507,netbanking,f5e7a7185abc93f6,Visa
65dcbe65-dc1f-4c98-ac10-6e684bc0023f,card,1911e2c2d4832ce0,Visa
253fa249-81eb-4b85-9dbe-7e8c0b3e96ce,card,f314ab7a7d267c4b,Visa
75a13f0c-1e68-462d-8e4f-1f84d5ce48bf,upi,3f54bfc968dc5857,Mastercard
641e65d6-e4aa-46cf-b3d0-4b1dc93be50c,netbanking,3f1e09a1461e3afb,Amex
9ff93b8f-a1a7-4199-ab85-46a41ff6bd78,card,c9954e13d2095e43,Amex
6f7c34a9-3936-4a6c-b41f-e3d40d950b38,netbanking,94a5dedc914e1515,Amex
683b0722-8e86-4c0c-9e57-439c219229be,card,6f7512e6b446f811,RuPay
b99f3c16-0b8b-4fc9-8d2e-333f5fe0fee7,upi,3a9f35cffd3f46d5,Visa
5b3dc3f4-8ea5-4e19-9f41-6bbe27dcea9c,card,e18cd735f1743ae9,Amex
8858f903-f3f4-4737-b83c-66b4106c3e83,wallet,10e482d54e951e58,Amex
ea5aab31-3366-490e-817f-483c87df0b9f,card,1e486442d28b3164,Amex
a9e5017d-48b5-46b2-880f-bb339967c572,upi,80ee995b37f8163a,Mastercard
4b731f5b-1aa6-47bd-ba2c-4c6a527a8ca8,card,bc568d5ed55baa57,Visa
7359cd38-6645-4c27-92d3-6622f700d73e,wallet,67b27f56c47d92bc,Amex
e1726cb8-e6c9-4e47-bd45-fa51a639ec39,netbanking,ad587cffd5a88ffc,Visa
f680bd34-2470-4950-a0c8-fde369491a14,card,b308c6e8efc942b7,Amex
f28a51f5-023e-4f53-8cf4-9cd9d2681c4f,card,34cb43011d8f4aa2,Amex
0ca08d4e-7020-4134-8618-ea38bbaedac6,card,d9b733096f2e6bc7,Amex
6a5b8d2f-96be-46c0-a80a-41b5aba49d0f,upi,af29074eb4a77371,RuPay
fc11bf23-92db-4db6-9f39-33f0b84a7c92,netbanking,a2f997d8dab94e94,Amex
f9fb56df-3a49-4b64-bc20-5537914f3930,upi,bb2f43e3929a8d0f,Amex
e0fe391f-08cd-4fd7-b3de-d67f5be89acf,upi,a66f4d4dde9d10fb,Amex
23f0cb82-d418-4aea-8ba0-2c0a0d07705f,upi,64f68900b53305c6,Mastercard
78cdc1b5-5d30-4d53-a45a-04314bfaa6b4,upi,8fee946a61baad29,RuPay
67cfb65a-0463-494d-bfaf-f33f845765d4,card,cc608644bf84b4f3,Amex
1d1f7d2d-a25d-424b-89d6-f7c8f4ed0c61,card,d7fefe01cbef5e57,Visa
67d5e23c-7095-4152-8299-b0181388c2ae,card,5e6f08b9be6419c0,Visa
cee0af72-0a34-4f79-b0c6-68b82d6de7c3,upi,085671dce82ddb76,Mastercard
d6456cc3-3cd7-4c20-95d5-2a0447adaf38,card,014e84fe28f929e5,Mastercard
25aeebb2-db3d-46b3-abfb-76fbd5c1a8d7,upi,91f01d595c3fcfb4,Amex
ee31f50e-f316-411f-86d7-7398fd1b7ac4,card,f2f5719d2334de16,Amex
7b7db536-20bd-47b2-a69c-f3a05fe1d070,upi,d7016748f40dcd80,Visa
37ace6de-6fa8-47a9-8f46-ca5ae32d4d98,card,f2bf1557c770d68c,Mastercard
fa09bfc8-fd95-4de2-926b-e2575ecc4e1d,upi,70063b6647f117b0,Amex
b08666a1-ed55-45f3-9005-d166b554257f,card,fe2875e8c7585d58,RuPay
8fc0c46c-8dcc-44f4-a884-42ca8ff22b3f,card,e914ca727a9b1542,Visa
4c1a0a6a-b2f6-4625-9c6c-e1de71279294,card,a4092be7f6ab04d1,RuPay
c5e13873-2ae9-452a-9c1b-e21ed81953d1,upi,19fd04e0c24f6584,Amex
26ea75b4-77fd-462f-8e88-2389ba2dc285,netbanking,c434f523f23694bf,Mastercard
e33639db-b3fc-458a-90a6-6966f19a8f68,card,95ed79c6ad94fdd8,Mastercard
707798ea-a6f9-4782-835a-fcbb3d67a079,upi,c7fc1d725ea2e84b,RuPay
e0e5037c-5123-429a-bf88-f30f24532d89,upi,df3c28b5e5b0d71b,Amex
f7b72b13-f2e4-474d-8149-95d4114e2cf0,upi,ba3f26092d5ede34,RuPay
783e8cde-1a46-4792-95f2-fb63d9e6b3e8,upi,9ae54d813130b636,Amex
04e0fae2-8164-47f4-b64c-1c517cd56c65,card,8ac8bfac37189ccf,Amex
b5a79420-2370-4a85-a7c5-5a7f7597a14a,upi,fd1164e803952664,Mastercard
e8b98309-57b8-4676-afd2-3e17742bf01b,netbanking,b949a6726b9c9006,Mastercard
66cb753d-2f04-4721-b796-5be08e6ce2e0,netbanking,5d77776964240f2e,RuPay
88fd5d1a-4471-4ef5-aa4b-22f8dcf4c654,card,3a76df9c939bceb0,Visa
537c9bf9-40c2-45af-b7f0-3b8580a05109,upi,d5d9b1d60e1d9d7f,Visa
a3b97635-3ac5-4946-a847-09d08cdc4702,card,27131f32dc8b4a77,Visa
1adb926d-3ee5-459e-9b0d-d2b08b5df2e8,upi,da5e4a034be7f4ea,Amex
6c56c04f-41b3-4fd4-a201-5e2e7badff2f,card,3091b4d0b7ced205,Amex
ccea93b4-9484-4ef0-9e2a-1cac215194f8,card,3d129dfba24ce49b,Amex
3003b05f-160a-4e10-8906-0d11d296c4fe,upi,83f3f37f46f3c6a9,Visa
477d300e-e3ce-4121-8b67-3a51a5834969,netbanking,26847906083306b6,Mastercard
5f4a5e2c-b0ad-4511-aedf-73dbd055e449,card,097d65edba9311e4,Mastercard
4b079aae-a184-4815-acf5-18b6611985e2,upi,b9417baad3a80c13,Visa
ff1df225-6908-4a9b-9619-da11e7114bce,upi,ce47875adabaf1a9,Mastercard
1982d27b-66e3-4dbf-8a16-f5f0c6d8e491,wallet,352ed15c18b77197,Mastercard
f7207940-84fc-4efe-9483-2c0b10dedbbe,upi,eea3d84e8ecda2a7,Amex
de6fe416-6d87-48c8-8f6c-2e1ad5251c66,card,c37ed6ca12c57388,Visa
f31d23d7-404d-40d0-af7e-a6f361ea50c6,card,346bac80eea7ee6b,Amex
447559f6-a061-41c6-98f1-dcd5c799a480,upi,0d6a7b41456d8b70,Amex
d6a9dde5-3eba-4097-8595-672d073fe36d,card,a78001f64573fbb1,Visa
b542f085-985d-48d4-905a-f996a412fd5e,wallet,8881ad4ce4556115,Mastercard
114a28ed-25e4-413c-a6c0-4cf73feaeb75,wallet,aa856a4c791aeb41,Mastercard
0700af99-3a59-4cbc-b184-355f9abeb9c4,wallet,36dc0c318b3285e0,Amex
39fbb5a6-d094-4fc1-b4a8-bf63864fa358,card,47667105cb695fac,Amex
14c91ede-3c61-4fb8-987f-4768202a7cec,upi,754917dad1401422,Amex
303bba68-cfea-46f1-b14b-05bf9fda7d7c,upi,1529a502760c599a,Mastercard
6486415c-e251-4509-aec5-328f14fa9b38,card,1b78bfc39dedd48d,Amex
6b2631d8-0481-4ee9-8408-09c7d2f8ac18,card,d9961abe6c2697ea,Amex
bc203847-2a27-406d-a998-bce8b113afd1,card,8fbf716b6cf85d75,RuPay
53b81072-6b10-4b0f-9463-fb8e0f4d1463,card,49ee09a58127fb77,Visa
f6824dc2-6255-421b-b653-490973f191ec,wallet,292d6880cd76b7e0,Mastercard
40f9fe2e-1983-428d-8c43-4079eb61b434,netbanking,9b9b08f2aa54d98b,Visa
d6b4c51f-d3c6-4cc5-aedd-3c185d11756b,card,194b7305f00752d0,Amex
5045f1b3-06d3-47a7-bacb-24535968c281,upi,a599fda7d2f3a80a,Mastercard
97fb38ed-a6c7-4028-963a-bc22cdfb2392,card,d0d06ac0d10a98e4,RuPay
b8ff34b7-ce81-44e1-aae0-3a8e1cbd193e,card,cdc2c3e93c0b182a,Mastercard
3a42528b-ab72-4e65-b6f8-74c6f10bb879,card,e83c85d5eaaa2f1a,Amex
a35d4db0-191e-4e55-9735-64ce3bdcfbab,upi,0defbcbef216ee5e,Amex
7b725a3a-53a3-4acb-b1f6-ad123a321e97,upi,43c587aad6c3711d,Mastercard
048448ed-6917-4fb1-b478-ce1c4b3748c5,netbanking,3a460c1fbd2f8696,Mastercard
6d1c14ea-ddef-4070-8bd0-cac8ff9cd72a,netbanking,dfa71d93b08e4ee5,Visa
db1ef59e-d180-4c18-90bc-0949cf1a73cf,card,614d4e0d8add2df8,Visa
0e118908-6a13-4957-af73-58a2c68d50db,upi,4d4000a668c4bd5e,Amex
52468bcf-7234-4ad6-ae67-f27fb129e370,card,54c26479e65f4cbd,Amex
2b1052c0-5117-4f7b-ab89-3147376ec34f,card,765d511715ab4071,Amex
b814c3d0-70b0-4d64-9192-9178b2dfbeb0,upi,ac59a86c38c18fe7,RuPay
b4bae48a-b50c-4002-9aae-c2ac48758379,card,1f3474f84cd9e98a,Visa
ee4dc330-4ec1-4bed-9457-ade2fb7651fa,card,496c05821390f82b,Visa
98c8e32f-822e-4dc6-b381-d536d816c983,card,81f86d692d4e7b10,RuPay
a2b05718-3c6c-4a33-9295-6d70aa74a212,card,ca256e1bb0e2ec2e,Mastercard
58dc5bef-23d3-4884-b272-45db62af132b,wallet,3e80e16ea0835880,Visa
4b306aa9-1921-44a6-a491-e41e7563b316,card,3442e0bfaad8e1f5,Visa
cce4fc71-fdb1-47cc-bf46-2035134fdc2f,upi,4e36caae05a289c3,RuPay
a18952ba-c796-4aed-8758-401b31d9cba7,wallet,a508ca7c71e2d18b,Amex
bc3745ed-e822-464e-bfee-a60019f2bf28,upi,02065228faf64b5c,Mastercard
55a7eb62-1915-472c-8d56-27514c432fb8,upi,89773d4243912e32,Amex
41becdad-6dba-41d3-a744-053b3ab22080,wallet,3b48253f4d4b6635,Mastercard
ba0bd741-6675-4a55-beda-13b9fb6ffcc6,card,a47cc79bc03486d3,RuPay
a60e1a24-be29-4133-8073-313ff7e943f0,card,bc2636caca03c0ca,Visa
260cc61b-b21e-45f5-9ee9-ca6cf3021c7b,upi,d2f4306eb2e1523b,RuPay
15f745f8-41b4-4423-948f-2e55b60ea0e4,upi,d76be2140677da45,Mastercard
4ed6f5f0-f9b8-4639-805e-d3a2e0e85e82,netbanking,ea3407645b04b1c9,Amex
c77da5d0-d138-4a30-803e-d1981b69bdc9,card,6c56a468b27948a8,Mastercard
0a42bea8-c269-4882-83fb-1913137db810,upi,018309e66a5aa7e8,Visa
8be1b3f3-bfba-4687-94e2-1de04d2e7ab1,upi,43bbeba8f21de573,Visa
6fbbbc61-55c6-455d-bc21-6e4ef6de943a,wallet,5245078ffdb706bb,Mastercard
d6096588-5364-4f10-9197-852095e4b752,card,328b7cd3d7e833e5,Mastercard
5283f44a-d3c7-4f54-93c1-1fa7bdb9e894,card,57d2b1f5e6f7c55f,Mastercard
35aae409-bfca-4784-8868-6ee949f04f8b,wallet,1a2afebabfc0f606,RuPay
e5db3765-bb04-4ddf-b2dd-8cd3f01349cd,upi,5317d7eeb3212799,Amex
8f52d905-b498-4767-b7a3-97ca20c6c002,card,374e0a2325a443ec,RuPay
655d79a4-5a60-4a80-97b0-da6fe5c9c299,card,e22aa4c29aab2b90,Mastercard
b87235bc-46cf-4c0d-aa69-f2b147620821,netbanking,028a265d5a352471,RuPay
5ddc55df-f793-43ed-8490-6dfc9b452430,upi,1841945362677d12,Amex
58fc06e9-8e6b-4f6d-95d0-dd7689abd12d,upi,a5cd92b92a4d2bc8,Visa
36445641-e050-4ead-8d39-b0b49ad85b30,netbanking,94b05e50322910f0,Visa
81af0e4d-a888-43ab-b041-ba517e2651ac,card,9c98e4dddc98c050,Visa
2124a93d-379e-4fab-9213-873d8b247a32,card,eda229b50c9ad821,Amex
07c1448f-9cbf-4613-a7de-78ff55eab79c,upi,0e52923b31c0996e,Amex
474cdf86-05b3-4695-9db9-a318ef4c6822,netbanking,6245ef340dd71870,Mastercard
8413da3f-64f5-42bf-a0ee-2d759eb83117,card,488d83db83e39b38,Amex
b1128099-20d0-4043-8b92-b1a589d98b58,upi,4a38810a7e44729a,RuPay
d802dcc8-e241-46de-b05c-b91c40d91661,card,9d4cf8238c4843e9,Amex
1a1e4379-5d47-47ee-bfa2-9d94b0870b3a,card,4e376e965c0f6365,Amex
ac5e0887-db15-4d35-ab02-d08a8d6c00f5,wallet,6765549ebb578e02,Amex
5c456fb4-3c4d-4454-ac04-9fdda35c380e,card,5df7a106a0d84703,Mastercard
93127e90-d34c-4f5d-a64a-eef8c17fd5c8,card,923ef3350435e8eb,RuPay
b41d8aab-6972-4008-9671-2b3a123329b0,netbanking,2a84b49caa9b66b5,Visa
162da3bf-d644-42ff-a286-1e5cea9218ca,card,b8d145ffeeb7aacf,Amex
61516178-f55d-4af7-951c-64d3a98123bc,card,0a73d57f86c71dfa,Mastercard
a9e60f09-76ae-486d-a701-4c76bed38721,netbanking,cfd6e419c5594764,Mastercard
fe085832-e2f6-4e3f-834f-174915def9db,card,66f32822fe6b5575,RuPay
511d75d1-533f-48dd-a495-6c85bc983d90,upi,e428b4d3979b6bad,Amex
199aa1fd-685e-49f0-bfb2-c4712d1e48fc,card,0df9d1ac5bb59a22,RuPay
772e55b7-76b3-4c33-9cb2-634a7eedfd20,card,350a43a00a5d0d94,Amex
a9bc9038-d6cf-4cef-890d-9c1830e454c4,upi,24478761d3af41af,RuPay
cb266f03-6595-4ddc-8c8a-872addb8b51d,card,46c072de18e1993f,Amex
d1773ea4-24d3-4a0b-8558-c0331ab54d49,netbanking,2e01a6cce9b214a8,RuPay
77b48eb2-89e9-48cb-81e3-0d39ef143e6d,wallet,984fc0fcd8f026a4,Mastercard
7088dd78-dc8d-4f42-9d7e-7c4f7dbfeda4,netbanking,0332f7d19da839fd,Amex
558170af-22cb-4c4a-aed6-3ba96ae5f3e6,card,085e7afad98bdf23,Mastercard
f2888ccc-3d16-4874-97e0-be2f17b01589,card,389203afd1b67671,RuPay
2c2486f9-e78b-4028-a5f4-984dcb8224c3,netbanking,f20e32b702e4d20e,Mastercard
8ea969e2-b7ba-493d-af9e-2be67de260bc,upi,6b32dfcba528b302,Mastercard
ec841643-5c88-4385-9b28-4b0862ad1f67,upi,b9da138b3121c44d,Mastercard
550caffb-1efb-48ed-927b-75888a16a3d0,netbanking,119d6e05ce720449,Mastercard
2d13802c-b9a6-4c18-ab8d-11dcfa7e6d37,card,c60f94176fbb1dc5,Amex
6e48013a-c268-492f-ab43-5baba8ff79f3,card,8122768a494fd107,Amex
8e7877e8-0683-4381-9321-7ef7aa5d7e9f,upi,b8abd337bff41e36,RuPay
a4d42e70-7c96-47f9-b953-4d549f3c6565,upi,33de8e0b2b787519,Visa
f2ab6c68-389d-4961-b9e7-f78a3d618c23,card,192d061c0e84c6ab,Visa
76235bd6-e09d-4d8f-9aa1-881c132ad52f,upi,13547636e187720e,Visa
b0567197-a7db-4453-872b-3e0679bc5f59,netbanking,74f4c7927361c916,RuPay
ebdc4308-3d67-4471-9bba-51f6c599deb6,card,5a74a61b033902d8,Amex
3d5eb2c9-914e-440e-9479-2f989a9b130b,card,f6ec4af5eca1f726,Mastercard
086092b8-21f6-4a06-ba53-dced046d55da,upi,f1b1637ec8918e09,Mastercard
9730e5ab-b90d-4d78-9a8e-5ddcdd280cba,netbanking,334efecc2eede803,RuPay
8b954152-1494-42e3-8bc4-ece8ee37f84f,wallet,6fae981a45604f88,Amex
2b733048-26be-4c99-8275-2ec87947720f,card,b1b9cb727443d994,Mastercard
4e99aa3c-9f09-4044-b0ef-3f871022c4fa,netbanking,f2a351eb0fb2c815,Mastercard
a5090781-e140-4fd1-8770-1348974a8935,netbanking,d34f0090f01727fd,RuPay
a9a0d881-eefe-48cf-b7a6-bc6191b2dadc,upi,2946a87ba1dbea87,Amex
21e23ee3-5fef-49f7-84b7-07af1e1ad201,card,89ee1c0d9e070e15,RuPay
daadc7b8-72c5-4328-b110-fd8752a4706f,card,f5acaa14b0a8901a,RuPay
59639637-9f72-4bad-87ca-68920dbed4ca,upi,834f84996a8029b9,RuPay
3fb66b40-2ecd-4768-8b9f-736abcffaa4d,card,be18585f6bbdff84,Visa
93f301b9-277c-4976-96b0-15fca35055d8,card,6c92eab4b0f75a04,Amex
125af06e-d7eb-4c70-8a5f-073dfc546a5a,wallet,afcc3ab78901faea,Visa
e5d785d1-a066-42c8-8bde-ed25cd0cb17a,card,9f0cca73f7badace,Mastercard
5480fa65-ce61-4dc1-88ea-ed2c5daac698,wallet,afaa336323be2a1f,Mastercard
b7679e4a-e0d6-4200-873f-4352bba0c3fd,upi,e0aa7a924b9e6eb2,RuPay
7b01491c-00af-48da-a77f-99fb99b9d0ee,netbanking,565efc4032acb1fd,Visa
cd9b2edf-e718-4007-bd4c-94721cafca7d,card,f9efde0fd590ac5a,Visa
30007e79-4516-4099-ad80-642fed0aed27,upi,d56932bbcd58f20b,Amex
ab706211-df9f-4cff-9c43-0593419a6ddb,upi,35ca3838ef2a4dcb,Mastercard
b133ad70-ec02-4ac3-8d76-bd1f4ccaa172,wallet,5d12e1609dc3abcd,RuPay
ff6e02d7-d2d2-414b-9592-f2f2fa0bf800,card,5222b7efcbe50eaa,RuPay
21286430-64e3-4826-95c4-c51c289af780,card,eaa014e765b8bdeb,RuPay
33d241bc-d5e1-478e-abae-dbcbe20e90ce,wallet,8d5d523841130e72,RuPay
ed494738-3632-4bc7-aa09-42f15f12b481,card,ef36885245a87461,RuPay
f22f2f83-4921-4993-ae7c-6c79c4b312e5,upi,b40c99f19707b5db,Amex
916f5074-176b-4ea0-817e-e38ad4da7a1a,card,77111437f488b21e,Amex
fba6b709-d11f-46f5-ba9d-ed4115868d0d,card,29da905dd3638274,Mastercard
28314fd2-b489-4e87-a843-23f34d71e22d,upi,108b1ad6c48e99ed,Visa
8134e46e-65f5-4aa4-9102-7ec2ec473447,upi,5de17ceb4468c29e,Amex
1b047b2f-69b2-4843-8178-d111d5b7a814,upi,f31f3c0ee9c86b49,Mastercard
123c5e65-923b-4442-9abd-6054c0ed4ecf,upi,4b58b3ebaa04012e,Mastercard
465957a9-6ca5-47db-a05b-c26a08571841,upi,935f154c411253c6,Visa
2216698d-1a18-414b-8d4e-f3456b73921b,wallet,2ad3ee7bfa47774a,RuPay
66f1cb70-be84-4242-9e7d-1530c544b5e9,card,557bc8f0e7608488,RuPay
7698e22f-0886-4fd9-8a61-bfa70a202a19,card,9a68da2bc06e6723,Amex
c9a37f52-5432-4ed4-b679-560a07b9843c,card,2e16bff5fbbd46b9,RuPay
22de11f1-0af9-478f-8a5d-00839aad0304,netbanking,7139e95ff325b0e7,RuPay
42306e58-9316-447d-aa51-240e3d3bc281,card,93d8c0aa512da6fe,RuPay
3a3faf43-e968-46ff-8d51-88a2803d832e,upi,0a827302e440ab59,Amex
85cc8ba3-9f75-429a-92bd-4b0d4daa354e,upi,445bdfb9df5eb7c4,Amex
1326cfad-a6c7-4d7b-acc5-a18ef29b8ced,upi,e4d5c952244bb1af,Amex
bde1d9e5-54c2-4b82-a8a2-e0a9c3938b9d,netbanking,72027298a37fbcf9,Mastercard
36d1f940-facc-493c-8c5e-3f1fe32a432b,upi,9dad1d354c4f4425,Mastercard
73e2c0da-44b5-49e2-a2fd-d42835001b21,upi,6cfac0a2b7d17dd3,Visa
162f3e06-394f-4f6d-ac75-97f5c2dda14a,card,54a07037e0afc9a5,Amex
b30c872e-76c2-42d7-b128-26d6fb35dd3f,upi,8463295106b87fcc,RuPay
ed6aa5fd-fa2d-4bf6-9f94-75193c3ba117,card,3299cf2d517aa403,Amex
c74ec4b2-5401-490c-b13d-97953d24e728,netbanking,4766dfc41bbbf7ba,Amex
69990f82-f8a4-4212-b524-b401e54cea0e,card,8ee2fc3123c1f294,Mastercard
0f174103-01ee-483a-a0ae-e8db63f50280,card,6341d2da528d99b2,Visa
41478371-f7d7-4c8b-b08e-116adb4b3a02,card,5c57c0316009ddd4,Visa
3703742d-2bd7-48d6-b91e-c02f34db29e1,upi,001b1946cdf11ed9,Amex
07b5e61e-f193-4c79-bf8d-39f0e5530c8d,wallet,717a22bd2eb0afe2,Mastercard
fe155cf6-83e1-49e7-b692-fe7778540581,card,7e570d36f7cde99b,Mastercard
aa0a64ae-cf23-429d-a94f-5a9272611cce,card,c08d2c33ab5c2659,Amex
d53325d5-e9eb-4ac1-8046-b3074ab22332,upi,3c717eedc364d9b2,Mastercard
57c21c25-5de4-48d3-bf2c-b797e2179fdc,wallet,5676868f9cdbe46e,Amex
3a61f7c9-0400-49bc-9dfb-a713ddeabd49,netbanking,1912d83984f25b51,RuPay
3adde180-f39f-40da-b246-64a5a2327427,card,442a734ad6b8789f,Amex
b10e6b14-ae0e-4459-bd95-c94bfe8e842e,upi,d6e075c8f787e758,Visa
d953e43c-be4d-44b4-bc16-d146e832fdd2,netbanking,8d040d184d90c265,Mastercard
e7f56740-1689-4bc1-ac1c-f593cc680f1a,netbanking,da8e493bfcb9a918,Visa
fec08dd1-c03b-4d47-8eba-f3b2b2104860,upi,0f8aba5e318d2770,Visa
26f23030-a0a5-408e-a8ca-529cacb5a178,upi,e320aedaed322ab0,Amex
934175f8-74c6-492e-846f-a02c5c1fdf87,upi,4733a01912a2132f,RuPay
cb340a9e-a4fa-4d09-8dab-341ada66deea,card,38d756450a014924,Mastercard
960c2a97-ea79-4792-8fdc-ad28f57754a3,card,e80580eaa4c1f1d7,Mastercard
94b8467f-ee28-4633-9ee0-35aa9b4a744e,card,33902fb422ac03d7,Visa
1eebc854-172e-41bc-be52-596eb3c34de7,card,716d44cc6a36361c,Visa
b829bb74-db18-4007-b0bd-901c5699258a,card,ad8ab11469ad6954,Amex
f8527a74-3906-4098-943e-22fd3e9a3393,netbanking,21cffe4a10f598e2,Visa
11eccfc1-0bf0-4586-8a74-68fa09602939,netbanking,b976964684f10d54,Mastercard
556720f5-1d14-4c65-9f18-4bf9cc6bfe96,card,fe1129dbe4275198,Visa
f056e2bf-4e17-4e4f-9b71-12f0d9c28a11,card,ec6ed180645726e6,Amex
c616a723-0695-492e-8a03-1fce4ef44392,upi,269ea09830def725,Visa
b30dcdf0-d379-4d44-a1a5-5f9d2c3d8257,upi,d454f7d1d4060fdf,Mastercard
80318ac1-02ac-47e8-a4f9-ce2e4cfa3d11,card,f2573d25a32fe0ab,Amex
cdebb3fc-7ec3-4c4c-ad2b-4f66b7b29f56,netbanking,33ee807d606fcf74,RuPay
7dafffe7-295d-44a5-bfcb-63875bd5b4b5,card,6b57c527aad6c252,Mastercard
85e82be7-37b6-48d4-af23-54c4f80b074c,card,dc3d064d990df07a,RuPay
086933ab-e0e2-4193-8d26-f2dd9ec3a62c,upi,8f5357448420c21c,Mastercard
3304babd-36c9-44a7-80be-bd922d911196,upi,d58153d5646c7543,Mastercard
6c68b14e-c754-4b4b-90a5-357c0ccbff0f,card,c1f9d3ac4fcf9846,RuPay
8b7c597f-ef8d-4f99-8403-3c4f7284ffe3,upi,24609c0461ceaa8c,Mastercard
b3b2028d-98b4-44b1-90eb-93f5cdf6f501,wallet,cb18938e3d703250,Amex
267ca720-a5b0-43c5-86eb-524b29069619,card,e3aa664b1702fb86,Mastercard
a0e0ee93-4734-4bbe-ac5f-1a90771843b6,upi,bd58bf5b6bd1939b,Amex
d2374ca9-7f4b-4dbe-b554-0a1c1e0bd901,card,549d7b9836267dd7,Visa
6459a0ad-6798-465c-bf72-b138f2ee18fb,upi,9d6a6e0007cf0de3,RuPay
b0878f44-fcc3-428e-81cf-48e07ab21dee,upi,ccb62cf3a56d4b91,RuPay
4f94b371-d74e-4087-b44f-de4f58ededf8,card,bbd09af1a96ef8e9,RuPay
3c22e15a-de97-4ad8-8436-d91028dd010f,card,518cbc958cb52c30,Mastercard
af5d3385-e79d-4117-81d5-596d794c3cf5,netbanking,039b87ee38d48d6f,RuPay
cd180934-5303-4939-b0db-2f719e6c5f78,card,413f30d0922e14ac,Visa
8f0660ef-af3e-4872-bce4-1f22ee212b5b,netbanking,7c04d5c91ef6bebe,RuPay
752e58be-3deb-422d-b509-611a137e1902,card,61911ddf164039da,Amex
5738f0ba-81a7-4aa5-ba0e-e15fb86631ca,netbanking,d83297fa90ab4b1f,Mastercard
a674bc0a-6955-41ef-ace2-2568c1cf5f25,upi,6d75c255af2e5db0,Visa
a21196ea-718f-475c-a744-598a9b30fbaf,card,e1b11ad1b856f713,RuPay
9d8bbde8-c73d-4c3c-9236-3bb7da1eb547,upi,e3d870982fd597c8,Amex
7b0b83a3-b048-415d-8381-0654fe193258,netbanking,c7eaadd9b126a9f5,Mastercard
527f814f-e5d2-42a8-a3be-c1e7de448a8c,upi,d5b8b68b8bd11527,Visa
823d17fe-5fc3-404b-a17b-f0c4fbe5423d,upi,a090716aa6ad4701,Mastercard
9eda6bae-b3e7-471f-8d00-e343ba40704a,upi,101636c4bfe39adf,Amex
0baaf89e-1fd4-4eec-b90e-004ff63f4117,upi,fa700fb8c833ef09,Mastercard
d8aace90-8d54-4bc6-8de5-220156d90cda,upi,1d76b726496c0638,RuPay
ec976783-c9eb-42cc-94b1-4e639de8db92,netbanking,542deae8754bef47,Mastercard
5d147b1b-dbbc-4f0b-852a-0b5416389a61,card,a1a6dbeca519f453,RuPay
36ed1c2e-914a-4b45-a46c-cd8135dc65b7,upi,2f11eca8a1e0d3ce,Mastercard
8380eb82-5abe-45c5-964a-eeee57aa94b6,upi,ab2037f852c3ef13,Mastercard
7ea8bd2a-a9e0-4662-961b-1c9e6cbd3dc6,wallet,1dc385acfabb2a06,RuPay
69626aec-55fa-4b61-96e7-6aae6e5b2930,card,93d8f0f3376d832e,RuPay
ab5068af-73ff-4154-90e5-256d63b7c722,card,992dcc055cf42faf,Mastercard
fb393252-4356-4d3d-852b-e587b9abf952,card,70e4a0305cfaec2d,Mastercard
ec592c5b-7182-44c9-85cf-5fe4aa009a84,upi,4ddac7288bca0970,Visa
3e34eaa7-e888-4ef7-905c-dfd701b0c508,upi,92ea28abbe0b6fbb,RuPay
919ead6a-220b-42c2-b882-70f82cf15042,card,a5cc941b202bea6a,Mastercard
22c7df57-9872-4eed-8d71-02198870ea70,card,aa26df0fd1538704,RuPay
94185279-627a-4134-ab14-c38361546b8b,netbanking,bebaf2a287e6d28c,Mastercard
0a91e328-00a3-4d1c-b9ff-48dd8186bbe1,upi,4f21f618eb245d41,Amex
eff2bb5c-f595-4a05-9ae5-96a40a3307c9,upi,e64511f63239941f,RuPay
f147473c-55c6-484f-86ae-ba6744edb898,card,f4809dade08f91f7,Mastercard
21556a89-0de3-4cac-8829-bb568526cfe2,card,fb414ff06987deef,Mastercard
b2ff6f34-385a-4b9a-a2e5-764c9be7a23a,card,c80ab18fc583c2f9,RuPay
ae0b144a-90e3-4e02-bc9f-ecfb63a9900e,card,01089dc8650e30a4,Visa
135650e2-d7f7-4ca7-8f14-6109481a5cb8,upi,2c84feed75ac1459,Visa
1eaed581-9e67-4a07-974a-f64bd6967317,card,d1ead65463d24e90,Visa
a1d20a57-78d7-4e18-8921-37f9996dfc36,card,615bf805785ef495,Mastercard
d58a5073-d502-4a61-97d4-bbe4e60816e7,card,ab38b463c581583a,Mastercard
0f2260f8-f0af-4869-a6a4-de5219da0be6,card,fc3b853071fa8108,Mastercard
e501a6c6-de28-4a48-92be-48baca25a5c7,card,8a78fe720ccfa9f4,Visa
039ac309-50c3-4719-a01c-dffc72827927,card,9d5fea3f98f6d9cd,Mastercard
9ae8ced6-2a24-4494-b532-df0896309858,card,189d40320cf554b2,Mastercard
286aba06-6a30-474d-b65f-9afd37ff6a4d,upi,9d5cdd932fd05a8c,Mastercard
28a45277-8d1a-40f2-8600-5370ae667e2c,wallet,7b882f369d91051d,RuPay
5e8bc4fd-fea2-4aa7-a418-51acee571ab7,upi,ef684e4cbb7b4914,Mastercard
aed22f0b-97ec-4779-a174-1b63a2ed4621,card,442c757d3672ad82,Amex
9b7d7aab-0190-448e-8bc7-149d7f441780,wallet,3624fb34a0d1a3e6,Amex
51cb2956-2ec6-4f2e-9402-b78de27b481c,wallet,aedd3339476e9cda,RuPay
552f3029-0a22-4969-b620-b9e613edd2bb,upi,0c4d0a11a4353954,RuPay
bccb613a-e330-4553-bad7-12952500ea1b,card,8bc3825d8990837a,Visa
38096605-a431-44e5-b47f-78cec2412cb6,upi,f3f1c5aeb42bea1e,RuPay
4c27ccae-0fd1-4097-959e-19302bf29682,wallet,c320c6a0551118b5,Mastercard
2bf3c0bd-85b4-41bd-8cc0-f1f6ba66242e,netbanking,d1611f55aa6e4d1a,Mastercard
40b221ce-0f53-4e57-b700-9e725561d719,upi,6466bec4813a96cc,Amex
e5d57053-8e5e-4a6e-b365-f42c536d7aae,upi,f4a42da1627e1c08,Visa
0ba85f15-c7fc-4fd5-8e96-d6d26566aba7,wallet,a7ceabf21cb982de,Mastercard
b808638f-6547-4e37-ae08-26965e9b8219,card,924b2d0db8b1bebe,Amex
8473b501-5f4a-43a6-8ecd-24b8a46d23fa,card,930278d71992b15f,Amex
0c59b66a-08f8-434e-94df-9d62761a1417,netbanking,e25c20b35f3d5ee6,RuPay
815ed9ba-025d-4562-830a-e55603f9673e,card,26a3b4a0ca22f82e,RuPay
7a10fb8e-d0b5-4427-8447-ba007790b82e,card,8cbd1bd9d9eee6b0,Amex
6ae0e34b-e4c8-4471-bde6-88784e141090,card,2ab38c17887dc94f,Visa
a531b7c8-2ef8-4319-8dcd-e906ab9f0b83,card,181a946aa567efc8,Mastercard
920f37da-1b25-44d1-8104-dbcec3d27667,card,588888e6430f57a0,Visa
ab2766c4-168e-493f-a89a-ab6ab6af5a31,upi,9d8ea1c26ca143a1,Mastercard
371f2c5a-8fe6-426e-ab8c-f1fcef342f0d,upi,7c162a97a15fa7e3,Amex
d818840b-b971-4a2e-8fa1-418bbbe9733c,upi,554e0e0ec3cdd8a1,RuPay
2b1c1e21-7978-483e-8790-34829df08019,card,a3a240f6d11bdf8c,Amex
ede18240-63ef-4e1e-91a7-bbaf3d8d0bed,wallet,7aaaf9ab6a279c8b,RuPay
ef15b2e0-01aa-4157-a51d-c848c7988296,upi,f689409710ffa7e9,Amex
f042fa55-6230-4bc2-a9a6-10c9ae83f936,wallet,6456568cd0ead41f,Visa
bd762324-c4fc-4257-855f-ecc4f6141233,card,621b915250116942,Mastercard
6ced6eb3-5f10-40d1-82fa-d70b6fb82a66,card,8ed690d6a07d4aeb,Mastercard
a4e41510-bdb6-41d9-88d5-2271466c9c15,netbanking,ef03b51325478fd6,Amex
db6449bd-7671-4621-80d3-96293bd83e73,netbanking,5a4357cb5d15c4ea,RuPay
1b544e1c-addb-4dc5-9769-63a3de5aaa16,card,e5c0504af25e15f0,Visa
b1647d69-7b7b-4ea4-8846-7a07e9805e56,upi,8105f74aface14ba,Visa
c75442a8-d49c-48b3-864f-88a65ee7638e,upi,8857680b103be95f,Mastercard
97b5ca25-e52f-439d-8c94-7dfb981e411a,card,e6ef5f684f30a090,Visa
dc0995db-12f4-47e6-9aec-1d092bfa5aef,upi,6c752de394373eb0,RuPay
c095f4ba-1ca1-4533-9731-618053e45f39,card,26e512682c9415d5,Amex
de78a624-5298-417a-805a-da27820407a5,card,a73c656fae5c33bf,Amex
1d0d2a7d-9b80-4814-b373-b22e5a639c80,netbanking,c6d3184a55017104,Visa
b3cd9cf3-d091-41e1-ab71-17de50b70685,upi,857c288dc6c2a3ee,Mastercard
87dfb8b1-3461-4cd2-adc6-24e249c59612,netbanking,1c64f052a1c2decf,RuPay
18c23bab-67f4-4f84-b47c-6b6e27e1ba68,upi,4094119899994c8f,Mastercard
86886107-5c88-40bc-ab8c-1054cfe1f660,wallet,d906a36065c41c4d,Mastercard
3e11e4c6-50cd-44b6-a412-f28d42fe4b89,upi,ace33b557d6a0e6a,Visa
82de8020-33c9-4340-b302-adec785949ff,upi,b5126cc48e80bfb7,Visa
0677d3df-41e8-431c-bc50-2d6a99bdac56,card,629d5d619b7c52e5,Mastercard
a01756b1-30d6-44c2-afc4-6dee8f369c7a,upi,072db5d5cb9ccfbb,Visa
e5bb3527-11f5-4044-8ea6-dd135be092f6,upi,84a2dc0cd12fd073,Visa
4b80c16a-194c-4918-8163-17d75bda4200,upi,25b0e25c5f28a929,RuPay
00f53f1a-9d73-46b4-a3d8-27a7feb60cba,card,f1fd9e2df8efcff2,Amex
e12b27d9-66df-4c5f-80c6-6423b64a631f,card,c54c5e7136acc9e9,RuPay
55b9d9b4-efb9-4b38-99f9-ed51c891e34d,netbanking,c8aeffaf84b49c28,Visa
80720e62-a1e6-4867-966d-4035a03d4587,netbanking,4b585ba909a58b4e,Amex
58088214-f085-4f1f-9801-3584b28cc5c1,card,103f08221e041483,RuPay
a467b33a-252c-4f11-80eb-a98444ad57fa,upi,5da6268753f151d4,Mastercard
1fb9c180-5a1e-4c4f-adc1-e8f5d0a7be5e,upi,18acbefc1e10003b,Mastercard
5e010fec-a829-4cd7-9ce0-34fc95a0c7ad,netbanking,58c525ab5c9997a4,Amex
b013a8b0-29b5-48c7-b0db-a720cd8578bb,card,495a1b6c2fd8f78e,Mastercard
1f3b5d00-6922-453c-bb16-93ae50530930,upi,f6a19841deb3fb2f,Visa
9aef830b-e27e-40d5-9548-fba7e38b69c4,card,c364d1570ae5a058,Mastercard
6cfc12b6-1e3b-4af5-982a-c0f50ac99834,card,8420ea7be510efcf,Mastercard
16506dcf-ae30-47b3-8d12-af9d5dd66eeb,netbanking,3ea4df58e486a7c4,Mastercard
8bc412ba-a9a8-46a5-8b25-ff89f8032368,card,3f1dce9accdce88f,Mastercard
299c6c10-bfac-4b06-9796-6ee8fe7815bb,card,c1a3f3d5ae84a6c6,RuPay
c10eb672-c518-4da3-90d9-511daea85877,card,61cd1a6095628013,Mastercard
e7177c77-f589-43c5-b123-a52c488f573f,upi,b6ffc91d1d7639c0,RuPay
e1de6ae0-7640-4dbe-b421-3e47d42244ce,upi,06161cbd36a20b36,Mastercard
23bc4715-bb3c-4548-895d-588d2a012f75,card,16f7bd983ba29c0d,Amex
2cb69605-2a00-4773-aac0-652b5c7c5606,upi,9eea95ad21227caa,Amex
89341563-f1a7-4674-8199-4b7f307b8fad,netbanking,4b8311c4c92c4780,Mastercard
0d9ad7f4-4671-4460-833a-768dae332b52,card,3bcd8c469eaac5e2,Visa
3d5574d5-68f7-412c-bf04-06b55e0acd56,netbanking,af2d9d169aee406f,RuPay
23f3bdfe-8d00-41a6-b103-212419a38f2c,card,ce1c1cd3d3ef278e,Mastercard
786e290a-1c4b-4f65-9e49-dce9464bdd77,upi,b8b938c00928b069,Amex
830430f2-b734-4688-b745-ee829e6dbcf4,card,6db4b5a6ce0c03f3,Mastercard
17e3c29e-a183-4a8b-b36c-ba872a9321fb,card,f409cb64796bc135,Mastercard
dab4fe28-b304-4616-a8a2-a14ac09b826b,card,5ba938748a31882c,Mastercard
5475ec2e-83d0-41bb-862a-923d0c8e754a,card,14ebfdcfa48656b8,Amex
40eb5d61-992d-4555-9c78-3dcfe1479888,netbanking,3a28dd64008acde5,Visa
48f419ff-5277-49d9-84a9-a131d790c306,upi,8f20e91e486da38a,Amex
c2ee97ff-d404-4ae5-9399-4b4e80ce9c18,wallet,a01a307d0080de8a,Visa
1f3c2bd6-e20f-44f3-91d3-24033022df94,upi,185934a860059894,Amex
80954865-36f8-4b21-bfcf-8a0d5277ebaa,upi,2b4e9bb789a0e66e,RuPay
ff02ca02-4e02-477c-af54-63223f380733,card,18b9eccc5e0b0edd,RuPay
f7c0ec36-854e-4c96-bf41-8c29f795987d,upi,be55a0885b9b8eff,Visa
60fe1ea7-5e5b-455e-b97b-9ba1ac54e688,card,accb1ec6f18a4371,RuPay
64cb09c8-42bb-4109-a2aa-ef1887eb1ecf,wallet,fdfef9fdf3e9e589,RuPay
b070848c-d05a-4bc0-934d-3736a5d148f3,wallet,280e2cee0c19c6ec,Mastercard
86d9b9f1-d2ff-4fad-8eb1-34d7e4ba4ee2,card,cd004b56cd80f777,Mastercard
a0c46c31-0365-437b-b140-9fb43bb68831,upi,45f0635ea75b130e,RuPay
5f986850-d522-46cd-9a1e-16b3a089a8fb,upi,5d85443a8e4ecaf4,Mastercard
fef445f6-78da-4bba-b099-934a9950839a,upi,8efee6b9ce32c8da,Amex
091e9d04-9d1c-4983-969e-535836172f10,card,b800cc694584b48e,Visa
c4cf8f2c-5ef6-41e8-acc8-5609854046b4,upi,b9cc8236dafa3729,Mastercard
4a870fbf-5544-4363-b1e6-40e5ea255f1b,netbanking,f683de1d06d8ba33,Amex
909ed97d-41d3-404e-b8b7-ba3b2d5f0f67,card,be3f813075707beb,Amex
5aca1ccb-6b75-4f5d-9417-76c5b56381f4,upi,78a39f66e94fba58,Mastercard
95908b99-c9ed-4ff7-8980-e302e99c75dd,card,9749984260dbc7e1,RuPay
630f41a2-1d01-42a6-90b7-33138beb842d,wallet,fb647267dfd8c16c,Visa
14498994-1feb-41d5-a90e-7c045a9d80fa,card,b83438d626b3abd5,Visa
76caac40-3d8f-4595-96de-19f068cc9879,card,0348bfa4e7147195,Amex
f4fe398b-e5c1-4839-be95-37987f03b725,card,7b0918e958408da3,RuPay
626f04f5-8c3d-470f-a0f2-fb50dc1bdd18,netbanking,30f2228010ba776e,Visa
b25a085e-024c-470c-b0f0-59306bacf37f,upi,6cf8684600e99c56,Amex
dca24c9e-28f4-438e-908f-5e7c76465de5,card,9bcca64f350f36d8,Mastercard
0b9d504f-740f-4c5f-972f-add72f022376,card,63ecaed2849568a5,RuPay
90b125a7-2c68-4c0d-9814-674aa0106238,netbanking,09102c34db5287f5,Amex
bfc1e06a-7216-46ea-88de-f04b04ba7891,upi,7023a6ded974b1f9,Amex
c623eb76-0532-44c9-a51a-3a068d5fb74e,card,62d4e1fa78dae7e5,Visa
49df2cfd-f8d7-45bd-9fc2-d43430ed8834,wallet,95520994bacd6e91,Mastercard
8c0688ac-59be-4b83-b692-cc1ca4a8153f,card,0efa204769376667,Mastercard
