device_id,fingerprint_hash,device_type,os,browser
14581844-7f6a-428a-9073-a003cf003043,b7404863b07727fc,desktop,iOS,App
360cb2ea-d7cb-4248-a761-e4930a3d4b78,e15c0355daffb3a6,desktop,macOS,Safari
8a951f65-e064-4c3a-9600-54bed6c33ccf,96b1d6862715a3d1,mobile,iOS,Safari
4d77c531-76fb-4ab7-9150-00d7e066dce7,076654177b955c78,tablet,Linux,Firefox
1bed3c46-539a-4602-be7d-cd4d91262ca1,066b7f08c460e65d,tablet,macOS,App
69c9403b-577e-4dc9-be08-58037f965f5e,5dd8219fc92135e5,desktop,Linux,Edge
f3f9540a-cd90-4704-9cc9-a788326745c3,f93b01c88bf7b89a,desktop,Android,Edge
51da4db2-21db-4892-94d8-3fc6bf0ae9fe,b35302d9cc6e0f75,tablet,Linux,Safari
9be9febf-4bca-4a39-9086-d894ec8d8d32,7ec7a2c538aea1da,desktop,macOS,App
e6133d82-4fbc-4a57-8714-3d2b9dd380cb,79cbb2a6474c319c,desktop,Linux,App
8c7f59c3-6d93-4122-bdf9-05ad635fa293,1adc63a2414678d7,desktop,iOS,Firefox
ae00ee4d-7134-4d42-82df-3422bb7e6e30,2acae77e803c1fa4,mobile,Linux,Firefox
29e50849-a822-4c1e-9ea2-abc13c1ea5d1,41728570ba37fbc4,mobile,Windows,Chrome
4c48636f-8fac-4725-a69e-b33f7db15d36,436f7e2265f48599,desktop,Android,Edge
86c36679-7ff5-410d-9ba9-46734cd6c247,841d927e7778a602,tablet,Windows,App
19fe0430-447d-40a7-b47a-14019ac7e9b4,51a010f363d12dcc,mobile,Android,Firefox
32962d63-fc71-425f-8172-f317d3788f16,464715ac22c50824,tablet,Linux,Firefox
69b60414-b18e-4695-9200-0c0097ea53b4,ccefb281efe0f70f,tablet,iOS,Firefox
46d3629d-239e-48bb-b619-5c3a708a2a43,7abe4e70ebcd5f70,mobile,iOS,Chrome
fc5f8a83-b4fc-4e49-866c-e183b3dc5b7e,a605d0a196ff8738,desktop,Windows,Edge
9255d8b5-0278-44ca-ac59-88b061b1a6fe,75250b436542b8eb,mobile,Windows,Edge
81a7c32a-6c9e-4950-9b24-4f4cca431983,97aec341f51cc5c2,tablet,Android,App
2f5e349f-6ba6-4eba-ba97-fc304f0a162b,653433cd9ba11a42,tablet,Linux,App
d32f63fb-b028-4a6b-983f-d8b7970400bf,8093e3efd12270fc,desktop,Linux,Firefox
193c826a-5209-4fad-b7ac-9b52bcc8083b,f2ecdfbe7ef5a391,mobile,macOS,App
6c8ccf72-2314-481e-bbb7-0ea4b0bdacb2,f5e5313b7953546e,tablet,macOS,Firefox
4f9874c6-eb1b-48bd-9fcd-6ef335722c03,a585b34ffbd2ff9b,desktop,Windows,Edge
3a75a63e-a2af-4f22-b326-e854782f1291,bc5fc685c2ce2006,tablet,Windows,Edge
29bbce5b-4ee5-4b84-a3c0-5c048d3abd98,2a9be379cbeb1a6e,tablet,Windows,App
a9335423-9fb4-43e8-99de-e1b5e5e71308,2a7a56765cc3511c,tablet,Android,Edge
c0d04bc7-d9a0-44aa-8abb-2cc3642e589d,45c3be63c030a763,tablet,Android,Chrome
ddc3c512-a7f0-46b9-8d4b-1d7a0c3ff5f4,9a9b5793f311428f,mobile,iOS,Chrome
781eb62f-0ad0-4c02-b6d5-58f54a3409b0,e61cc541abc93f56,desktop,Windows,Firefox
3a3fdeb5-b45f-41d5-be37-90020499402a,f56f91d70be6f657,desktop,Android,Firefox
cabf8860-a44b-4968-808d-30348f0bee9e,24dc58f704f58b3d,desktop,Android,Edge
cf94c93f-aeb0-47d7-a29c-8e20c1cc5869,640931c42c640ff0,mobile,Linux,Firefox
6ccd0f17-9b8f-4ad8-8e0c-f1aeee02d811,64fc4911eafdc7e7,desktop,iOS,Firefox
8d274cb6-80a1-4e38-9250-c9616eee8f52,4368251bf893ef93,mobile,Windows,App
7b71ff25-eae8-402d-b88e-cedc377123c9,8be1c21ae68dcbec,tablet,Windows,Safari
38a21280-425f-4afb-ad5a-7cec5aea303a,850c6cd30b9a5ab9,tablet,macOS,Firefox
d4dffa47-b6c9-4d68-9939-890b4d4a1501,f7445a8bcfa77727,tablet,macOS,Firefox
43279eb3-5b55-4a6b-b867-e87f6af898d4,41a5207a44b93b31,tablet,iOS,Firefox
a278bf21-feb8-4c5a-a4af-7408546dabb3,35afe783a1e7dc7b,desktop,Linux,App
7364dc9e-4679-4d1d-aaea-c5aaad97785c,19927f52f06c432a,tablet,iOS,App
3540fe20-28f0-4e9b-b382-189a4c1891b2,9a891ad31ba9c314,desktop,Linux,Firefox
6a1043d5-a908-48fe-8a8e-98174e30fb99,da5d006808f6ee8b,mobile,Windows,Firefox
4ee008a3-31f1-470e-b2da-dca17d7b4ed6,06843f001a41c91a,tablet,Android,Firefox
d0e60757-6354-40cd-8625-930fd685986e,f74dac1d3040e00b,desktop,macOS,Chrome
48445f78-852b-4a8e-975a-881fd0748305,18b3bc50f20920f5,mobile,Android,Firefox
dd9e5036-8397-4650-8e67-4dd73d9b221a,098ec30bad527f07,desktop,macOS,Safari
fba50eb4-d47d-4015-a6b7-8aabde0f4c2e,27de4b97a1103b86,tablet,Android,Chrome
7d82f0f3-106e-4cb5-96a3-a55b34f901bc,3caf7d521c6e0d84,mobile,iOS,Chrome
5767761a-fcaa-4d66-8aed-69289de263e9,c538d7a46c25d2bd,desktop,macOS,Firefox
3a973af5-f58d-49bc-b338-20d87f142870,ab9f1ca50a6cdabb,mobile,Linux,Chrome
9dbc6231-6269-485a-a27d-621c5e31a4d9,94ada639eed174c9,tablet,Windows,Edge
6e584d0f-94ee-4d6e-8b3e-2a5cbfdbfc1c,ce2f50f0e94175c8,desktop,Android,Firefox
51529ace-0ab1-422e-8141-23ffd167eb06,897f03e8ef037d4d,mobile,iOS,Safari
9c35e3ac-e538-4066-9062-706c6d78683a,4cb6f7a912be0a55,mobile,Linux,Edge
23fc9ce0-9049-4dd1-9057-9de87df02a5e,103e575349ccac5c,desktop,macOS,Firefox
506cfc60-bb53-47b0-99f9-ad0f25b942e9,c84c94496f072d97,tablet,Android,Edge
7ca46130-26bd-4988-9de4-2fe9cd10990a,5e06a8af824a958f,tablet,iOS,Edge
a5cc7ff8-33f0-4b66-ab8d-a1dfe2624f1d,a9cb3e76b3d38201,desktop,iOS,Chrome
ac6ad85d-3f0d-4eef-b833-a7390dd6d7be,78aaed5fd0c0c1bb,mobile,Android,Safari
63c66abe-a15d-45f0-8cdf-65830638733a,05cb6eb30ab2b4b0,tablet,Linux,Firefox
58862e41-1e40-4e79-a729-c2508645c795,802adc50a470b417,desktop,macOS,App
63b637ad-5426-4e1f-84b5-dc3e0d582a3b,aa093551c68b6ed0,tablet,Android,Chrome
a0eb3ae7-8871-4207-acab-180826ecf354,bfda9fb2a03bc54f,mobile,macOS,Chrome
d78a3bf2-f0bb-43da-ac4d-999a4dcd0c8f,79a2e7b88dfb2ae5,mobile,Windows,App
055dd89b-769d-44d0-933a-f5a47648f8cc,49974dd59be93b80,tablet,Android,App
9cffed73-4f08-4378-98e6-1cfca3e2bae9,938444b3c7af84b7,tablet,Windows,Chrome
d17f232d-f768-46f3-8712-4726bce1d6c6,71cf59a31baf86a1,desktop,Android,Firefox
b6e8f996-502a-427f-8ae0-5ed5cafc6755,02b11badda68639d,tablet,iOS,Edge
0c4ef9e4-bb06-4a27-9ef1-0240f9e785bb,396adde2807b7a9c,tablet,Linux,Chrome
941d0c68-8f06-49e6-8414-e5422f4d3792,7f0c18e2d4af2760,desktop,macOS,Safari
c8e719f3-16d3-4f94-977e-5d560f8b6af4,28799e4d514df82c,tablet,Android,Safari
00e12e7c-bfc7-48e9-86ae-50e6ea0119b7,586bfcd6b8d1dfe3,mobile,Linux,Edge
5a2183be-6be8-4b55-bf29-06effe9acc6a,a7519c26516c13c6,mobile,Windows,Safari
116be296-5759-4ba6-ac80-e7d0abd821af,5afa5ef7d06a67a4,tablet,Linux,Firefox
d0db9daa-8e79-4e3d-8a97-e51f686df265,7c9bd55434275ef6,desktop,macOS,Safari
ad31f448-1c84-4b25-97f8-769d6b617117,b10c85ca8b0f6ac3,mobile,iOS,Edge
49c26ecd-d00b-49a6-a1be-a9dec3b3da1c,ccc8e431377ff0e3,tablet,Windows,Chrome
4471498b-1479-49d7-8899-7bc7f22648cb,67178419d7f50520,mobile,Windows,Safari
f38d00c8-de80-4789-8818-8fc0de50c736,82f8a9a865853c46,tablet,macOS,Safari
585b299a-27ee-4049-82c5-ea7b787bdaf6,ed70a899aeb12fd3,mobile,iOS,App
2cecbc8b-41f3-4232-a0c5-4edef99d252f,8c99fac9a4c83371,tablet,iOS,App
885b0510-73c6-4736-9124-b89c2d59e77d,3993a589771e74eb,tablet,iOS,Firefox
268c7c75-d530-4288-9527-7d8082edca2d,06d3c9631b98839a,tablet,iOS,Chrome
867c0d71-69f4-4712-bf65-158af2cef48c,381880cfa6b7dc47,desktop,Android,Edge
d4f40c13-003f-4686-bbaf-fee012c39735,30acae3fbeedf387,desktop,Android,Firefox
3b29e1a7-3df4-4383-9755-d5963faf5ab3,d86c016daa8c7cb5,tablet,Linux,App
94d3f109-6061-432f-bf57-a96c92b4691e,6dce0ba4aba4e6a3,mobile,Android,Safari
dbf3a38f-e8d9-4b40-b7fb-f027792b269e,80031482addbe008,tablet,Linux,App
0b10d23b-3399-4bc2-a5bc-abd21f4c6c76,e66d69a2970c914d,desktop,Android,App
119a12fe-7e4b-4e07-b2f7-b86e1020324f,b57831f7bb9fdfd0,desktop,macOS,Safari
32c7984c-2b5f-4d67-9147-ad4a8d47021a,d0d8be3bfe9b1bf5,desktop,iOS,Edge
c1a8ebf9-c883-41b6-8416-9c412177a488,7c7b7eaf56ad1541,desktop,Windows,Safari
fa6744fa-88a7-4667-9e9d-dcecf42efba6,b1cc91ec0d8fbd6c,mobile,iOS,Safari
7541a411-e290-4ae7-a515-8f559053b1c2,3117554beaee36d6,mobile,Windows,Safari
5b63082a-e1bd-492e-b088-edf16b423b49,f4716b563e017df3,mobile,Windows,Edge
5b68b076-9360-49b4-85b3-c576d84016b6,9727f94b6f53dce5,mobile,Windows,Safari
63904e83-0a8f-4c17-91bb-953cd5e63de5,559f4ba8f819f13e,desktop,iOS,Edge
04b65609-a1ba-4bd0-951a-926d2defe150,73b0357ecf1eec6f,tablet,Windows,Firefox
91b2bf97-b37b-4e92-88f3-5b1b5f95bf5d,b9b70e53d84361b0,desktop,Linux,Edge
b5d83bcd-5f8a-4398-8b9c-1dbab29c735a,f969780d17a48a2d,desktop,Windows,App
4a4859d7-9cae-4c81-be41-c35725367b29,912bd6e3b09c7b24,tablet,iOS,Chrome
ff9c3b2f-5b66-416e-8565-b8e26d1bde00,6ee7f713390b171d,desktop,Android,App
3dc4dc0f-1b91-4a9f-872b-ffd7fd22fbf6,a3f00ff97c6e8f74,mobile,iOS,Chrome
0099caf9-acd8-42a9-90a1-d5d4db729cf7,ebf3b69dc4e1fd1a,tablet,Android,Firefox
69aabf22-70f6-422b-8c6a-167a65e7479a,d899a649be23f63a,desktop,Android,Safari
fe4c6e4e-fc52-4cc8-8e27-11b6fe20547e,93ffbe9f20044c5f,desktop,Linux,Edge
19162968-f517-4f35-8d40-db1527609afe,4f344d2d6b496627,desktop,Android,Edge
ffa8ca94-8a82-4370-a92d-df08f939f72c,beb7424d8d72fcbb,desktop,Windows,App
a91160a3-c433-4e20-9084-2875fca8ef6b,5d4d6ea8a8681d96,mobile,Linux,Firefox
1a8ed41a-64b8-4183-9aae-7002ade05167,3ba56406673d572a,desktop,Linux,App
7c91a5e9-7bc8-4891-952c-96d725fa8bdc,0f8d025e2fbe16aa,tablet,Android,Safari
e52e8d21-6fcb-4237-8c93-2dd42155716d,aaf489c8c21f4283,mobile,Android,Safari
f8ea0e9a-c8eb-4ae4-87ba-2241de7fb88c,ece415ed2c161d65,desktop,iOS,Safari
571c985f-6e52-4c50-a7b2-8295280d915a,7007e1b6a2412f1f,mobile,Windows,Firefox
a324b61c-7992-4791-a9e4-4d0e3f5f3a67,681f1b5049286599,desktop,Linux,Edge
7c4c23c4-e624-4cd1-b7d5-5e9d9a0a0b26,427650eeef26f993,desktop,iOS,App
3090a53d-7323-436d-90aa-b374075f694d,0452360862522758,tablet,Android,Safari
cad2c489-765f-4ca0-b3ad-66cf830e5aa5,44521846f479badc,mobile,iOS,Safari
2bdd3f85-0400-4299-a9dc-ee1ee2987111,f4c3887f606f9329,mobile,Linux,App
4f33151f-c218-4398-9b6d-2996cb27d347,288e4ad44d2437fa,desktop,Android,Firefox
a2255898-81c8-4a36-8035-03632d99d189,17c9c677333ce852,tablet,iOS,Safari
a6b045be-62b4-4c32-838f-24fbba278400,f4d800133cdf538a,tablet,Android,App
8d994582-7229-443f-82c9-1aa38df26b32,ed82bcc6439eae6f,mobile,Android,Firefox
bc5300af-576b-4087-b93d-29f64b3f5236,b21c11be1572738c,mobile,Linux,App
e9d3a96c-425a-45a7-954b-22065f66dfee,3c58c21b1101cdcf,tablet,Android,App
8fd292eb-5e1b-4372-b414-a6c0defaa458,7ea0b7d619c49a22,mobile,iOS,App
197df3db-1a09-4acc-94ad-07cb37d1e6b7,84ee0d1c2ecb3550,tablet,Linux,Firefox
17a1543e-6226-4380-880f-13c9a0f44f40,8eaa7931a7f9c792,mobile,macOS,Edge
66c8d123-1d29-4032-bb87-82209507320b,571f438d164938d1,tablet,Android,App
1acce8b9-79fd-43bc-aa7d-30c142b1aba6,9c3e43ac8e4b2efa,mobile,Windows,Safari
7c9d6cc1-c412-4c4d-8645-aa9ec4feb2fe,b49896f78aa05978,desktop,Linux,Chrome
33c100b0-5689-4519-9763-e059db63317d,5da27be12de970dc,desktop,Windows,Safari
9543d134-dcc7-4085-95a5-10f5d1c8bed6,c249c5c686a7a959,mobile,Windows,Edge
a9dd54c1-d2ab-433d-955f-918bf1702979,4a5f78921365911b,desktop,Windows,Firefox
12e0866a-05ab-4b99-beac-ff767e499c73,91d741750b0ff783,desktop,macOS,Chrome
aa235fd7-6fa1-4f4c-80a4-b4ef3fa664c1,2a46539bbe972979,tablet,Android,Firefox
0ab6f58f-dc65-4553-b078-36f98254f92f,e2b3073663fba3cd,tablet,Linux,Chrome
9a3dd97d-f6b3-4249-a071-5fe577365af9,f1cb82863b6b8658,desktop,Linux,Firefox
58bc7879-d4ce-4b8a-a8b3-7dbd321d8f61,6a7df11d15851357,desktop,Android,Firefox
3f06c345-243a-418e-8dec-807bf89f9d1c,9f501f8b87640923,desktop,Linux,Edge
1a374294-b417-45bf-a6b6-09872b93d8c5,85d0150e508932ad,desktop,Linux,Firefox
71909d54-7859-4e47-aae8-db54c22042ae,a2b1eef3a0e42bc1,tablet,macOS,Firefox
0ece53c5-ae96-40d5-972c-006e8ef02742,482935807418e309,mobile,iOS,Edge
28be345f-83d2-46de-ac72-76eb097c1dc3,da91b7d2e96e6609,mobile,Windows,Edge
467e1b24-6e7b-4688-a25d-260b94c2c5a9,bdb3f97f77b4f07c,desktop,Linux,App
21eb3e43-9b57-4a9d-931b-b895ff63c164,90732d3fa12d81f9,mobile,Android,Safari
ce3e3422-97e1-4ff2-9706-00c0580450d0,2dde8f7f971b85a6,mobile,Linux,Firefox
94ace90c-ff8f-4957-a582-2758e12d2331,dd3c909c83b98928,mobile,Linux,Safari
c4b0c861-b569-452b-aa3f-d7f647b59f67,5686121180c69b4d,tablet,macOS,Firefox
03cb0cb4-000d-4356-8ff5-1f2b0118ff60,66d4644c95b8c576,tablet,iOS,Chrome
a9ccb573-2dac-4023-9707-b03faabec11c,6754fa35ce0cd223,tablet,Windows,Firefox
dacae2b9-98fb-464a-ae1a-dd44da452d86,f3e81b9120626448,desktop,Android,Chrome
0c418d7b-d3fe-4b0f-a713-3b5c16069a95,27f7b919f239aea6,tablet,Linux,Firefox
0ccae55a-ed8c-48d5-8aba-b9f427da264f,f42799fc6b12969f,mobile,iOS,App
1a31d2c6-bdad-47c9-82ef-f26e34f15cfd,87027309f4656ff9,tablet,Android,App
fa17bb96-3d40-4803-8254-06659ee1aaad,4191ddf30c2d5c5a,desktop,macOS,Firefox
b6aa00c9-2f0b-4863-9592-9c0c5844c5f6,57fa5d6ac98dd0e2,tablet,macOS,Chrome
b5c81778-511b-4c80-916f-ce2d43a40560,8d48ea690a40df00,mobile,macOS,Safari
4711240f-a04c-4706-a0cc-8451f8d791d2,8fbf91a55e0966dd,desktop,Android,Chrome
33cefa2d-320a-43fe-9703-b405ac28a76a,4d5145f4c7217d39,tablet,macOS,Edge
92b56cbc-2fae-43a3-a3bf-5a84a6f85a2b,ce2fed2df2a57a14,desktop,macOS,App
c33b64ca-5d97-4bed-96d3-859b6ac4b084,949f87623812d9f5,desktop,macOS,Firefox
375703a6-bf79-47c6-83f6-11bf656f20c9,de37dc323e12a142,mobile,Linux,Chrome
46017004-adcc-48d4-9ca8-03addb8f219b,9da6c2a7f3d2bba4,desktop,iOS,Chrome
edcf01c3-9785-4bd0-94f0-4317ba973283,7d6e9fa034f33a97,mobile,iOS,App
af00af12-9752-434e-a1c2-a029bff867a2,bcd724effc4fcf68,mobile,Linux,Safari
181fd7c7-9ec8-469d-96b3-a8208e7860d8,2c892f1f1f07a381,tablet,Windows,Chrome
2da07dc1-2ef8-45c1-8185-2ee14ff89be1,5d9c81ea8bf83106,desktop,Windows,Chrome
33ea778c-39d5-4938-ba51-375686877977,20ec263a3b850fa1,desktop,iOS,Safari
2c3edff0-2548-42de-83b5-26e6dcb47e4c,7c0807bceb2898d2,desktop,macOS,Edge
7295d43f-415e-42ed-80c4-92f90577dde0,73d11e2df8dfb8f9,tablet,macOS,App
3aff1f09-65d1-4269-bd81-38790e88e56c,dd49f07b37bd3ed9,mobile,Android,Safari
388fbb92-bdca-4156-a25a-a956090f3774,2b1b5b3d2df765b8,desktop,Windows,Edge
8cdb07a1-2e0a-4897-b21c-498c670eb8f6,376bf910d8a6369d,mobile,Linux,Chrome
03c0545a-c7d0-4a45-a99f-0cba8701689f,bd7fa83b19bfcb86,desktop,iOS,Chrome
f8cb7aeb-f739-4f0c-8fd6-52462176e397,78929f177f1906b9,tablet,iOS,Chrome
83416639-44e5-47c5-8553-0c4ca772bd22,de7b5c10c57aba71,desktop,Linux,App
2261fe50-bf24-4798-b7d1-d00d656f5f11,0f6456023e4f954a,tablet,Android,Firefox
769c4b45-e17f-49b0-a965-bdef1002b460,eb95d1b5dd7dceff,desktop,iOS,App
9f0c12f3-de49-4909-99ad-e5ef127a3f40,5470b2da0cf17226,tablet,Windows,Chrome
cec68f97-af49-4038-811f-c5a96e9aa187,c89e207c5b9cbb7c,desktop,macOS,Chrome
92daf07e-0c36-4851-a87e-680cca5a2def,52f8e4d3ec751550,mobile,Android,App
b768cc13-ef6e-4c65-9581-2fe753317dd9,adbe21d42bee5120,tablet,Windows,Chrome
9d4213bb-7db7-4524-9b3a-fd9ccd9fe607,a68adfc9024fbe58,tablet,Android,Chrome
51ac990f-9782-496b-a400-5c43441ca792,e14a3869eae6a314,mobile,macOS,Firefox
be17a1ce-ff6a-4a07-afc2-4e7602ec72c4,f9fe18cba1fa1eef,tablet,macOS,Edge
98023a9b-391f-4d26-888a-5c58111777f1,3975ad55cd8398dd,mobile,Windows,Safari
8e3d9d99-0677-4898-b3da-1af55c9b8247,36ed1de90ef92151,tablet,iOS,Firefox
cf258ae2-5f92-4603-bdba-e69c1b9f753e,7b3e187c1a89443e,tablet,Android,Edge
ad5ff4fa-13f1-4d1e-93e8-0d2a99c53855,3f69e5b741130c67,desktop,Linux,Firefox
4b82a7fd-92d0-44c3-8e20-396cd2d8eaf7,6e3ad3f676345ecc,tablet,macOS,Safari
38ae1c96-de78-4f08-a374-c947dee9a710,8d29fe456f49b13b,mobile,iOS,Chrome
35fcdd6c-58b3-4003-8f10-f7482afdf301,ee34d2b177f2904a,mobile,Windows,Firefox
7e3b27e1-970b-4bf6-815d-2372a3b2c06d,764aa2befd8af821,mobile,macOS,App
b4b07b8b-7c3f-4d1e-8c07-11e29f408012,39974e06a547898f,desktop,macOS,Edge
d9033210-6cda-4b35-948a-f4db8522315c,e2d9bfcdef82fcb7,tablet,Windows,App
a2f911a1-7e29-4d79-9493-0bb760af1516,5d83ffd79ee0acda,mobile,iOS,Chrome
fb39339d-2098-43cb-aa3f-efd33ba509b9,310dfd0cde8cd69c,desktop,macOS,Chrome
bd65f695-c707-4b97-8ce0-ce27d86292cf,12c577cc07993efc,tablet,macOS,Firefox
a22ba2ae-2d74-435f-9ccd-dc30cc4bff47,5459bd17ea74b5cd,mobile,Windows,Chrome
24c581da-b6cd-4fa7-ac05-b9b546696ed0,7db142944ef1b123,tablet,Android,Firefox
f29583cf-44f1-4b42-beea-877a0ca720f8,074b257c081298fe,mobile,Windows,App
fc1f0f34-409b-4c5b-950a-81cbe696ca74,436a18dffbd85db8,tablet,macOS,Safari
a39acb66-cf50-4b7c-ae2d-eb81e95911d8,78b4116977e76f63,desktop,Linux,Firefox
ad145801-ad2e-4cf2-8b84-839324c7450b,f3406fb9a83fc385,desktop,Windows,Edge
4ef412fe-c4d9-4b28-b6c6-2939cdd7d49a,0c27b4308d27f7ca,mobile,iOS,Chrome
8795b69b-fc86-41f0-83f5-70fe0bc75175,1d396990c93a5f7b,desktop,Windows,App
3d903c59-fa06-49d8-ae1b-5b02d69dd868,cb973a415800a3c2,tablet,Android,Safari
9f5d1bd2-7985-4592-bc80-251acd6c2f8d,9c29a8f47e5adf21,mobile,Android,App
b1eaef90-d60e-43c3-870d-4879492b24e1,4d452e64bf2d4f0d,tablet,macOS,Edge
7abcf71a-3c90-44fd-ac0d-f95e4b72412a,3367cbffca0d9af4,desktop,Linux,Chrome
8abdb045-cb3b-4f21-8e6a-0e3a50e67325,c63976c4a12da9de,tablet,Linux,Edge
632042d5-f818-4fe2-b1a7-c783a12d62ac,a76adffb6782cf9d,desktop,Windows,Chrome
a1fd3fac-1d71-4ccd-b505-c742b7a3c166,173d4bf0ba1f9fc5,desktop,Android,Firefox
c6a8e655-8cd0-4c8c-b0ee-0e2678b47b78,541f07543b44c4bf,mobile,Linux,App
2e93d8a0-7b79-4139-b897-5299beb12315,c2f49043569c26f3,desktop,Windows,App
ae0d0463-3597-44eb-9147-acb34c2d2603,604319ec10f6ec1f,mobile,iOS,App
2ef30890-60de-4e35-93fb-b75815c50a74,ff6b7ccc2002e38a,desktop,Linux,Firefox
fd149c21-52bf-412e-be7b-1baf3e1350f4,1c2e456b0b04064c,mobile,macOS,Firefox
fa0e281b-4331-41dd-b0b6-62b15615a6bf,13925965f5f1a999,desktop,macOS,Safari
367f4299-db65-46f5-adf1-1d620acfd691,5ce697754cfeaed3,desktop,iOS,App
6df71f04-9dd7-4905-8875-850ac92926f9,17e359be078110d8,mobile,Linux,Firefox
bba362ed-dcd9-4bee-bac6-cfefcf720075,3508c88573b56e86,tablet,Windows,Edge
c1e9a6a8-6510-4db4-b5e0-7662fcbd97c2,109515fa7d8aa13b,desktop,Windows,Safari
48de22ea-9f96-47fc-bd06-749db5aab8dc,878c799d6c6aa5ec,tablet,macOS,Edge
52caa24e-34b5-4333-93e9-6cf1c3161992,4e36d747d9f785c0,mobile,macOS,Safari
62612a0a-87ca-4138-ae5e-0549554b222f,9512b1c8fd0ee323,mobile,Android,Edge
84e23010-5ba6-47e0-9ed8-cc368fbbcb06,38899187f2eca191,desktop,iOS,Chrome
869f7fe8-f8dc-4c46-b826-4d42136e9e36,c40a98da7fd87090,mobile,iOS,Chrome
b648525c-d868-48f9-814a-aae819ceeed4,fc01ad9036977477,mobile,Linux,Safari
b7d2aff1-4b5d-46a7-9f87-979faa4787c6,185ff0ceec0846b7,desktop,macOS,Firefox
13d2ebc8-88ae-4863-9122-9a0c6c2b7df0,815f851dab177590,mobile,iOS,Edge
59ead648-0517-4d27-8569-4f04f98e8f9b,b0649a5c64254fb5,tablet,macOS,Safari
de56e5e9-1f24-40c2-9069-60dae928dc5e,c21c6977ddd2d218,mobile,macOS,Chrome
792cf3c7-395e-48d4-8d98-57a34e4a2da0,86bc685bf5e7f874,mobile,iOS,Safari
ac634a25-b018-42f0-a5bc-2f3b1c804d76,4eaf5029b5407500,desktop,Windows,Firefox
951a2bf0-60c6-40b2-850f-543e558d906c,8756b57afd6c85e5,tablet,Linux,Firefox
d164c9db-1d78-49e3-833f-f8bae9eacd72,b0b6a9deb1e24c24,mobile,Windows,Edge
e09b9a66-69ef-4038-8cbc-18426767ef64,26c27ddce6e5aff1,mobile,Android,Safari
3e277858-09a7-442f-9835-bdd84c1bce46,14791412dbc454aa,tablet,macOS,Edge
8deedf8c-5344-4f15-9610-41f9c3c81d08,d899914ec7cc508e,tablet,Windows,Edge
510b098a-d43a-420b-b0e6-15931f38c1e9,99ff703fd13154de,desktop,Windows,Edge
c6f0ab5f-715d-4a32-895d-2cd0c4d7b23e,d3184fd6da004da8,desktop,macOS,Firefox
3efc6738-bb2e-48e9-8c7b-f64c8dcd772a,89fef5753567f44d,desktop,Linux,App
fddea167-ff68-4a04-89d5-95c6fd982865,dedea1680fbd7ce0,desktop,iOS,Safari
37677f98-32be-465b-bb6d-21cf8a1f663a,3b9e02063f97b52b,desktop,Windows,Edge
66fea752-6318-4686-87ad-5f6269cca95e,f5ef5320ce2cca4e,mobile,Android,Chrome
0f107f48-4885-4620-ad77-768542a197ad,92429c7647b3d8d0,mobile,macOS,Chrome
1cca6ffb-d755-4dc2-9fff-ca05ecd4ad64,d8ba92bbbe63d211,mobile,Windows,App
bbf3cd77-efcb-4dae-8dae-8f40fbd818d4,f608fa4fb84e33b2,tablet,iOS,Firefox
dcb0a15a-6528-45ea-a867-93b19522220d,54b4c5032ffb2b6e,desktop,macOS,Edge
e66551a1-099b-420b-b875-d9728ed73c64,343e2c1340054474,desktop,Windows,Edge
e46e503d-a025-4ace-9555-0de75ac7991f,50de164be5cdf107,desktop,Windows,Edge
5d4322fd-5906-4c4a-a233-ac0e7e0e6a11,a5bf912a27aadb7b,tablet,Windows,Safari
92c7dfeb-f2ec-4512-87ef-bf36fa86656b,3c3065ffec0579cd,mobile,iOS,Chrome
f7a3e0bb-e2b7-450c-b52b-411611fe6943,228b1acd4aab3b55,mobile,Android,Chrome
45ce7efb-8a63-42be-9afb-3cf2d7fa57bf,a5e6db12c42a4332,mobile,Linux,App
84103fad-105f-4940-89e6-cd2c535b9a96,ee6adb5ee0215a72,desktop,Android,Safari
ee0fd95c-5cc1-45ce-9e93-1660d395489d,19bc5b7370d56480,tablet,iOS,Firefox
0fa6d96e-2eef-4fb9-af53-f82b5730d9a1,f419d6bad24a5611,desktop,macOS,Firefox
be8b962b-7da6-4fd2-86a7-f3e5bf5c48a8,a31c90bbe0a2ae70,desktop,Android,Chrome
9343b473-c2ec-4355-beb7-19b132b3c0fe,df2d96e49ab2a626,tablet,macOS,Firefox
d7f24eeb-13c1-4262-ab72-55a910e9dc94,2a85ac8ec1abd322,mobile,macOS,Chrome
9392f72d-1587-4cbd-bff3-9bf689314614,67359cfe6f0b167d,desktop,macOS,Chrome
c7c8e06f-c762-4e24-83d7-5827b263f9c9,4e26e372b4628caf,desktop,iOS,Chrome
7ab14225-7b66-461f-a4d5-678116c387d5,a7a9be12ab307bd9,desktop,Android,App
afd50fed-3a10-4201-a375-77540fcf346d,04d02cdd5d3095e4,tablet,Linux,Firefox
27e075c6-4480-4dcd-93d4-96ab17effbdc,4104455fedc311b1,mobile,iOS,App
80034205-ac79-4f08-94b2-dd1b18a089af,da9c5ca456b2a30a,tablet,Linux,Firefox
ecddaded-a5b3-46bc-a210-0cda2d231e10,9512b2246cd78ed0,mobile,Android,Safari
8b148a28-e021-4ea8-b265-5f66b8b2cfc4,97349ae675187f8a,desktop,Android,Edge
3cbc620d-582b-48d9-af49-33c862f901c7,f9443fd1cc9fb9a5,desktop,macOS,App
34906a79-0a11-45f7-8df6-7dd5a352016c,0312d3de257325af,tablet,Linux,Firefox
f213969b-9fcb-4438-82b1-f496f43a25ab,fa109c623194cc67,desktop,Linux,Chrome
1cfde3dc-43ac-4d52-b2a5-3ff3bf76ebb0,35b5dcfdc584390f,mobile,macOS,Safari
940a6ae4-a9bf-413f-bc52-6fe7cd25603e,ee851f652dd67e46,mobile,iOS,App
c0694635-73a3-4fbf-951d-b98e97f98d78,ab107267fa29e54c,desktop,Linux,Firefox
b92e2123-0b4c-4868-b199-06def9fd0ec3,8a046fadb1cbcb61,tablet,macOS,App
cdf37f66-d827-46eb-a39a-d4242f842d06,2680e5ed7eb48b77,mobile,Android,Firefox
037af12b-9d35-438e-8560-b2e50dfd8608,05513fa3518225a8,tablet,Android,Chrome
748af97d-ef63-4c99-b1ae-70739f300de4,c416041460be76ba,desktop,Linux,App
30447772-c6ff-4a7f-a7a2-416940004678,6f6b2c658c2f79f7,mobile,iOS,Edge
4ce7dae6-7c5b-4c2e-839a-d1b8fbce3c9e,ff41886dd5edd658,mobile,macOS,Edge
67bec519-7f6c-4a7e-a454-923595de5363,fef804e4259ac3aa,desktop,Android,App
fe9720d7-073d-4dba-8827-ead3397b76b0,7733aaf51a2deee5,mobile,iOS,Chrome
d739c341-b2e7-4873-a94c-64bdae29d2f1,e955a48c3f6831ff,mobile,iOS,App
f2710964-8e99-4b14-8e03-bef2f8724e9d,8254233eeb40d465,desktop,iOS,Safari
6e595ba8-4854-4374-9025-49c71cbdf667,077b1f30702f2ba5,tablet,macOS,App
3a4e33cb-52ff-479d-82cb-55fb0a945e2b,fb54ca36a5fc8644,mobile,Linux,Chrome
a915eb9a-24e8-4fe5-9442-6dde2f3a7e38,46d8999edf2f5d98,mobile,Linux,Firefox
2baecab0-e96d-45e9-aca0-5d72e2611f1f,ba752df45aaaeaf7,mobile,macOS,Edge
68bfe5e6-3c5c-400f-ad18-d928bd739e1c,78a9988f65765168,desktop,iOS,Chrome
be2db3b3-9d46-490b-8707-1276e3d7781f,1877d2fc286a8e34,tablet,Linux,Chrome
1162d3eb-c372-418e-a2c9-bdf0c335a3c5,059d4d27e734e73e,tablet,Windows,App
f37b3a4b-4305-4301-a7c2-a2c1788c0187,2c9b23df0d09972d,tablet,Windows,Chrome
1270fa75-ad7a-47d1-acc4-716e57a4b037,f6a4784454603026,tablet,macOS,Edge
9793874d-3355-44d6-8626-d64aeb6155da,31ed0f52c7230751,mobile,macOS,App
6984b88a-0e31-497d-9394-46bab659be2c,1562a6f4c95b6667,mobile,Linux,Edge
81f1392c-e450-4148-8188-ba741b88040d,25b81b20cc2d72b9,desktop,Windows,Firefox
aae80e63-8013-4b68-9d1a-f2704bc3fb15,080cfb5027a6e43e,tablet,macOS,Firefox
2ce84553-2636-43bd-99cd-82026c065561,3b4171e5ce509f46,tablet,macOS,Edge
73e10d2f-0282-4d52-a12c-fe78084179c0,a9b167afa46958c5,mobile,iOS,Firefox
9386278e-0a09-4234-9c2e-49544f2900ce,face97c9194e367d,mobile,iOS,Firefox
7d6489e9-85e6-4355-8e36-bd3c9d836b36,9d20f0fb3dd2c545,mobile,macOS,Chrome
223c2538-a34e-420f-9afe-401365bcaec7,fbee4d6a0f0e392c,mobile,Android,Edge
c275b08d-ffa7-4b40-a3da-1197afa08674,fdbc04aaa495ee16,desktop,iOS,Edge
b98f9195-bb34-4886-9032-dbfddb05de41,c1f552f8f005ab3b,desktop,macOS,Edge
22ec25f1-4434-4958-a1be-adafef5cb0bb,972a0a1af9f3d2a5,desktop,Linux,Chrome
ce5f541a-351b-416a-b0ee-6277344d88d9,1520cb1ae1fd5201,mobile,Windows,Edge
51bd4728-17cb-4690-b57b-43b52631465f,5de517cba699662a,tablet,iOS,Edge
816c2253-ef4a-4a03-ba36-73d309dcc47b,750f8180d2d0d098,desktop,Windows,Chrome
813e9718-12d6-4948-a1ec-3f78ab18c619,57b4bbcb5902ffc6,tablet,macOS,App
09ccc87e-8ea0-42dc-879c-3930dba5a781,6edfca99c2ebcc45,tablet,Windows,Firefox
c8bd598e-67e4-4e40-abd9-ea3d8c85f0c7,25afe7a8325d9cce,mobile,Android,Firefox
53c8bc8f-23c3-435f-8bd9-83af4af1393f,f1b8069da1ceb80b,mobile,Windows,Edge
5480ba59-be1a-487b-b09a-0ba4a1fd5d45,a85337e55dca83eb,tablet,Windows,Firefox
aa7a6a0f-0e43-4e7d-9941-9750bd8e6c7c,36fb29084a1f5224,desktop,macOS,Firefox
1ef3547a-4a8b-409c-bbee-838619838efb,20a31a8355260b4e,mobile,Linux,Safari
86a0551d-0e72-4722-81d3-537bc540ff09,864d2b0ca8c9824d,desktop,Linux,App
ea547818-abbc-4691-a688-28cbfe324cbf,0ac1f0ff0ce32c7e,desktop,macOS,App
bd23ac2a-bcff-45b5-a461-a4810b12e93e,424605768e29abc7,tablet,iOS,Chrome
13fcc91c-de87-4fda-add6-640ec71e459c,13ed6586a630ef46,mobile,Windows,Edge
ef9c2d87-e24d-4756-a597-449ee63b220e,7315fd4fc10cb9ab,tablet,Android,Chrome
d55ffae2-c9d5-41bc-aade-ed45369920e1,73d9f5e7baf86aea,tablet,Linux,Safari
804c7ddb-4c9d-45e8-a9ad-041fddd73bf9,28c5a8dd18c25166,mobile,Linux,App
7f070ed8-05c1-414c-8cb5-ac5f0af7c5a3,0bdcf147c72885a4,mobile,Linux,Chrome
ee3b001d-f049-4d00-b7ca-8c1f5613eb02,2b0736dd699f02db,desktop,iOS,Safari
99da915b-754f-491c-8f99-bf3edbacc0fb,da804ba94fd10dc2,mobile,iOS,Safari
bf45239e-cf60-4252-924b-65107a97f052,584c24311c55e198,mobile,Linux,Edge
dd9152b3-8604-4d7c-8068-3fafd1650039,1d7fbdc2fd4b4d67,desktop,Windows,Firefox
025c010f-0a28-4fbd-a625-8e79d56700e8,fb1d5b8854d57b5f,tablet,macOS,Firefox
3d6d1e8a-ce9e-442e-a36b-f7ca072aacf5,49c8dc9eb7ca35d7,tablet,Windows,App
9d0f060c-fd02-4a5e-907a-a3c323e1f54b,23a53b9e2f4cfe2b,mobile,Windows,Firefox
55cd9dc8-4aed-485c-b725-caf04810259b,fd54c9a6d1204412,tablet,macOS,Edge
b84b8e48-7baa-4a63-8c43-9985335a9453,840e48a0c3c9b6bb,mobile,Linux,Chrome
1bc5e682-8c28-4706-b5ab-cbd6881072ec,11fbd48f51f71f1a,tablet,iOS,Safari
ed9b326f-7c27-4940-b0e4-c47dc7d8b43d,bfea282d751268c6,tablet,Linux,App
a59aaa8b-3a62-48de-a899-f8bcf746dd17,de877348387f9354,tablet,iOS,App
9e5f245d-feac-4696-86c9-05585389b623,340fadde16eeb65c,mobile,Windows,Edge
5ec6b406-a69a-4b51-aa23-0330afa2e5e4,7c5fc3906dccec3e,tablet,Linux,Safari
de19a9e3-aa68-4162-bae6-4cc0c751da62,0a3266b32b2ad875,mobile,Linux,Chrome
a14a30b8-47ff-4624-a7d9-b241f02d266d,f7d30bd01cfaf041,desktop,Linux,App
efcf0b84-ca07-454b-baf8-fe5626943f13,21f7fa4259b09865,desktop,iOS,Edge
4c060222-e0a7-4b0f-b8dd-935bca27a27c,e1fa246391c0b3cb,mobile,Linux,Safari
40e355cd-3a02-40e8-a194-ab975153e7d6,d5e513d79426f6dd,mobile,Linux,Firefox
879d5c0d-201e-4b24-a257-d4084e513c92,4782f291cce2369f,tablet,Linux,Edge
4cee0ab1-d283-4809-b8ca-7342c6b6600e,4a7c147344872eb7,desktop,Android,Firefox
a29e48dd-fc56-4486-b832-c5bb69bd24f2,362e8c3dafb598e3,desktop,macOS,App
77085f74-f6bb-492e-9df7-c435fac4b17d,93bdd42f157d57a6,desktop,Linux,Chrome
bd8fe38e-bf47-45d3-9c2b-0b26a51864c0,a49db14bf48a99d1,desktop,macOS,Safari
c1bdef09-f001-4968-bda5-404fca76ac1f,b4bf71266ec80efc,tablet,iOS,Chrome
13408136-70d6-4618-9748-9a1139dd5864,aa8099aab9a55483,mobile,macOS,Edge
1ddafc55-6951-4e0e-9993-4314c3282b17,0f48976a8c3b27cb,tablet,Android,Edge
2f2435aa-7919-4fe5-b0d4-c6336ebb3578,ae8658eb752ba7f4,tablet,Windows,App
0b4ce423-8c5c-4780-bdd3-444e1d132685,2202a0b7b3cd4a0f,desktop,macOS,Firefox
1f50cd01-6ef5-4305-bd1e-a9842757a094,78ac72b093f9ede9,mobile,Windows,Chrome
53563ec4-effd-47fd-bf87-02e1c25639ce,b3d3c963b8a2f1b6,mobile,macOS,Firefox
47cd9e92-0ac8-4331-b7a5-559adca3b350,44be017f5e42769a,tablet,iOS,Chrome
54c5aeb6-d600-4cdb-92b7-56a1bb23e084,872d3235d50c6067,tablet,macOS,Edge
fdd3ed0b-bc61-42f2-8420-cfdb6fee5e02,34eb23287d446935,mobile,macOS,Edge
5fef4ec3-fde9-42a5-b2f4-3ed9c2ede0ec,2b5720592df8634a,mobile,macOS,App
8fe346c4-711d-45e4-9c6c-62f68914d7d6,8deaa887561634e4,mobile,iOS,Safari
5ddbad8a-5e70-4da1-9bd3-783da73fa09d,c2132a768c68d751,mobile,iOS,Safari
9ae6af06-bceb-4662-b0eb-1f17810a2f33,913c9bfc7fa490aa,tablet,iOS,Chrome
3709100c-bf65-4b16-8fd9-f1210bb7d213,cb9bbb10c6516da5,tablet,Windows,Firefox
998413df-b628-4dc4-9a42-a44355fb05e9,78a276e2729aa654,mobile,Windows,Firefox
ba3631a2-238a-45ac-889d-85dce4460ae2,991a9e6f9e8d90b1,tablet,iOS,Edge
b307d439-834d-4afd-93f1-6b7b31de6503,b3d381ffbd20f728,mobile,Windows,Edge
63e42dcb-b226-43eb-a63f-9aca2a322ce7,58e41aa05453708b,desktop,iOS,Chrome
ca32fd63-7310-4cd9-998c-5a4b3797fb12,88632b00742aa272,desktop,iOS,Safari
9ecf5f7d-e5cc-4f48-b04a-fd9da9f1b9e4,6a5ae64ce7cc780c,tablet,macOS,Firefox
3d844e22-4319-489c-aaa1-5dfa450eb133,4c2367b2a7061424,tablet,Linux,Safari
bfd68d6a-51f8-4522-a67e-bed43627f282,0bf88c8c7ad2af59,mobile,iOS,Chrome
62addc7e-ce1b-40e4-b1ea-ee684cb3857e,8c049ae4047b66e7,mobile,Linux,App
1c0219f6-8bbd-41d2-be53-95712624f7bd,06a67d08e305bdd5,mobile,Windows,Edge
749f511c-3160-4d41-8b79-812b7d8f0584,a8c8a3e67e983040,mobile,Android,Firefox
a74fdb1c-c46a-4916-a4ab-25bb53ef2a98,030d767f8db05db3,tablet,iOS,Safari
63627e87-4a7c-4e1a-be44-1587a62c69f7,426100b0c8340677,tablet,Android,App
74aece27-2113-439c-abb1-4d7fa413be8c,b98583c73cf91011,mobile,Android,Chrome
f3f9eb96-e94d-432b-a72d-966792cd90df,01e20c9f026dde92,tablet,iOS,Firefox
796a5e9f-465c-4f3c-ae17-211956be4041,27647a359abc45ad,desktop,Windows,App
3349af63-ccf7-4c2b-8f0e-843724b4ff85,9ef6b83856761ccb,desktop,macOS,App
8c395817-9d5e-4bc1-969a-d43377ad890c,f9b7da003513df9c,desktop,Android,Safari
d29feb96-a828-427c-94f5-adc6af0dd783,675de0cf43f1e4aa,mobile,Linux,Edge
ec47fd2c-87c0-4ad1-bd7c-836cf9a43efb,d13c1c6786aaffc7,tablet,iOS,Chrome
76e7e7b7-1054-4fea-a269-481a418543aa,e22cc5057470fed2,mobile,Android,Chrome
0d8f8e7b-ae68-4283-ab77-045fb7b5c332,b9dacbfe9a2ef026,mobile,macOS,Safari
9acf0925-4ce6-48d4-969c-bfaa552d913c,f7a938e9ffe86696,mobile,macOS,App
505adbc3-71f8-4bf5-b3d8-316868459359,c2e03bf793cea2e2,mobile,macOS,Edge
ae290304-62e4-4437-8d07-7d7f3f97acbb,acf39ef8060d1107,mobile,Android,Firefox
6b8263cd-295f-4a6f-abaa-363329387d93,24267c57e648aeb1,mobile,Android,Safari
a4902d5d-5200-41f4-85c1-56746dab1b64,f2841b832a011822,tablet,iOS,Chrome
52238d2c-bf7a-4b52-a0d3-a6332223bafd,62495c1d7d0551b9,tablet,Windows,Safari
2cddc89c-4eca-4506-a019-9a698fbf54cb,c2974529ac3d1fc3,mobile,Linux,Chrome
8b0f383a-ca06-435f-830a-af160163cc49,28e4bcfb4ede68a5,mobile,iOS,Chrome
cd25c597-672e-44ef-ad0c-8da7a21d619c,51c557d34c8b1886,desktop,Android,Edge
427b9de0-dafd-4a94-8f55-eea0ff4cd3de,bc829a148d5e3dad,tablet,Linux,Chrome
4a554972-da0d-4549-9902-618e2caacaf8,b7028a82bd5525ff,tablet,Android,Chrome
52efdc9e-c9bc-4ca7-98f3-cc6003782881,be7f5cc261bc5d9b,tablet,Android,Firefox
978c2517-613f-4dd4-a7b9-4ab2cdb87386,d0ffd47b139cef14,desktop,Windows,Safari
920c4c10-d363-4e2d-8adb-dde78839ae54,0e000455f945509e,desktop,Windows,Firefox
17a367dd-89ec-4376-9085-c7af0c8ce829,9412b8f65e4da48f,mobile,macOS,Chrome
ee07b2f1-2ee4-4f63-8af0-b0f3dd483f54,bcab68528c67a9f5,tablet,Linux,Safari
a1ecc4eb-3e13-4d62-be4d-650d816fcf0c,1d9d8b335de33f1c,tablet,Linux,Firefox
75ccb2c6-b92e-43fa-9b98-e4b4180198d9,033d8ae9a76b1f05,mobile,iOS,Edge
60ae6ce8-6939-4740-ab78-389b6ab1fe1f,116b2fda0e3ed381,tablet,Linux,Firefox
9e03c06f-f423-4a6b-b7ce-b182b80a3476,f17654199d672bdb,mobile,macOS,Firefox
04188f05-d0c7-4f3b-8eba-f3b2e27df401,e0c90fcd467e9239,tablet,Android,Firefox
883e56b0-37f2-4098-a30a-3acbeeaf7087,fc747c53396dd1d7,tablet,Linux,Safari
84faf4b4-aec5-40e6-95ec-fc3624883bbd,a82935e2247dd9e8,mobile,Android,Safari
8385e4c8-b9b3-4575-8bae-5d07fa24f407,53904fc474f5040a,desktop,Windows,Firefox
72411104-99b2-4fd3-aeed-e23b549c49f7,009fa0343854768f,mobile,macOS,Chrome
21467642-2af0-4aae-9aea-56265a4e7da6,133cb30d2308b65a,desktop,iOS,Edge
02eb65bb-2d16-487c-ab1d-e782c4ea6570,92e584908b7e8a98,tablet,iOS,Edge
4167910e-c5ea-4747-b1bb-c0e6445a2beb,9ce35dcb72122fc3,mobile,Windows,Safari
5e0f31c7-004b-4341-b18c-2acece2504bd,ef6fee377223585d,desktop,Linux,Safari
0b91606e-e158-4674-810d-4fa7ecc8604c,bc9c3d3c6c3c62a9,tablet,iOS,Safari
f75ac322-f44d-4753-bc3e-4f7129df70c6,fd4709e69d45de02,mobile,macOS,Edge
54594f3e-28f1-4f63-ab70-51888736369e,f85fa9e13916a44b,mobile,Windows,Edge
a85def39-627d-4c20-a95b-860e9c0c1e0a,eb949455ef9ad808,desktop,Android,Chrome
77ff0cd5-eef6-4878-b49f-17f881a0f37e,ada518cdfe477cac,desktop,macOS,Firefox
fdb4911d-377a-48ba-af41-dc47a5416433,e5dc5e1b347abc6f,desktop,Linux,Chrome
28cb77ef-83ac-4e5a-8961-041f476b8930,b3a0a85aa88f5a73,mobile,Windows,Firefox
da233303-7bee-4006-a87d-86f3cee5b7e2,1162417e273259a1,tablet,Android,Safari
1cf27cfd-fd46-477e-a48c-bf740c282f56,8ecf2acd91aaa683,desktop,Android,Safari
80a25395-0902-4cbd-8a3c-8d0f2e3dc916,315be51d7a3b24a8,mobile,Windows,Firefox
4ae50dbb-117a-45d1-a083-4d6a741078ec,697cd69074760ed8,tablet,Windows,Safari
c2265e9e-8664-48f9-b468-c3266d5b6120,554d67e5c6e35ebb,tablet,Windows,Safari
a2db55d1-6c7b-4385-86b6-e25ddd82d465,6291c916809c4a4b,desktop,iOS,Edge
84f20c18-86ef-4e5b-ab68-cabf1ec5ba3e,734119434ac523d5,mobile,Windows,App
4f74c876-ca5e-4d4b-8937-97eb42aa7a49,aae75d7292800e2a,desktop,iOS,Chrome
bac562d6-128f-41e1-823e-ee0c0cda9edc,e75d58c86e1d9dab,desktop,macOS,Safari
72308b04-c088-4a54-b854-569c78594922,9a333f114a7fba3e,mobile,macOS,App
2ed14272-95b0-4937-b00f-c9ff72ce823f,17d5fd3cfcfcbd30,desktop,macOS,Firefox
c7b5b2c3-f505-4927-a296-88001be89ded,2497ad822cbbf61b,tablet,Android,Safari
21ed1731-fcf4-4148-9a0c-5ea69fd0b711,6a5fe62af397e194,mobile,Linux,Firefox
b9a7917e-bc59-42ee-8d8c-09516b11f853,fb09d528186fda3b,tablet,Android,Chrome
61a00254-e64c-4a97-84ae-4d418904f026,f8956a3ad526b64e,mobile,Linux,Chrome
878a96e3-5d38-474a-8110-30807ac704b7,41c5f61ecaccaa31,tablet,Android,Edge
40e4887f-77bc-41dc-afc8-620a9b3a847f,9288102d815b1892,desktop,Windows,Firefox
0f484272-0213-411e-bcfe-a46507cacf64,5b78347b623bb29d,mobile,Android,Edge
68e6ff44-d1a4-4183-98a1-74e2569a5353,e62693e2063f58a9,tablet,Android,Safari
5174ba20-fcc9-43e2-81fc-298c7c0eca6e,d1f5eab6a52d201b,mobile,macOS,App
c53203ee-2a85-4f72-8210-618cf792e2b8,34b7779175ca63c1,desktop,macOS,Firefox
1c725011-37b9-4f19-9b3c-8fbd1aaac746,166f35583269d804,mobile,Android,Edge
37b8bcd5-dbc4-489b-86ed-db05b1dad08d,ea4f5d7e561263b2,tablet,Linux,Chrome
b6aa827d-aa82-4427-b651-9b8b89edeb74,38d1723e07ab8086,tablet,iOS,Chrome
ad8e650e-13a0-4c2a-b347-5a57b306365c,0310cc732b013a0a,tablet,iOS,Edge
14878e47-7c4a-4ec4-9817-a5630847cd7f,2d176cf61977437b,desktop,iOS,App
6f7e56a2-e331-40dd-ae01-619605c7f013,80eedc6b0351a07c,desktop,Windows,App
9bbb6fea-0d3e-49b3-b3f0-fe952201c50d,fc60bd98e9050268,desktop,Android,Safari
f6475dd2-9868-47e9-b031-9f7164632b49,c4a3907e8be58920,tablet,Windows,Chrome
0e3d3349-3bff-4fac-a659-447aa8feaf17,31688b2bc04599da,tablet,iOS,App
b9450d66-b31f-46a7-8ed1-8b6f2ee01c89,2559f219cb5de95d,mobile,Android,Edge
c2901d8f-e323-4bd6-9e06-83521a7c8212,ecfb62e3aa9a1cc5,desktop,iOS,Safari
cb01fb39-84c8-4639-9851-8c3301ac4ca2,b1be7abf48b91285,mobile,macOS,Edge
9bef54f1-918d-4684-85f2-dfb133baf60a,1e3b0f84def95223,mobile,macOS,App
605dd582-bfaa-43f1-a5f6-551925b9fab9,2227b917d8629825,tablet,iOS,Safari
66233fcc-dfe4-497b-af0e-d8751d3efae1,dd2ae921b06fb122,mobile,iOS,Edge
d0a4b8dd-b288-457c-9967-5d8d36aa4c6a,2efaf5e5de3a0a53,tablet,macOS,Edge
4873e6c3-fda9-41da-a121-ea42033a37af,3f9d2926d849bb4d,desktop,macOS,Firefox
59a0612f-2fd9-4036-b541-0e95fd3f1140,d0e441cc289c5a14,mobile,Linux,Edge
bda354d3-9f2a-4710-b030-8632cb241738,312c592e26d73ba4,desktop,Linux,Safari
923f0ccd-e394-47f7-b3e4-43e73874eafa,099c7850184a13b2,desktop,Linux,App
002ca49a-0a6f-4cf0-8eaa-97684e5de5e7,9ceda5287284198c,tablet,Linux,App
6483ed59-7e25-457f-96b2-038ac2ac25f7,64cf2ebe911d440c,desktop,Windows,App
ba7a3c9a-a4f2-4832-8e33-e9a1d14b2bac,26de0f49a66427fb,tablet,iOS,Edge
4fd47c2e-34a4-407a-bf07-e0fe8493d84a,38e06c70ea81e6e0,tablet,iOS,Chrome
9a0fba8d-584a-415d-865c-4534675e3241,f2e92c0ef8037034,tablet,iOS,Safari
af14361f-fb68-4287-b2a9-ba642a5fb03a,6d78b450a0bc722b,desktop,macOS,Firefox
96e020c4-3b13-43b6-98b4-43e2e7dc018a,18a32adbb271391a,mobile,macOS,App
d983bb83-5785-4eb3-81e8-f7e244c113c7,14285d8c1117092c,desktop,Linux,Firefox
fba95cd2-888d-46f1-af23-720edb00395e,ecc80df5c9bd5679,mobile,Android,Firefox
301530ac-65aa-424a-bc13-308982a68c42,2c89bdab1800dda2,desktop,Windows,Chrome
60867b39-9c0b-48ed-a678-1d44c0f6d5d3,dc75ccd2d4d4bf92,tablet,iOS,Edge
eaec1c49-083f-4298-ae52-877e65f8567e,4baa02e45152c1fc,desktop,Linux,Safari
9aa75522-01fb-48e0-8208-40965bf2a237,d457d00ad918c288,mobile,iOS,Chrome
248074ab-1f4f-4b66-aa89-d6796728f3ee,94a8ff40af177148,desktop,Android,App
613ff8f0-a2ae-4742-bb8c-a39ec8158bef,879a5d909dfef0fd,tablet,Windows,Chrome
5fb22af5-a3f7-424b-9dc8-ae3f2f2245ab,4e7fc5732e13b630,tablet,Linux,Chrome
6a1133e9-81ab-462e-bf61-911cf1a5efdb,922391cf7f8ecd31,mobile,Linux,Chrome
c3fb000e-7f6a-40cb-a640-f8bf56942f52,2812a6cc825e6d54,desktop,Android,Firefox
4ec1a3c8-84e1-4032-80dc-33dd390aaf55,778eb9f646da8298,desktop,iOS,Chrome
31d7c3dd-405e-4a03-aa98-2e61c765ebdb,c6c889710adf8fdc,mobile,Android,App
c6b4a199-590e-46a2-aa21-ebbddeced9df,43d07baa137a60a7,mobile,iOS,Firefox
3add66d7-83bc-45d9-8a61-a203f731265d,2a3619a75d7a3e1b,mobile,Windows,Safari
055c1bfb-ec82-4b1e-a271-70f248d9d3c0,f637a937a4fab620,tablet,iOS,Chrome
e5fa3043-c36f-45c8-94b0-4ac2020795a1,cc833c653873df94,tablet,Android,Firefox
d2c7da60-c743-47f3-b9b2-829887c4ed1b,9eaf62c96172a2e4,tablet,Windows,Chrome
b3694b84-1240-4564-8ad9-70dfce27a6d6,978866505d544c01,tablet,Android,App
c7de28a6-5455-407e-a5df-aa8d4c8e77db,3d7b3c18c1755d36,tablet,iOS,Safari
5e42db8a-6be9-4367-b37a-2b1af9bc2972,4434504d4b092e51,mobile,Android,Firefox
936fd235-f932-40ca-b648-1b514ff00d8a,421a6d5158be0c36,tablet,Android,Chrome
e332bf5f-36c6-4b16-a237-158b258a7697,549eb0824aa829c2,mobile,Windows,Chrome
456a980b-7cf2-4271-972a-63ac81b88c8a,15f42e1f3d95cb6e,desktop,Linux,Safari
31131427-1e8d-4784-b913-60124b738342,c8f8ae03c2c18d73,desktop,macOS,Chrome
94d08bc3-04ad-443c-b0e0-274e6f11ff14,a2b65e15f3f64ee0,desktop,Android,Edge
b78ebf44-ab6d-4ec8-b579-685c378e4fbc,84f2eb0ebe3e7f89,mobile,Android,App
01d6a322-cdf2-482c-9126-0dd814d2a1f5,2df3b231bce3fd96,mobile,iOS,App
3dc39370-0865-42d4-9693-528cfb8fc454,56794dfa39bc5d96,tablet,macOS,Safari
1798f221-e7bd-4f25-9a6f-56cf2ef378f5,7a04d83ab3e88551,mobile,macOS,Edge
26f6801e-67a7-4d0f-b434-e4c5db3c5d4a,d1599ea826c0b7d8,mobile,Linux,Firefox
ca9d0a07-df28-4875-95ca-5f931f5be5db,42561ce43b59d8f4,tablet,iOS,Chrome
c406ed88-002c-47c3-924c-187e871bd0e4,8da8c14b5cc759ae,mobile,Android,Chrome
f6c75923-d706-4dc4-8267-efbf8030958c,e27be22dd41ef760,tablet,Android,Firefox
99ac1086-6498-4096-8fe7-55100517e7ad,50560c10c9191c6e,tablet,Android,Firefox
ef20fc7a-0b8f-4d6b-ae57-48c8ec0b8f2f,c8415294b9c7faa6,desktop,Android,Chrome
15cdf2a0-92ff-4f88-a555-39bd50b32839,11468b29082bf851,mobile,Linux,App
9dc47e1a-1b9f-4fd0-a5ff-2633dacab62d,e43ab4871a1a80ae,mobile,iOS,Edge
bf744347-ffcd-448c-9c72-21e24579d5cb,1828918b3c0845f3,mobile,Linux,Firefox
aec0f45f-8084-4613-82b1-2aaeab5a8482,85874ce8e9553704,desktop,Windows,App
a1aac447-7367-41f4-801f-7cbea2c9748d,01c2e2e8c5a4642d,mobile,Windows,App
cf645f2e-adb3-46c4-9b03-6badf63bde59,5c5ef05c43f5ca1e,desktop,Windows,App
2f12098d-75f4-49b1-aa5c-644c42817a80,f705f2fa98aa6aa6,mobile,Linux,Safari
98670473-ea16-41b8-9c1c-9e3858cbabfd,1771851bc89eb257,desktop,Android,App
5031dc30-7010-47c0-9cfa-c452dea19f35,225b374fdde85de3,mobile,Android,Firefox
955569ba-bebb-46de-a40b-74b2594ae98b,d9f229d8990e61df,tablet,Windows,Edge
e88f5061-e636-4997-9fe8-71595e526173,2aba8bc25a84e014,mobile,iOS,App
f163e15d-b19f-4002-8b65-8c25373fdfe8,34a510f7ff3955f8,mobile,Windows,Chrome
408ff241-5e46-4078-bc03-1c4a6c9fd33d,dc2259d8afd2acc5,mobile,macOS,Firefox
8a3aa3f1-9dd6-49a9-aa67-cb2fa443ada3,87a1d410b58fb123,tablet,Windows,Chrome
e78431c2-2a94-4d7f-b583-7adc9bd752bd,687e9fa0b7af7c07,mobile,iOS,Safari
41f243e5-5229-4580-b683-d694c0dd08ab,fe4bc33b3eb48500,desktop,iOS,Firefox
af061764-3bb2-41bf-a41b-1f5d000b1ea3,ea3b0e0702cf4096,desktop,macOS,App
e4a5ce11-810c-4ef3-9a2c-d8ca7f4c0cbe,a7fec3d9b55c82d9,desktop,iOS,App
f30c6057-e28c-4029-95d1-5338277c3ae0,d9c15326f1b09a3f,tablet,Windows,Safari
862c5213-7738-4e11-a8a9-ab668785784a,4afdbcc42a8ee0b5,tablet,Windows,Safari
6a6f6a0f-8bea-4169-8961-5892a5d71785,6e13b7af133d2156,desktop,macOS,Firefox
5cef74ef-5a03-4c7b-81d7-62ef8794652d,ce68fd77063510b6,tablet,macOS,App
58428e2e-3bcf-4ca1-90ad-9463c2279238,db8431e4d8ec4435,mobile,Windows,App
0fa276be-4d20-4ec4-b5b3-ef76dbc9647c,7bdaccd6a5f212c3,tablet,iOS,Safari
e76c3337-fccc-4e5d-9573-5b1ea9c39666,d2328bd8a2756ac3,desktop,iOS,Chrome
f0702a4f-7cf8-4d62-84fa-81560077c613,7583cb9961be9f68,tablet,Windows,Edge
3538d8e2-6fef-4a9a-a6ab-905684932c01,cfe4772afcc0d439,tablet,iOS,Safari
fee4a960-b05c-4090-9842-5af6b8b1295b,68d8ac7e9922ce54,tablet,macOS,Chrome
58dff174-780e-4a95-b91a-04c22b880ebb,2faf14ad9733d0bd,tablet,iOS,Chrome
86a4d724-3463-4e1c-a467-dfd4bbfbe7c4,a960f003cc54360d,desktop,macOS,Firefox
5bf54c01-f23f-424b-8e7d-660356159b62,4f75c8bb8e3da071,mobile,macOS,Safari
5d7eeb70-95ea-4a40-a0ef-73e76aece7ab,c6995e4af26cb2aa,desktop,Linux,Firefox
04e86bf5-3293-4f0d-b04a-5fea445b85bc,54c5837db6eaf9c3,mobile,Android,Safari
1a8fb647-a059-4579-85e8-129fa26cb9f7,5dd17a813f0e2348,tablet,macOS,Edge
d830241c-c976-4c1e-a57a-75c8c09f1d51,2d35b7251d524983,mobile,Android,Edge
50bb77b7-cf0b-4a2c-92f5-335b82713ed8,22e00c6282ba5b11,mobile,iOS,Firefox
d7ec8ba6-cebf-40b2-af95-79d40ffcb106,ba68215e3a48d899,mobile,Android,Chrome
96aff41b-d9a3-4d00-95e0-52b3dd7fd573,4fa1e3938ad4a200,desktop,Android,Firefox
9c56c684-d188-4b89-aeb9-339069c75ddd,e97d61fdec8f97f5,desktop,Android,Edge
993d6486-664c-49a5-bbc8-7fab6df5ae39,c735f0a9b2a78fa4,tablet,Android,Safari
1f4e777d-d446-4e9b-b648-5b9defd53942,ba6458a9c93a9584,desktop,Linux,Safari
2ffed42f-0e73-43b5-9466-c93e691251f8,a7b76347287ae3a4,mobile,Android,Firefox
c7ae72b0-0bda-4a5d-a977-1a8249196948,ceeda8634739e387,mobile,iOS,Safari
d96ae904-6fd6-498c-82d8-696d28ec82c6,d41e4ae9a2c81bdb,mobile,macOS,Firefox
8750b1c5-1193-422c-840b-72c7430687f4,0d365168d1f738c3,desktop,Linux,Safari
52aaf9cd-539d-41e0-8d6d-2a1615d3098b,df0c6aa09e853328,tablet,Linux,Safari
34074409-7d8f-43d1-9137-76f62a0be0eb,595fefd399293cac,desktop,Android,Edge
ebfa98ed-e2ac-43ae-942b-9cd531687c20,3a7ddef61ec7d627,tablet,Linux,Firefox
8832c068-9088-427c-a6b2-f81915e6fd16,4c4bc9bf9d70a63c,mobile,macOS,Firefox
942495da-dfd8-462c-aa4e-c2d962902039,eef92df24540c4af,mobile,Android,Edge
c8c8af79-f81d-4c26-8548-9e994be07627,6f7f3ef6aa2ed324,tablet,Windows,Safari
1f913527-7393-4e75-b236-7e18c6c5e12b,8c4b2eba3d97f39a,mobile,Linux,Chrome
81e5b3c2-31a1-4623-9aec-81578cabacca,ec04889486d9159f,mobile,iOS,App
a101146c-e16c-4e27-b05f-cbe9b32cb0e5,ecc2a6f7de521e8d,desktop,Android,Chrome
f4ab0642-8bb2-4f86-bf51-2f78b08ea834,446dad8106da80cc,tablet,Linux,Firefox
48f9b5e6-5250-4545-9ec8-e64e8c81f4eb,8c415927f54948ff,tablet,Linux,Safari
d70acbe2-430e-429a-94bf-5c9df5ca5452,8a11ed66f3d7e333,mobile,Linux,Safari
48fae96e-a773-4aa4-86ee-f7eaa34bc6dd,8571c0087ed37468,tablet,Linux,Chrome
0007134a-d94c-4bf7-b225-0ad5f22cd63c,ef7d4d8221130262,tablet,Linux,App
5bc0b61a-e7a0-43a0-b9e4-bff18d322517,8d22c616e9e571fd,tablet,Windows,Firefox
2f19db00-abf6-4946-99b8-7a8710104329,27c753aa3e6d4e6d,tablet,Android,Safari
721ee914-ed69-4a05-8733-a200751aeb84,968e53c030e198f0,mobile,macOS,Edge
f1055483-c223-4a29-902e-999810ad9ed8,9068d86ec643615b,tablet,iOS,Chrome
20cba8fc-8aba-4c66-9c98-3f29f452590d,f5d864cfc34795dc,mobile,Windows,Firefox
0680d6bb-f6b3-46f2-abc6-16e7aa1736d7,3f5446139813e400,tablet,macOS,Firefox
a32c0f9a-ae61-4d3c-98cd-d1bfa5462c23,b11f3e236beb6b0c,desktop,Linux,Firefox
aa05e09f-0078-4ace-85b1-2abe2e4c88e8,cec0cfb2997c1b23,tablet,iOS,Chrome
6984c099-3d2a-4017-98dd-6b7257576be3,47690d93d45f82e5,desktop,iOS,App
315582af-0776-4a59-a189-89cd0cb864d2,6be8a8a59af841d3,desktop,macOS,Safari
276a70a8-7d38-4158-bfa2-63006c188126,8246e5e9b7bdc2cf,desktop,Android,Edge
58827dd3-b692-4840-b3f6-9652ca0fa89a,3e9d442714a01875,tablet,Windows,Edge
dd998c89-cf59-4ed4-953e-33741068b427,7185b948573dab4a,tablet,macOS,Safari
85b4f4a9-c47f-4cfb-8a8a-fa005dfac249,c3f403831c197f8c,mobile,Windows,Chrome
0b2ec810-1de5-442d-b643-fa7a21f00e69,77494438cd0b2d51,tablet,iOS,Safari
4c137a22-d893-4357-bf33-ce7dd0047a7b,5b0a68e52e35f191,desktop,Linux,App
a899bb7f-9604-43a4-8fe7-9c105cbb6756,a5b1d9bb4a27ccc9,mobile,iOS,App
2ec6a9c9-6dcf-42d4-9549-9b4d0b3755b1,dae906dc10b9b23f,desktop,macOS,App
f46bab60-ab22-42e8-b178-c08b4f4cb4ee,6c6ad6d2a68ec6b5,tablet,Windows,Safari
fe14f751-d871-4bf3-999e-fa498f63ee08,af863f3ed590d8ae,tablet,Android,Edge
d82a952d-51e0-4ea4-8f6c-aefc9efeb17a,a151ecd3e107b0eb,tablet,Windows,Chrome
b610cd3a-a5ab-4fe4-bb6f-da8874decde6,94470b9c13a6a1b5,desktop,Android,Edge
7671fa31-cba3-4d63-bdef-8ff4bcf8a3f1,b76d35f7e382a6a4,tablet,Linux,Firefox
f1824026-d147-43a9-bad4-f5c9730af55f,c7ee4719747f7920,desktop,macOS,Edge
154656e8-3c41-4841-8ad4-82a91a253d6c,9ecb3de2b4d2687a,tablet,iOS,Edge
0c5e2f39-f0d5-4bd3-8b38-4cf9e83d2ecc,9714e2396f9c61d8,desktop,Windows,App
251d2d35-3941-43e7-800e-ef87215f279a,31d7903d892c00b0,mobile,macOS,Firefox
fb7ac8ea-77e8-4fd9-99a1-7a616b3bca23,b07db6926d307468,mobile,iOS,Safari
44d53795-0664-4161-969f-fa0496915100,2ce7f467f9c437fd,mobile,iOS,Firefox
7b5539f8-580c-4ac7-9aab-7a86dae29429,b5eafb0910df2dac,mobile,Windows,Chrome
0911ae3e-542a-4372-88a0-f6216dab4dfb,6f8dd15982717dfd,desktop,iOS,Chrome
178cb5bf-23a8-4e01-8e52-0ea61ea92360,7caf5530b67f25d7,desktop,macOS,Firefox
5c88f394-0e40-4440-bfb7-f369edcdd497,7e5d276b66de2c98,mobile,Android,App
4e5459ba-efdc-4545-b507-8ca953a19fde,546e4b2d2e79e0c5,desktop,Linux,Firefox
083ec414-fe8f-4736-aabc-37b64a9cff94,768b47eafb1ae561,desktop,iOS,Edge
1d073787-daa7-4b61-acd6-70b198c95ebb,da39fc607dbb379b,mobile,Windows,Chrome
f727c14b-e15d-4fea-aa19-378d88f8152e,a947922a2267abfa,desktop,Android,Firefox
adb149ee-f917-477a-9662-832045495014,534f4376d02d09d1,desktop,iOS,Edge
c65e25ef-fd5f-4ec4-9b41-6a5a203b45e0,af7bbcb3d0f8d686,desktop,macOS,Safari
da1f7c7a-57fd-414a-87d4-2a49de5d8109,2b547339d8e04fa6,desktop,iOS,Chrome
1e075cce-b992-4729-a695-71d18b932f83,f81fe744c328e41c,tablet,Android,Chrome
7b3b8b82-c3bb-49d0-a632-be515755f2d1,3f9a4814054920c9,mobile,Windows,App
25ff9009-fa2e-4513-8b1d-1e38f97c0f90,0924034840c1e483,desktop,Android,Edge
82c3261b-19bd-4e93-b55a-8e11579585e0,05110b267ba8a9ce,desktop,iOS,Safari
f3d23ef8-93e6-4d61-b119-38a62080af83,ede10cba7050fdd6,mobile,Windows,Safari
dd4abe86-a1ea-4552-aa95-9c20ee95c3f5,1404a1798282895b,tablet,Windows,Chrome
10668827-dbb3-459b-8068-d4f8800d411a,67efe3658d88975f,mobile,macOS,App
53cb204f-7c22-4c8e-b3f1-10e3e60ad27f,198a2960b9bea9f2,mobile,macOS,Chrome
fbb13216-eb1f-497a-a7a0-cd3f0af13d1b,22d46a3732f02a85,tablet,Linux,Edge
4167e1bf-860b-4719-8f1e-404b665666c9,1833e2d3bdd2494c,tablet,Android,Safari
c8827f6d-3dad-4e2b-9e7a-66cbbd9e2b8b,01f412eec7218ef6,tablet,iOS,Safari
6797b20e-f09c-40b2-8b9b-4bcd051e83b3,e481a809b5f0eab6,tablet,Android,Safari
7dabf879-20f1-4d1e-9840-3dcd7b6eb01c,478140317f1958fd,tablet,Android,App
a5df17f6-75d4-4658-bf23-d77833577b21,e4ecc8c8177200e2,desktop,iOS,Chrome
dcae74f6-f986-4b15-aebd-2eeec86766b6,59391402f8c5ce32,tablet,Windows,Safari
69102336-d235-48ba-84db-c23d66ed4795,cf8be8fc40d326c3,mobile,Linux,Safari
cfa6a167-dc65-4a6c-a0f3-808869c9ded0,41e9f7df3bfdceda,desktop,macOS,Safari
d8ac9143-99d0-4f3b-b9d8-7af7e6ac1cdb,cae0a53b7eb681a9,desktop,macOS,Chrome
51e7e4cd-c700-4523-b50d-4358a2208371,b62f0104b0826bd0,tablet,macOS,App
8096319e-a7bf-4652-98a1-f850a72a65ce,5ca419ca1be70829,tablet,Android,Safari
91d527bb-1a6e-4cd2-bd5c-579741ee9870,a76888c2e7b0c327,desktop,Linux,Firefox
b447b164-70c0-4e1e-a5ad-bb33705d55ce,45fe62cb73607f7a,desktop,Linux,Safari
f4866b8f-a2e6-49a5-be52-d294b98c6c97,fa31d6810f9e32b6,mobile,Android,App
5ea9804a-bbf6-4185-9687-e3e6ae800080,d7a21dc0c0b3ffb6,tablet,Windows,Safari
fe7877a8-bfbe-4f1c-bc95-edca092ff6c4,a53f7e233d01e53f,desktop,Linux,Safari
8c6d763e-ba2a-46c7-9926-a4aca1181177,f90fd5d76938e872,desktop,Windows,Safari
6a6ac67a-344a-4ed5-a14d-9072fb3303ad,ae37f5509c7e293f,tablet,Linux,Safari
4b1f48aa-a4fd-4cca-a1bb-37a0a1ece16e,56926c3c89fff829,desktop,Linux,Chrome
1b8ef25e-1566-4b2c-b5e0-ff333b0e1084,324e07b019d9ff29,mobile,Windows,Edge
5d97350f-9650-491f-b0f6-263f1f2c4d76,a30df335a48cc364,mobile,Android,Chrome
0349dcc2-32bb-4733-835a-01b530845b49,922bb8f53e0ee7f0,mobile,iOS,Safari
c4fd926f-86be-434c-97f2-f99e0ec88efb,22d6e7a60a0ad1b3,tablet,iOS,Safari
54cb4eca-b5af-4acd-b9bc-abec8c56dc51,16188953b0b907c6,mobile,Windows,Safari
0820e7ed-1980-4cf4-9ca1-5ee8cf6e5e03,6ccae66e68ee5ebe,mobile,Windows,Edge
ef912629-b2c5-48cd-b99c-50b30a1d046d,e177aecc286c0b9c,desktop,Windows,Firefox
8be54bc9-bdab-496c-b9a3-549794131ee9,4298cefc49c210be,tablet,Android,App
74ea4e0a-c97f-4e9b-b86e-d56200fa5dbf,64cd00cb74d2cbe7,desktop,iOS,Safari
19f1a1d1-a682-4f74-aaa1-e5057149e3ce,9e8753e797622f49,tablet,macOS,App
98234bd7-397c-4acf-95f5-563a75249414,90f40ef239d8a63c,tablet,Android,Chrome
ab5ce5e3-3ea5-4e60-b371-bd63a73b1bcf,72b032c2466cb614,mobile,iOS,Firefox
d09523c7-b418-4497-96a1-7337f51528ec,264c409d89024653,tablet,Linux,Edge
7bfd32f0-2511-4be9-9c23-0d73c510199c,35e0e23407559777,desktop,Android,Firefox
4a090f6f-348c-41c1-8512-36fc40b8b7c1,ef0bfc4eaef3dcf3,desktop,Windows,App
2aa4b066-7c26-4264-a407-beca69cb2dac,5c6ddbafc22b9873,mobile,iOS,Safari
7bd6af1a-16dd-46d9-b872-413234fec95e,9af8755636b41644,desktop,Android,Chrome
db789382-7012-4e95-8be5-78756cfc98f3,1b3df686a1ac0ac0,tablet,Windows,Edge
6661c368-f3b9-402b-843a-bcb049de1577,a48d853cfaa07649,desktop,Windows,Chrome
a385b5d3-5702-4298-b49b-4b720ad2228f,7ff2f16930bde87d,mobile,Android,Edge
bbc56346-ccff-42e9-94f6-255a76d5e556,13d1379d4c91ecbf,desktop,Android,Edge
4e374c0b-e254-472a-9097-eea1ac725a4a,c4439cb22803bbd2,tablet,Android,App
346a1c4f-ddc8-4020-b221-8825c405b922,f2401aa6978eb007,tablet,macOS,Firefox
87c38baf-1efa-477b-b720-be80131c38a7,c9e3f8310700a6f0,mobile,Linux,App
9baacc44-a473-4b3c-96e4-06e64a0a7a4d,cdc41c15f3edaf1a,tablet,Android,Chrome
4dcd1ea8-2c33-48be-8681-c1bf195b5f5c,f00c3af73be373e7,tablet,iOS,Firefox
4e7ff5a3-f456-4d1a-ba7d-3f4aa9441ab5,a8667d1ffa864e72,mobile,iOS,Chrome
5040298b-e68c-43d8-82d7-8e17d0beec29,6a6d105d0e9be3ba,tablet,iOS,Edge
6593ba9b-4180-4f8d-b513-9d5ea94e532c,1e1bcde765f5021d,desktop,iOS,Edge
c0d502a3-2e59-47c2-a184-a817e3eb8a77,c42b39b54340e09a,desktop,Android,App
8af2d3f9-7894-458a-a56e-b8458e0c4969,64316ec8c7f5cf01,desktop,Windows,Edge
d75fb661-81d3-4783-8725-c6a8f71a6761,1b9d5b7a1f0b0a60,tablet,iOS,Safari
280c8ace-438a-4871-b6c8-5488cf8e9c42,bbcd8d595a99c31c,tablet,iOS,Chrome
26fb1d21-fbc4-458a-a56f-ebca727d2f9d,0276175e59eef4b0,tablet,iOS,App
4b3749da-6787-4031-9c3c-7db102587340,ff9b673c14160d41,tablet,Linux,Firefox
802cd25c-966d-48cc-bd4b-42b4c32ff0d3,7fa69e5cd78bdfe3,tablet,macOS,Chrome
7dbf2f38-b2db-4ec3-9bde-a10b04191542,054c949a56f8ff56,mobile,Windows,App
7cc52853-9ed9-4f82-92ec-5e0b42bb87a0,8b485cd3b68e12bc,mobile,iOS,App
a983634a-772d-432c-ac91-b802818f003f,e595c20150372945,tablet,Linux,Firefox
724d8725-5edf-466a-beea-f12b901b5923,32ecbbecc8042559,desktop,Linux,Edge
ec2ceabb-b317-42eb-b6f9-5aa5ba7e74dc,e4458b3cee4ae20c,mobile,Android,Chrome
13613fda-9b7a-4008-a0da-827c3a7aa710,0da3fae8466555cf,mobile,Linux,Chrome
96914815-5157-4224-9d82-b30ba5b96cfb,3db2bb6fca5ee2b6,desktop,macOS,Safari
4c437be4-171a-4661-919d-b746ff40bf1e,346c97c0196d8d62,desktop,Android,Edge
e3b86064-be66-46ea-810b-53ae50a00fec,5bec37ab52ded9e1,mobile,macOS,Chrome
b2759c61-9963-4f02-884a-41cdd604bb6c,89561043ac6c0bac,mobile,Android,Chrome
7c9614ef-efd7-42d2-a016-725435b5a582,d94bfcbb63792162,mobile,Android,Edge
54003d8b-20b1-4798-9d05-4bcae3dc7cad,2b38ced3f6e5c9f5,desktop,Android,Edge
0d750614-04a0-45dd-8071-17b5ebb10b62,43253c10398a89f9,mobile,Windows,Edge
8ad6bcf9-e76c-411c-bb1a-e7a1f8e8afaa,56f0c7367441b9b3,desktop,macOS,Edge
b24b2677-c94d-4ad6-bf51-5f1af1c77dd8,129ea63aaa63d452,desktop,Windows,App
f75d0270-9bc3-4049-a3fc-6e1aa352d3cf,fb53c3fe90b876cf,desktop,Android,Edge
2103b3a9-ed0f-4457-8182-efb9704b7bec,2d2309ce3931ff2d,tablet,Android,Firefox
cd68a436-0de3-40d0-8448-84de139ae6c9,6dd98e24feb6f5ad,desktop,Linux,App
513caa40-6e99-4328-9175-3c88a51313f1,ac65c555af5389da,tablet,Linux,Safari
834f07b1-f40e-4130-a71d-ac30feeb989f,ffbb9c26c1499eeb,tablet,macOS,Chrome
dffff63e-b25b-4f4c-a2f0-8854aa757036,68fa2c68e26dbf32,tablet,Android,Edge
612af474-23eb-4465-b480-1129495b06f1,1d0130a4de8e65b7,tablet,Linux,Safari
188c20c6-e7d3-4e99-a90a-31218a3acad3,6a802fada5946358,desktop,macOS,App
9dcbdf43-6cd6-419e-a520-e4466de2c920,55b3e743bc074bd0,desktop,Windows,Firefox
d5c4d84a-fa4a-4cd4-8cae-618ce2a016bb,a94e2df79256b021,mobile,Android,App
f9a09788-99bd-436f-a6e8-68d531f579e1,bd921b892350046f,desktop,Linux,Chrome
1931a1fd-838b-4dde-87ef-aaca3f984978,1bf1bad2acd413ea,mobile,Windows,Edge
fde888ec-e89d-4df0-9af4-62b3386f5788,250a533d764aea80,tablet,Android,Firefox
d397b562-a5af-4d4d-bb51-02debd83762c,95125160d9c306ce,tablet,iOS,Firefox
0834da35-1cd8-45b7-b64c-ec4462c2aeaf,993e4373103783f5,mobile,Windows,Safari
eee53f85-5d62-4dd3-ad44-d366c74c838b,18ca8fb4023560c8,tablet,Android,App
ec0a4bef-d71e-40bf-9d67-c4712ac57392,1bbd4ff4979c7f04,mobile,iOS,Safari
a36735ed-5ade-4137-9d2f-2b91fa64537b,93a23161a0456e7d,tablet,Windows,App
1720d3e8-8481-4b6e-b200-abbfb157a6a4,454880bd804a554c,mobile,Linux,Firefox
620cd663-7275-4e7d-9533-f296b2942041,ffed176845adda10,desktop,Android,Chrome
4033e403-a907-4930-8c2b-772cbf45872b,fe707f5fd6ad79d3,desktop,Windows,App
b51cada2-4f43-4937-a20c-0b095ebee2ec,37071b2a604db58c,tablet,Linux,Chrome
2d7cad4e-497e-46ac-8f7e-7d9aa813c6b2,da340711189436f0,desktop,Linux,Safari
a1a84ad7-ce3f-4dfd-a92e-aba86c7d42f4,bc99af4af4363d5b,tablet,Linux,App
8d317305-7299-41bd-9c7f-7930d347bb3a,5ae5aa0920ae57a7,tablet,Android,App
742d6afa-00fd-41b1-9388-c31ac1d549e7,c23914b796b92d1b,mobile,Linux,App
a9cde7d5-057b-4a98-96d7-2a6df2a07dd3,962b8788a2229232,tablet,Linux,Firefox
11bcb014-2052-4e8a-8308-5063477239dd,de05065a1c1a61c7,tablet,iOS,Edge
01b7ed54-ce5e-4816-8026-85fe68e9c721,d8dd395809a7fd9e,desktop,Windows,Safari
57b12adf-986d-4aba-bdaa-43fc7f5abd52,d53ceaf679e06708,tablet,Windows,Edge
ce0e9797-c344-48fe-b04a-f562d5b7f48c,3e846391a08ef92d,tablet,Windows,Firefox
91dede2a-f5d0-47aa-8d9e-f8e504dc9035,aacf8e9edb4f12be,tablet,iOS,Chrome
361a9d7a-4ae6-48af-959c-0a81f14a0a1d,4ad87a99e77ed85a,tablet,Linux,Firefox
5d2f7f04-6132-48d9-b337-c70009e39874,771f56bc286184bb,desktop,Linux,Firefox
4251fe35-eede-47e4-8513-941a414c3601,07a75cbc86eb1de7,mobile,iOS,Safari
6f40de6b-bc7a-4dd5-b743-69d03f865ad9,728e7e69e4368dff,tablet,Linux,Safari
c763efd1-5c40-4f3e-b813-b859c1a189cb,ca25e23cee1c4e3b,desktop,iOS,Firefox
7901b471-e3ea-44b1-b340-91aa1a8401ab,c5307459f8973ba1,desktop,macOS,Chrome
39940b6d-b947-493d-ba2d-caa53a0ba1d3,129c5b146eb53d2e,mobile,Windows,Chrome
09d55c68-07f9-4939-8d97-3781a35ae2dd,dc1c514f0e1718dd,mobile,Windows,Edge
8e9aa082-6b3e-44c9-91ae-2ad949d17234,8d47b04aeca06eb3,mobile,Android,Safari
42a2a876-b034-408b-8f17-eb00e871e3e1,e44aaf9d8625d8ad,tablet,macOS,Edge
44f2dcde-dab2-430e-b406-3dfbeb847761,16cea79fbf9701e0,mobile,iOS,Firefox
c33af022-e478-414e-9789-a11bb9950d1f,c14c98f0670fc865,mobile,iOS,Firefox
6c286290-4626-4221-bcb3-87990fc529d7,01c069434f438d0b,tablet,Android,Firefox
2f7e7e52-6598-46f8-956b-88aa394605a4,a887218a3b78d7a5,desktop,Linux,Firefox
a624bf44-9abb-4b16-8dbe-d7fd65c09f64,b229a8c28c9c316f,desktop,Android,App
2c631f4f-7798-43b8-9962-6e7c2bb575bd,14e5a48a0da31c74,tablet,macOS,App
689e8148-5c4f-4140-a4fd-ef5ac1d82054,c6af39d58f6d1cb8,desktop,Linux,Safari
d4750871-3581-45a7-9cf9-190f740f1bb8,ee84b68c41798e36,mobile,Android,Edge
2008b18e-e22b-455f-8b53-d35357e56e2c,b798412cb821e865,tablet,Windows,App
d2f84393-4b47-4c34-80c1-a3449a7d9298,6d090ed22065db06,mobile,Windows,Chrome
44c3ddac-214a-4e98-81a0-5270e2503518,7457b1bb0e1b1b18,desktop,iOS,Edge
4ba3a940-897e-431b-8d9b-69d0aef308ad,71fee1d7c3b5b753,tablet,macOS,Firefox
f829eb7b-e4f9-4316-8f02-141a80e2c3f6,bb7b1dc2c8855b2e,tablet,Windows,App
30d21529-60c1-447c-ba79-bce68638c00b,903105f6675a8630,desktop,Windows,Firefox
739dd90d-c55a-4bd0-b139-d7bdcd630e64,79ce6d11b92ad082,tablet,Windows,App
2b650444-dc78-4f31-95bf-303dcfb25a79,cf15048b8abbcb83,desktop,Linux,Chrome
612dbdd5-134f-467d-9a64-814b51b0a454,7f3ea281cfc72869,desktop,macOS,Chrome
832e45aa-d473-47a2-bbea-43983433d248,eaef69221c36b5ae,mobile,iOS,App
2323c1bc-a7d4-445f-a916-03e569a66e53,00d9aec285832acb,desktop,Linux,Firefox
583db798-2592-4aae-a15d-cc1d1dae741f,01ac98e38dc23775,desktop,Linux,Firefox
9048184d-9bc2-469f-87b1-81fd50fc7b8f,ff888920d8e6e921,tablet,Linux,Chrome
760f48cd-7a32-4a62-a030-df311378715e,b7d2dde5ebad2a44,mobile,macOS,Safari
a2b3916d-f602-47ca-9310-c127a3bc03b5,aae6f15f16f37adb,tablet,iOS,App
94eccc7e-935f-4814-8d16-32d3442b5e70,73b229ef444ee543,tablet,macOS,Safari
0f3836ce-2def-443f-8208-7fe0470d4e0b,58f80712bece83b0,tablet,iOS,Firefox
0fa32e43-c17d-4d32-ae42-a6b4ba226b84,7ebcc5d8c0478d30,desktop,iOS,Safari
6a3b9c40-906a-4e91-9a54-7a4888b9920a,1d56de836896d91d,mobile,Windows,Safari
d7b9376f-d23f-45bc-97b9-a8ce11e165c2,8113aea8312597b8,mobile,Linux,Chrome
7dbbd089-4434-4841-8ab2-c57936550a92,c3e7055eac35c378,tablet,Windows,App
a60b89c2-14fe-4100-9510-6f5f03eac62c,345d073e454ad207,tablet,iOS,App
3d189893-d0a1-4550-bad6-60fc36ca8dbd,8e1bbc83613bb065,desktop,Windows,Chrome
24f04a4a-af6e-4f73-9e35-ae84d11e422a,2092be926b7fca8c,mobile,iOS,Safari
b8196331-681e-4171-9de0-8e6884ef6fec,be9790d5ed84ce43,mobile,macOS,Firefox
13b09f30-a88c-484b-adb6-cc19a6acf4c3,0f88dfb819e960a1,desktop,iOS,Safari
8e532778-1b6e-4492-9e6c-6f40e8f6d61d,e67a069c652cebe4,desktop,Windows,Edge
bf253bab-e38c-43a5-8d91-e877e1774697,3996a0168ae58488,mobile,iOS,Safari
8fe84116-bb2a-47ec-a03c-4bbc55f3805f,a6adbc3ac940b7b6,tablet,iOS,Chrome
5f19f565-ad03-40f1-9aa9-c49fe25f13bd,23a792c056d60aeb,desktop,Linux,Safari
04f07097-bc44-4104-ae0f-04ee419cb9a8,e684ac54bfdacdf8,mobile,iOS,Firefox
57fb07cf-fd46-4b21-995f-3cc4187b10ec,fda692b2b19efc54,mobile,Android,Chrome
16c83086-b19f-4493-ad0a-5378fc06cf8d,9c18fe9c69248dde,desktop,iOS,App
0dee01c5-6d67-4c22-97c1-e37ed5c32fcd,768aa9a7d1dd77ba,tablet,Windows,Chrome
7c7ab648-4bfe-47ac-9466-d8c9d3106ff8,43dfd37e697fb3b3,tablet,Android,Chrome
76265806-7f03-418e-bf80-b88dbdb49e42,95ccaec0a4c7fb79,desktop,iOS,Firefox
f15a851b-9235-4b51-a18e-3ce4f7eafa27,e30276eb8134910c,mobile,Android,Firefox
ecfb460e-11d7-44f1-9ef9-e79d3acdd001,4a6edd84a973bc51,tablet,Windows,Safari
8d8676c5-51cf-4f3c-b09c-deba91d400c7,5eb1d771ccb6aaa4,desktop,macOS,Safari
4e13146f-2ed2-41cd-85b0-2d43b103084e,46e92a1346dc9ea9,mobile,Linux,Chrome
25065c5f-a655-4e70-8298-2d37afd75b84,28d6f54009f6f05e,desktop,iOS,Edge
17a6165c-9cee-4566-aa41-88d88126a3ca,5aa582f187429f70,mobile,Linux,Safari
17379c9d-80cb-4730-bc45-a3964743d7d8,6f0224055170c01e,mobile,iOS,Chrome
f5c638d9-ad92-4724-93ff-6438f0d7addf,845a254760f7ea02,desktop,macOS,Safari
85e76337-3005-4b5e-8e66-da4ad0baec57,1289e82a78e29d2f,tablet,Windows,App
f0418869-e712-4d64-9bcf-82cbefd11b24,fbc36764a2c29d88,tablet,macOS,Safari
213fc98e-e9d9-4347-b325-84de8f7aecf6,86b1afb729ae1059,tablet,macOS,App
ce324d7c-b122-44e8-a782-4832ebbf853c,e63d67b76a666f57,desktop,Windows,Safari
d1a2af4e-c525-4c35-abce-c07bfb9971a4,e05ec37d63a82f61,mobile,iOS,Chrome
dafc3b22-afc9-47c4-b22c-07dff87ae645,b85bf4a2a091f708,desktop,Windows,Safari
8a794250-5267-43e8-bedc-0ac8ffdcbcfa,a4a8f176347d0847,tablet,Linux,Safari
6478d609-612c-460b-be92-287b259ee9f8,67ad530ac92724ac,mobile,Linux,Chrome
748eb6c4-8a11-4728-9751-796dc0996f4c,4bf77f77fe157b8c,tablet,Linux,Firefox
988652d3-4000-45f8-a52c-a6038101deaa,fc2247155433b3c5,tablet,Android,Safari
d083a3b5-92a5-4d00-9079-38bc7e6d3051,21d7c601a2cb8b50,mobile,Windows,Edge
cdb9d061-46e7-4ac9-9138-0ecff5d50a68,0e457bcaaa837270,tablet,Android,Firefox
8149fa3f-63ad-4418-b50b-dccc7cc55578,bcc695363e10db20,tablet,macOS,Firefox
5a96b4ea-49cd-4ad4-9a61-031b640cd5b8,69e61f4953a7c9f1,mobile,Linux,Firefox
a3036efd-67ae-4a43-a520-434a645f2e93,9dd4f82aa66196f8,mobile,Android,Chrome
3ed50ae3-6722-4015-bdf0-5907bf2b226b,3e5a9df901e92f7a,desktop,macOS,Edge
cfe3f5a5-ff59-4404-a222-261bec08f811,67b65c0ecba1959f,tablet,Linux,Chrome
12937e6e-3052-4bd5-a4f6-0cd38f689691,df160734fbeb8a6b,mobile,Linux,Edge
80044d27-9243-418a-af3f-f331efc49b54,9e11f0341419e9dc,desktop,iOS,App
baa1678d-5cd7-43d0-b009-770f76c4166f,2f63b661ab587dca,mobile,Android,Edge
00b68e7f-2b1a-4af9-86e2-4402191803a7,b9617c19824847cb,desktop,Linux,Firefox
cc5bffc3-2ff4-4a29-aecc-e88b6731a9c7,f061205b0d9a854e,desktop,Linux,Safari
e8ab8320-3f43-4c6a-b76b-83e881d44813,7cb0d4a1dae32480,mobile,Windows,App
14e6c6a1-5e88-4000-8573-89963412c82b,ab57721294c98008,tablet,Linux,Safari
a948926c-d811-43d1-a955-4d7ef0467372,e7dceab7d0788352,tablet,Android,Firefox
a11d596e-81b9-42dd-929e-1904409d015d,f49ef304e4a64ce8,tablet,macOS,Edge
97856ff8-924b-4629-be54-86df4097b570,89ec9f6cd248347f,mobile,Android,App
d637ff80-27ef-4b84-9dd1-88a53707cdaa,98a42107b4fa3083,mobile,Linux,App
221ace6e-8b67-415f-9f8a-962ca6936155,448558b07aba4e51,mobile,macOS,Chrome
76aeba57-49d5-4cc9-9717-c66f4655ce9d,eb3082d956e5cd6e,desktop,Linux,App
ea3abeca-5fb0-4bf9-9389-97feb20cab03,9d03085dcaf974f9,mobile,Windows,Chrome
3139b24f-0913-4c35-afe9-c9154e7a63ff,c6709cdd0b7d4d19,tablet,Android,Firefox
aebc2eca-922f-4704-ba24-d6f85c63bd87,bff56ff3d4b9755a,tablet,Android,App
ec9d96bb-ae19-4731-96b0-5d01579bb756,2881d77c7426ccef,tablet,iOS,Edge
1683703b-ef2a-4d77-acc8-4ea972e26696,a8301db01ea392d7,mobile,macOS,App
2eb7a562-e067-4d83-93d4-3a6821a073c8,1ad70a4057d2ef72,mobile,Android,Safari
020dec64-26e2-4e8f-991b-79715cf00bef,909fd4c1130c98ef,tablet,Linux,Safari
6f79f81a-58ce-4593-bd92-22181ae1dc1c,8dffe44d3cc7228b,mobile,iOS,Safari
5a5531fc-e3d7-4e73-a7f9-052d5c08d8d9,211287f4d8e662ce,desktop,Windows,Safari
8800cddc-5f50-4e4e-bed6-abe29bba7a23,cb5685ed8dae8017,tablet,iOS,Edge
436ebf36-d52e-489c-baf1-1fb5ea2a4e13,84cd29dc2a4a2eac,mobile,Windows,Firefox
e829d32f-c0cf-45f5-a7fc-08d7bff82c33,f60e5865274f8331,mobile,Windows,Edge
2c9b4b4d-e7bd-4ad5-9bd4-199a7a9a9529,d174ff8b241c3aba,mobile,Android,Firefox
1c4673c5-b210-4726-9e1f-0decac906bbe,5bd0f58c119b2f22,mobile,Windows,Safari
4f53c4cc-156e-447a-a668-27559ae372ff,ffaea0dac39fcc4f,mobile,macOS,Chrome
dda4540b-9d97-4825-9ac6-7714b4c7b966,59c5cd3f409f5895,tablet,Linux,Firefox
0af8d76a-10e6-4765-b85c-8a45d5f91608,37fca4ea61020d6f,desktop,iOS,App
11d333e3-aeac-4ec2-9544-f7c595630d81,b674f0e3e9de1802,tablet,Linux,App
7333aae2-e84d-44a6-a73b-aa2e6f3ee572,19d2a9c26979e018,tablet,Linux,Safari
ebace14b-4031-42f4-9aaf-138a1cef7513,8aefbb4347cd2077,tablet,Linux,Firefox
af0c6769-b1cb-48c4-9639-77735187e360,c3eace461d05ec40,mobile,iOS,Edge
2870e518-a0ff-4918-8730-b04450a3c674,a40f3c487a90a92b,mobile,Linux,Edge
5baa452a-125a-41c4-be9b-45e23f5356cc,87be2646f7d52656,tablet,Windows,Chrome
77edd01c-7d65-4322-a118-7d43ea009249,19b135dccc5be968,mobile,Android,Firefox
bba6babb-dfad-4a9e-94fd-c761069545bb,0adbcd4eeb0c2016,mobile,iOS,Chrome
aa2b52ac-b1b7-4b26-a9f1-e5d5d1477061,c2b8599271733952,tablet,macOS,Chrome
305ff103-5574-46c6-9a53-09fd7ddfd826,1a280f5573128b14,tablet,Android,Edge
1279ccd7-867d-44e8-ae0e-4f1d2f2db94f,b9e623de4b3e3b35,tablet,Windows,Chrome
6ffa447c-3c97-483a-8141-b19111dc1e2a,9e93270c8f3c97eb,tablet,macOS,Safari
b74a5a1b-759d-4e10-9759-468c339ce397,06969bb5b1179e70,mobile,Android,Firefox
46743f76-29ad-4082-8f7a-9930b980ca31,36ddc42716999b27,tablet,Windows,Edge
4cbbcd98-7fc0-4044-96b4-a20d0fe10728,5798a02ab7088694,tablet,iOS,Firefox
c57f69eb-c179-4c27-896c-7b7919d1757f,4a9683d7788bee5b,tablet,Windows,Chrome
06f54b2b-c098-48cb-84c5-ab744d2340ea,c12720046686cc14,tablet,iOS,Edge
d2862309-29c4-4fb3-bd84-b9b94240a49a,5641d417e6ebe739,tablet,Linux,App
7b678461-31f6-42d7-8c6f-343d246f92a7,a962c7ee6ffc69be,desktop,Android,App
f38b353b-06d7-4bb9-85ed-dafda7866f2a,59c5e48e9416ab08,mobile,Linux,Edge
9abae27f-f967-43ca-86d9-2970422f3b3a,1f9db66f185b6d6d,desktop,macOS,Firefox
26852763-d105-4fd4-af76-167f9fcab61d,010cb1c86a160e13,mobile,Linux,App
e787e61a-8f5e-42a9-9206-827231070b56,5f91cd983be1b32c,mobile,Linux,Firefox
12ab66cc-4cae-4c49-89bd-716e08aab5cb,faa5a98d96ac7033,mobile,Android,Chrome
45a82677-1512-4fb4-9a1b-4da922b90b76,3d7d9868bd308cf7,tablet,Linux,App
426f3589-7a7c-4161-ba0a-d33392a35542,b76ffe90f85273b0,desktop,Windows,Safari
508ddba9-c636-49e8-b7b1-09d4878e2c90,e1d2aca2de311d19,desktop,Linux,App
08129dab-a649-4d19-bc78-64d44d541e98,2acbc9e04b8c7563,tablet,Linux,Safari
4b368779-ecfa-4ba0-ae5c-750783018a4c,3a438a0c13d4d140,desktop,Windows,App
73b76b52-038b-4730-98ba-5ec2ca86639e,b59933ca6c889d31,desktop,iOS,Firefox
32375b50-01cc-442f-a1c4-616ab9168e78,ed16118630a9868d,mobile,Android,Firefox
4e6decc8-a279-41bc-8013-302a77183e8b,0458301ee9e834bd,tablet,Android,Safari
f756871b-b6f3-4b8c-8b8e-5b1ddb94adb0,2ffcfba1b43307d4,desktop,iOS,App
82452d9a-d8e6-4543-84b8-18eb9c718b7f,2c96dc913225f5fe,mobile,Linux,Chrome
edc29b87-1cb0-46ed-961b-d500092d4789,fb9e63262247a704,tablet,Windows,Firefox
6d486b64-8802-45b7-949e-5204116e9152,11b1b61901fcd1ef,tablet,Windows,Safari
1bbcee99-378d-4771-8c39-0450967d1ad1,9ffc047aadc0d3a8,mobile,iOS,Firefox
48635946-7dec-4c55-a996-74139be4e7d8,bb13365c7d1e8750,mobile,Windows,Safari
59a8c2cd-678b-4933-9a4b-be1df1fed8dd,4f897046af71aab5,mobile,macOS,Edge
f9f1f0fc-84a0-4af0-8610-472301380a5e,5cb959dbd429ae83,mobile,Linux,Safari
bc0a2aa1-95db-4a92-b0c8-12129193ea3a,39c0fa72a238add9,mobile,macOS,Chrome
55a9e2fb-1a0b-403e-97c9-35848add87d9,267f35be1612298b,tablet,macOS,Chrome
1316d76a-4832-47db-93fe-083391a84786,64dc4d7c13e22ffa,desktop,Linux,Edge
46dcd98c-ebee-459e-adfe-f413d679e0f1,7f4e6191daaed62d,tablet,Windows,Safari
7f896dd7-245b-49c2-a5b2-7fee0b93f650,b7fe45e9ef9ab9e1,tablet,Linux,Safari
be8592b7-03a5-4ea0-8f0d-fa68768dbdec,62bdf300891b26c9,desktop,iOS,Edge
b17573e6-4b63-41cc-899d-a0b7ee51b8d9,6099986a1c8702a9,desktop,Android,Safari
74b7a855-063c-4671-bbd0-9def13e581ea,c2d7be959cbf0a5e,mobile,Windows,Safari
3e1679a4-51ab-4f6d-b89b-8310fc71a028,7bd0b94f90f50ad0,mobile,Android,Safari
5edc8202-f730-4fcd-a4a4-f7508a669ce0,fbe22821221c48fb,desktop,Android,Safari
8ef8655c-c509-4912-93ca-0626d1f4d80d,c9cd3f974542c2ae,mobile,Linux,Edge
9a4c3786-8c1a-4187-8557-8c446b78fda4,757f26cd2587e732,mobile,macOS,Firefox
ed774360-0778-48b5-8115-166e77e740bf,ac510997c54b776b,mobile,iOS,App
d18ec8fe-94c4-4baa-81e6-92b8e9f26ad0,0581db8e5a1e5963,tablet,Linux,Edge
1355aa1b-897d-4feb-9e53-be6db894bdd0,ba499a532efa542c,desktop,Android,Chrome
a40aa9bd-71d6-4e8d-98eb-2ec83d6d81a9,53f8fcd3cd044925,tablet,iOS,Safari
50bd6547-f58c-40e7-8cb2-e1c933262b0c,8e44c64a9552c4fe,desktop,macOS,Safari
4aed75f5-810d-4639-9a9a-8481fff30f06,b897781ebcaa2843,mobile,iOS,Firefox
95ba4e18-f73f-4078-83ed-a856a38d908a,742b7781fff541ad,desktop,macOS,Safari
8bba40d0-704a-42b8-9153-8faef52f950c,0ef7f58254444000,mobile,Linux,App
b76db7dd-13c3-4875-a94c-0b4159896657,b5a78719bed2f72a,tablet,Android,Safari
520d49b0-50b4-415c-9fa8-003621b7a037,aacdc7dc8862050a,mobile,Android,Firefox
c592c327-0c60-4f24-8ba2-87bd9fe51e97,4a72bd0ecdd25deb,desktop,Linux,Chrome
aca63d49-d184-4380-b5e9-23d23d319f66,e1a10c34dde941e4,tablet,Windows,App
45ffafbe-0de9-49e9-8317-50218d460404,6fdd50bb8fc7225e,desktop,Windows,App
ce900253-e274-4703-a309-48322a9e6580,cf847e438f35de1a,desktop,Windows,Edge
f855a10e-3d92-4b5a-a6ef-ddccc02ebca3,87a0fd0cd8edf43a,desktop,Windows,Safari
3a09230e-3e87-412a-983b-5fd3127e62df,cfb424187fa5482b,tablet,macOS,Chrome
4bbce1d3-7686-40c6-959c-b4ad81e0bd6a,a279857e1f7e86b9,mobile,Windows,Edge
4c368047-fc06-4938-a879-cdd69d4fae3d,203c97b8e964e004,desktop,Android,Firefox
bbc63082-3d54-438b-8f24-3de22862673a,8c0ed846d0b73628,tablet,macOS,App
f79ea25a-cc9d-4683-8e50-875db955d48d,6d0c98afe13feb67,desktop,macOS,Edge
e07e1d0b-0bcc-400c-8de3-d37a545a5195,86a2ff471255193b,desktop,Android,Firefox
49aec18a-3aef-472e-b479-83d6dfb0986a,58cf70c5a805427b,mobile,iOS,App
43649e07-8c93-4026-8bc2-57e573d0221f,2b60e8ce98a3b59a,mobile,macOS,App
29b7bd9d-843d-4be2-95fc-aa92656c898e,ac25d55576c1c0b0,tablet,macOS,Firefox
afbbe8ec-8c51-4a74-83e9-d4fe8ba8fd98,012397c7b40ae014,desktop,Android,Chrome
1b71ef00-2010-43c3-922f-bb97e36293bb,8e31364499dfc2e8,mobile,Android,Chrome
05c96598-90a0-4e3d-a2e0-0d735c5f4d09,96a5d2f466e0cc0c,desktop,Windows,Firefox
85bbc745-25cf-46fb-a234-32ed7c69e905,acaf30f50339fcde,desktop,Windows,Firefox
bbf7d852-e0b1-43fc-ba12-10ffb9046258,def64f42bf534d69,desktop,Linux,Chrome
15a1fa4c-0828-4393-85c8-f8f7198ecec8,dd575f3f74f759b2,tablet,Windows,Chrome
f340060e-06c2-4e5c-b028-f15d1250884d,f83c7732ab2b802e,mobile,Linux,Edge
7fd4f3cc-98b7-49a3-9e9c-6916f20e1618,1eee2585f0446db1,desktop,iOS,Edge
bf93be2c-d00e-4350-a49b-3a7dee2c6aed,33905c8813812024,desktop,Windows,Chrome
b67f067a-cd88-4206-b8a7-3124e1591a76,4fa389caefd1939c,tablet,Android,Firefox
a669b019-9d28-4de9-b657-db8af882c093,bc595f5b2ee6a686,mobile,Windows,Chrome
2fd59cd2-1109-46d0-879e-75190424e181,74c2c67642b0343a,mobile,Android,Edge
5ceefc04-0050-4881-b2bf-9b8b0f27d461,6cb62679db5d2303,desktop,Windows,App
7a3e24dc-7250-4c34-aab6-ccd478cb031a,859027c2c267a854,desktop,iOS,App
10cdffcf-07d2-4232-a995-289f98f6bd66,10c768f065816958,tablet,Android,Firefox
5fb8e1cd-29c5-4063-bff7-956b84453b7a,33cbd769853f2ee6,desktop,Android,Edge
aedcf167-0a21-4511-84fa-d3cd81d5af41,7515f63620090ed2,tablet,Windows,App
a39a25b3-5b84-43b8-a606-c7b5bf2193ec,fc11fc9f59f3e716,desktop,Linux,Edge
95a04596-7b95-4522-8c63-e1a102c402ea,bf46666fadbfc030,mobile,Android,Firefox
8d079903-4cf3-4b10-8355-87fa7838db46,b352ead9ae06c89d,mobile,Windows,Edge
dcddd37f-f141-4a93-929f-a8e0009607c2,8efcc9556a0387c5,tablet,iOS,Firefox
2664f97e-5c3b-45cb-b022-224b9c455728,2e7c2ca9aed11591,mobile,Linux,App
9d61c28e-60db-4979-9a36-dffab760b0a3,5d15235b0a09306e,tablet,Windows,Firefox
c74b07be-18bd-4a2f-b004-1140e49ddb4a,92cbe08f3b6e976b,mobile,Linux,App
b398fcb6-d771-4625-b92a-75a3c19ee327,48c65f12a53d8617,mobile,iOS,Chrome
9510267e-3afc-4a60-8e78-730f2a3816d6,9c762eb7a6024469,mobile,Android,Chrome
eb0cfede-312d-4939-be0f-122acb8f3feb,0cea17c199f90d11,desktop,Windows,Chrome
0adcf1e2-d211-435d-b3f6-8ae343236eda,2d645cb8f346e73e,desktop,macOS,Firefox
0d681a57-4762-4bf6-b7a3-7e8ed16e1640,74992e0e07a1354b,tablet,Linux,Edge
90561daa-4f3a-4ec0-aa4e-7f6edfdab716,7ed31f53185a8cb6,desktop,Linux,Safari
e6808a4b-8e97-4289-916c-8387fc9fe6f3,652b891304f898e0,desktop,Linux,Chrome
e56a86b9-32d2-485d-8a9c-d2855c95a4da,2d607493999dc714,desktop,macOS,App
37cabfe3-fe8c-4e05-b0d1-4a1a5bc7e91a,9c25188d567e4514,tablet,iOS,Edge
c1005e11-2c50-42c3-afea-ae9af8d037db,10fc64329aa1dc32,desktop,Windows,Edge
c43f402c-4424-4688-83b8-d44d50d8e4f3,9ddfa6710c59394a,mobile,Android,Firefox
98a7531a-4b5f-4c5e-a053-39ed9dff0570,756f945f8f8b343b,desktop,Windows,Firefox
7c30acf4-4fed-4376-a5ff-d6313b17f062,afb46d36f6fd0197,tablet,iOS,Chrome
e2d56ef4-ed84-45f6-9d12-41654ea18d1d,e673038e7e511187,mobile,Android,Chrome
5ab82380-3628-4e3a-8b7d-efabc5eb1ef0,ecc96a9fe35e1655,tablet,iOS,App
12a20867-b88a-40a6-9e82-3b839af3a8d6,5da8237f1ed885cd,desktop,Windows,Safari
07a47e76-e777-4478-a6e8-9dba9def15f7,c1806ad496790454,desktop,iOS,Edge
ce8ace31-8111-422c-a53c-acec966565b0,bd95d7c3e0ed747a,mobile,Linux,Edge
c30db226-aef1-44fd-a9bd-21a2bf0adb94,f35d99c5d9e68fd4,tablet,Windows,Safari
77689efa-cfe5-4ded-81a9-4d80c9d0f6e5,56f3c3db19627024,mobile,Linux,Safari
0ffbb5a3-dd9f-4e7c-bc28-0a2cbec4a149,2c55b3afd5a68551,mobile,macOS,Edge
6cca3f42-ea73-49a4-9b9d-f2e87d4ac8b2,65c625e63c24247b,desktop,Android,Chrome
2fb01cdc-db90-45c7-9691-5c1693fff1f5,717cea6179aa0f67,desktop,iOS,Firefox
41ed6297-e490-4d1e-abb9-fc33a568d838,9b39f3361daede52,desktop,macOS,App
874b8aea-79db-4cf7-9939-41b2620b5a4d,aa12460c94ed8f02,mobile,Windows,Edge
bb1372a5-9312-4f2c-9f60-b000b33fc3d6,ebc145b9e2fe0f7a,mobile,iOS,Edge
d7a6ccd2-6c3c-4c64-9a0d-7a2d205bc30a,55b603ade357e1b2,mobile,Windows,Chrome
2d194596-c238-481f-a6d4-67d05126ba3f,37e6bae827260fbe,desktop,Linux,Chrome
99e6a15f-0883-4cee-9408-478441353f4e,cbd470bf920ba341,desktop,iOS,Safari
3f140460-e166-41eb-b23d-7f96c8e963c3,9d65399848c83177,desktop,Android,Safari
b1f5efc7-4e6c-4175-93ba-60365a209df5,3923dde7d9a68745,desktop,iOS,Chrome
ce9d02ea-8ed3-4c29-94da-592bf161dcf0,7c5db5d9408007ae,tablet,Linux,App
f3cd3839-10bc-4989-815c-96f6bdafa651,c9e709d988fd8693,desktop,macOS,Chrome
5c4cc208-683f-4e5d-9b71-b4b33c65fb98,3648d708b177dc04,desktop,Linux,Edge
216b7c45-92a9-4363-a263-c386f85591bc,5238f808b61b8b67,desktop,Linux,Firefox
a7e97fc5-6448-4d4c-adea-36b8dcc01efc,5cc4d3d4abf1599b,desktop,Android,Edge
f996ed8b-bcdb-4009-9b8a-62dcbe08fc2f,9b149dcdd6d7ee70,desktop,iOS,Safari
1aa99005-ef39-47d2-8679-0cb23505f29f,b7f8b7451b82fc33,mobile,Android,Safari
400f601e-3675-4ce8-ac99-885031a747cd,e20293439c5a6655,mobile,Android,Edge
807ab37b-83a8-4bbd-aa79-1b0ef349a602,163c45f7c17e33ad,tablet,Linux,Safari
410c1d81-4552-4494-b547-de413cdefa60,6f6cb9179ad043ea,desktop,Linux,Edge
2cabb521-0023-40d5-b2b4-834e7cff0df0,3ebc974d9e60db0a,desktop,Android,Chrome
687a2923-392b-435f-88ec-c3b52b6edb82,b7f6a772c3d8f753,mobile,macOS,Chrome
23f2528f-54f6-4665-ba9c-91d6f94dcdb8,a45a1db21530efa6,desktop,Windows,Edge
9a4d96a6-e1b6-45b3-9f72-e076fc316d91,0205a47a99e435c5,desktop,Android,Edge
82edfefb-f366-403f-930c-6c287479231f,d8decdbf1a5774a7,desktop,Linux,Chrome
a3475ff3-3db1-4495-8374-25940146af87,58f9ab273ef56f1f,desktop,Linux,App
3ce4d4c7-01c9-40c5-b3d2-b0969cc377eb,1d98ba7937025d79,desktop,Windows,Chrome
93d8e1c5-8824-401e-9dfd-4c96b67a7661,075351b1a68e2359,tablet,macOS,App
b0fc2415-c335-4d13-a0a8-7e8d621ad4d0,a88b4e72d1cda6d9,desktop,iOS,Edge
5787f24f-7b94-4490-903f-01489e1ecd31,cabf5b382cb5177c,tablet,macOS,App
a1051fc9-9e2a-4bb6-89f9-60f6d862a096,11ba9826dd51062b,tablet,Windows,App
71512d28-1b2f-4bac-97ea-1d079601cadd,dce4f98295dd66cc,desktop,Linux,Safari
e682bb9f-243e-492e-ae70-9764907ac312,f28264ffdce9db5c,tablet,Android,Edge
5f14007b-c5c4-4065-8e4a-f11d10f4beaf,5fbe450507684e2c,mobile,Android,Safari
c9b407cc-a251-4fa7-a24d-b5df5cf6c1fd,d4e65ae915080f2d,tablet,Linux,Firefox
16bb7f7e-383e-4939-b0b7-244178fdaf0b,a16b681e735989af,tablet,iOS,Safari
a13174ef-85c3-4cbf-9f6d-4dc1dc0b47a0,d100ea6ea250b8ff,desktop,iOS,Firefox
194af319-6b0e-4d2d-9feb-51f8fc503287,a02642bb531be467,tablet,macOS,App
ebbc1458-affd-4bfe-9630-0bc90f5a8cfd,4b67cf4fd8512fd6,desktop,Android,Firefox
5aacdc06-99e5-453e-8072-110c0ad24471,88cc1b5a57ebd198,mobile,Windows,Chrome
373d5dee-952f-4d63-ba60-ffb85b16c28e,5f66439388bd2623,tablet,iOS,Safari
d3bbe6fd-c277-451c-b6c2-aaf6600a54c6,7c37e10676728245,mobile,Android,Edge
6e14673c-adf5-43fa-b148-84b97f3371be,8ca692710a3a808a,mobile,Linux,Firefox
acd5994a-a5b5-4ed4-bbfb-fe6adba2b24d,adb3c4cb72622edd,desktop,Android,Firefox
ee38d30a-36b1-46c0-8699-f9d628f33259,d3971d510104a7b1,tablet,Android,Firefox
2c61ab1d-efec-4b4f-a2f2-f05aff5858b3,c946972fb03e9006,desktop,macOS,Safari
dad1be39-d4f0-44cc-bc08-1bba9876e1b5,96c09eecf63b5010,desktop,Linux,Firefox
f6cf6aca-a86c-4c78-91a1-0530d94285ac,e808b3e67bc403d3,mobile,Android,Edge
5c2270ec-feed-4edb-833d-e83f8e7a2ba5,d95767b70c9219a1,mobile,macOS,App
29e2ce5a-174c-4ebb-9ce1-cd31c8068d8f,3f44a1d3f57faa4f,mobile,Windows,Edge
b53eee3b-2adb-4b0b-bf98-991220383342,85dc188435e28e6a,mobile,Linux,App
0f8ff5d2-da2d-4b33-9852-6ecb6ade7a67,b432b7cd457c5562,tablet,Android,App
80f66a9c-c8ce-46c8-a628-1fe0c3585958,7f7cc0186e6d55c9,tablet,Linux,Chrome
2f9b59f1-e090-4409-89b4-3a13d9a5a1f9,5bbd42e9033f08ef,tablet,macOS,Safari
5411dcb9-71dd-472f-ba80-b7ecd9d89b57,03eed770baed7850,mobile,Linux,Safari
96f83617-bcde-449e-9974-535126e049db,100e7d10a0272e79,mobile,iOS,Chrome
1da0f842-620a-482f-af18-546f894a4b22,4d151901f11934f2,mobile,Linux,Chrome
585f2b5b-b722-44d5-9a6d-8d4e65694bf9,4fd086671196bf1a,desktop,macOS,Edge
6065e871-5f3a-445c-8ffb-eec16c3412c5,7e6ec3f942dc7e62,desktop,Android,Safari
f384929c-9137-4e58-acab-de17fee77c54,7250fcdb258caa81,desktop,Linux,Chrome
8838f6c2-0078-43bd-b29f-a8e4f3945b45,8fb5c5fcd7d7a26e,mobile,macOS,Safari
841fb03a-3376-4a4d-af7d-9a03dd64c642,a9d42623cc40865b,tablet,iOS,Safari
b361b27c-11e3-4a4f-886c-2133b0ee6a6f,be51137b5c72557b,mobile,Windows,Chrome
583091e8-f42c-46fb-8036-abf7af2b4054,7b5b580d8731b6f7,mobile,iOS,Chrome
773d71b8-a975-42c5-a635-2f1461d3317d,9fcbf387853148f4,tablet,Windows,Edge
409a0b0b-6e27-48b6-becc-bf99ff5d9623,2f031ae675e2a813,tablet,Linux,App
fd4350c7-71c4-4e22-8cdc-0764fadccc7c,4c9ab52a755b12f1,mobile,Linux,Firefox
76821bd3-ab26-420e-baf9-7e96d2584677,2883287a270b9d89,desktop,iOS,Edge
3ca3a014-6873-4c08-94c7-f5900cebb8ea,c24d66ecb6d3b7f8,tablet,Linux,App
a0edc7dd-e4cc-454c-b5ba-3b2ae0075b09,9228c280bb36667f,tablet,Windows,App
71989a1a-32d6-41a6-a7b0-b7162cb86744,d3bf7c37efe23b35,tablet,macOS,Chrome
f59604c9-39d8-4724-8114-29917b99bebf,c8f403e5dea999fa,desktop,macOS,App
99944001-a686-481e-a4c4-332b0ab4872f,9b623e88917ecf06,desktop,Windows,Chrome
434eb1c0-06fd-4f77-8342-a5d2f6f70600,dd2056ad123265f3,tablet,Windows,Chrome
34223333-b9fc-4087-ae30-a6f9da463d63,5ecffbb03c56f81c,mobile,Windows,Firefox
74dfb655-52a6-471f-8fa8-5bc68e27d0a9,e242f08ad97fbd30,mobile,Linux,Edge
2b575715-fa67-4baa-bf2d-883965fa9d7d,fdd9a276a5c6fb30,desktop,iOS,Chrome
558355fd-eae9-454e-a325-3011b5869c38,19914e2b7ea64d14,tablet,iOS,Safari
9a7c21e9-ce77-41a7-907e-680d673910da,3b7eca5b4c35f67b,mobile,iOS,Safari
d91e989e-3dfc-4e6f-9d40-52975b6459ef,b7341fcf30550857,desktop,Android,Safari
ff776d24-bc85-49ad-83b8-b9c4c54cdd4c,d329b7b4f075bc12,desktop,iOS,App
f50bdd28-4d7f-45a5-9aa9-0784160e3e37,8c05acc942cd2f2f,desktop,Android,Safari
38a112d5-64bd-4480-b06c-8a45711edba9,73c040761c5bfb13,tablet,Android,Safari
582e8c2d-acbc-4d48-9024-ef753df7f320,90694c89f7a54079,mobile,macOS,Chrome
bab80597-da54-4fe9-b204-318fe5a84ac8,5cf68defb47b3739,tablet,Android,Chrome
f24060d9-b126-4348-ba90-85366b786ff9,d0d4868b862834b2,desktop,Windows,Chrome
b4494596-a8a2-446a-b75e-92c1cf2a94a2,80e34544e4af19e8,tablet,macOS,Firefox
510ea4e7-4e9b-4396-a540-271409c8c8cd,38377442a78bfe1e,desktop,macOS,Firefox
7ac06b8f-0535-4135-9b98-04ec31a0eb47,8e8daa586cde848c,mobile,Windows,Firefox
a4437433-c766-4148-87c1-546c8d01ac56,8d3524b8c32bea21,tablet,Android,App
328df79c-2565-4334-8389-e38cb15624f3,ac1b5250021bfc94,tablet,Linux,Firefox
18103f0d-dc78-42e2-b24d-3787427628af,bd3663f12c4f1c13,mobile,Linux,Chrome
8b0cbe80-4a44-4202-acbd-2d777701f61e,633abee4fa4eee11,tablet,macOS,Safari
0e3e3c83-7312-4051-a578-86da317c552e,328719113ffae9b9,tablet,Android,Safari
2f77b9f2-bf03-4923-8be7-e62077e56b83,cbd312392e139f7c,desktop,Android,App
39eb5c70-19df-4fdf-a960-ae05067f3da4,733a04d11adea840,tablet,iOS,Safari
5589544f-2896-40fb-92ca-ce820922cba8,ebab1490fe2e3302,desktop,Android,Chrome
404455c1-e2b6-483d-b631-974d1f29eb59,3fce0ce05cc12645,desktop,Linux,Edge
bb6e803e-424b-4c8d-b041-f361bde1fe72,7bfccb5dc459fabc,mobile,iOS,Firefox
e072d865-8cde-4d94-af7c-2ef17907218e,8e4e0829027ac417,tablet,iOS,Chrome
3684fc10-3735-45b3-8173-e3726bb49f19,a0f3dbcca2dd0a07,mobile,Linux,Edge
dc9a54d9-87b7-4372-b225-3522e7e8de53,2defcfb0638a9e32,tablet,Linux,Safari
3f4fe4bd-4017-470a-876a-f498c46a2f24,2c97745d9938f1d8,desktop,iOS,App
19f14817-25ea-4c8a-9240-1b08082aaaf4,f2cae11edbc45f63,desktop,iOS,App
b740443f-0b67-4ca3-9aa1-15c74bd320f0,3fa6e40dfda6e0ec,mobile,Windows,Safari
bb8eecca-0008-4e0b-8e3c-2aa7ebd76a45,0b7004877f96ad93,tablet,macOS,Firefox
50a6b891-a8c0-4133-aa07-1d38a32b59fb,c92082018c16c35c,mobile,Linux,Firefox
86d6d9ee-659b-4fcd-8338-b4e2d3daa9f9,fd978b54e81bbe7f,desktop,Linux,Edge
7671de54-bc3d-4a36-8ae3-7c21fbc2b86f,181a7d40a1a6b0b4,tablet,Linux,Chrome
1bbd64f9-84c0-4254-9b50-f46a15c7b3d4,30fb6193fd306ef4,tablet,Android,Safari
28cf0207-ae5c-40ac-9657-e5fe1bc2d95f,0de1e7ab8d08d33a,tablet,iOS,Chrome
3d82670b-6d85-4f59-99eb-417bad029e1b,d4008ce7795fd17f,tablet,Windows,Edge
a46d8ce2-20c5-447d-8274-780620fc1161,ccb5d4feb0b6efc3,desktop,Android,Chrome
166fecf3-c389-4aea-bbee-7016533596c2,dd4de85e2067c8c6,mobile,iOS,Firefox
7ed7d9dc-25ce-4003-955e-c0e431eac6f4,706ab201cb43470b,tablet,Android,Edge
eacb39c7-b928-472a-881c-1d9dc67e0d2f,537e65da70861a86,tablet,Linux,App
b7d20f4b-4196-4536-b86f-0d5dd6a86fc7,d2dfbe71e817f2ce,tablet,Android,Safari
c1becad3-5361-479b-9a66-4cb049c34f65,b31630d763cf1216,desktop,Android,Chrome
e0b7ee3e-cf5b-4dd6-aa3d-b02ca4eea99c,7ce7ac26bc4814c3,mobile,Android,Edge
c9430554-9ac5-4452-964e-095295306dc9,7abcbe7f72f2e41f,desktop,Android,Chrome
3fe80bbe-9a46-4c55-ab25-7c571b63f2b5,41fba877ad5aa352,desktop,Windows,Chrome
74f9d0be-7db3-4e65-8799-4015d14abf2b,c3db48c0cd84275a,tablet,iOS,App
3118fdb7-c68e-4f30-8225-96134b8da8d1,aa4f7b9cb4048acd,desktop,Linux,App
76326151-691a-481a-865f-a0db0a76b5ba,d5c9d85ac336788b,mobile,iOS,Edge
4f1dd0bd-27ae-4d92-bc8e-55e8d6b89dac,d71e4e462bc508d0,mobile,Windows,App
df181792-1d90-4cd0-8e34-6878a25c1dfb,9ba5e37caaacacb6,tablet,macOS,Chrome
3cb2ede4-fb76-4a93-9cf3-80f9d0ec71cc,11e10df88b6d786f,tablet,macOS,Chrome
e766b56b-54c5-479b-b1ef-ce6ca7d3c1ae,5fc4fcdf803897c4,mobile,macOS,Safari
49c6715b-a001-4172-b680-c1e4a951f62d,f4a23d073e9f8323,desktop,iOS,Chrome
092bc55f-4d98-4531-be3d-678ebc8c52dd,d92fb0c22454895d,desktop,Windows,App
f9b59130-719b-468a-8a7e-ff8debce61d2,b006bfeabeba24d7,desktop,Linux,Chrome
42cf58d7-9289-4774-bcf1-6c1afae5078b,c8458a8b948d496e,tablet,Linux,Firefox
cdd532d5-45fa-4259-8001-6d06fb8af379,36d090f80dc0d75e,mobile,macOS,App
f92b634c-6719-4d65-9819-20766c2a5f52,e41564d2d5e42e00,mobile,macOS,Edge
95374d11-7d4e-4674-aa89-e15210f68e46,f6ed8f9dfd37f6a9,mobile,Linux,Safari
5fc41a5e-a272-4913-ac1e-809a7c57618f,5ab3c388fcb7865d,mobile,macOS,Firefox
e21dbca7-a0c1-41c5-b203-eaa47205a1e8,d431c74dc07c7f09,tablet,Linux,Firefox
9972e69f-09be-4a9f-9df6-2c247b9640b3,eb7aa79653423e57,tablet,Android,Edge
13308b70-07bc-4ded-8ae7-bfc8e80bdc76,0c778be82a449a90,mobile,iOS,Firefox
14e43a42-168f-46df-bc2c-ed2f86c748c3,7af4d11ea4b5dccf,desktop,Android,Safari
beccf4df-6712-43f7-a955-a1e318067bb9,480defa098e50c5e,mobile,Android,Edge
9b49131e-1ef3-448d-ba3d-f0541b994746,04ac928bd54c3c24,mobile,Windows,App
09c7b016-61d2-4b1d-aa19-a4b02c8ebcbf,424cc6767d45bc3b,mobile,iOS,Firefox
b33565fd-d553-41ae-82dd-c5d781d4d741,d3c1b491a6df3b92,mobile,Windows,Chrome
6391a6a9-b7c4-4bc1-9f8f-a146d09d70d6,4e6a9abfee7fec0e,desktop,Windows,Firefox
b55e398e-69cb-4e3d-971f-7ae438065dc3,d8533f4d82daf28c,tablet,macOS,App
f6a23105-66bb-4ffd-8ef0-55c7a768ab4b,a74b0d7073e83d58,desktop,Linux,App
e1391e20-42c1-4939-9087-624734c91dc0,0a5543b728525cee,tablet,Linux,Firefox
a235fe7d-0cca-45dd-85a2-17951f8406d4,71b31f5fed07e03e,desktop,iOS,Chrome
11cbdbfe-2edb-4da4-9f75-da75600592db,814173daaf0da526,mobile,iOS,Firefox
1edf88a2-b4e6-469b-8b08-096230a0d0a8,d5059aad68b823a7,mobile,macOS,App
2ef580c6-2465-425a-9377-c525f689a4b3,9f8dc1d7085cd337,mobile,Android,App
6d0e5aac-0745-4b9c-b9de-f9843f0ca197,d4417b5705207026,mobile,Windows,Chrome
3bd7520d-6dcc-4e0c-8cd0-6ff79b69ba63,fa788a4fdcff8470,tablet,Windows,Safari
f250bfdd-f393-464b-af22-5892b8e34fd6,c5b0f4cc722976b8,tablet,Android,Firefox
84f661d1-dd44-4967-a4a7-0933f737af64,0c69c9cfa1eec6c8,tablet,macOS,Chrome
4965c3ba-c574-4d37-8d68-fc3ff74f86bb,655ad451824fc7bc,desktop,iOS,App
c8f7e150-3e6f-408f-b40c-b1dd0065f163,45edd2301ad497da,desktop,Android,Chrome
108c7029-4f74-400c-98f0-24dc87db67ed,7380686647e18b69,desktop,macOS,Edge
1e139730-313b-496b-a4eb-a16dc8c7beb4,f07a9442d858cb27,desktop,Android,App
5d927544-607c-454b-8706-ae6d6cdc0ab5,0eb03d6685dc4b0b,tablet,macOS,Edge
23aa43e9-ef64-4560-b420-c1b1e730c7b4,5bdd6ac602ce98a8,tablet,Android,Edge
23aee16b-16b3-4a88-a600-68a25684fbb3,ed6a0a49c5c8a9bc,tablet,Windows,Safari
012b29b9-0561-4946-a7e4-93f60ffb627e,75233f1b11129065,desktop,Linux,App
5e286fa1-310e-4777-9884-e7e133fd4005,9dc995d17972ac77,mobile,iOS,Firefox
24d5dbba-1136-4100-8bd5-a6898ebd3b38,81c23342c74b6647,tablet,macOS,Chrome
a6097a6c-c9cd-43ed-b35b-82ed2f862ed4,d795097b6d5936d3,desktop,macOS,Safari
078fc4c8-23d6-4d65-929b-e0953f85b524,86c67171e9db0791,tablet,Linux,Safari
933919ef-5f1c-44e9-8f23-1b12bad6f2c1,b528c123d36e6a81,desktop,Android,Firefox
22ca7e04-eb88-44eb-bca9-1b2fbc22b9d4,874d192febdc7db9,tablet,macOS,Safari
99522426-cc18-4063-9b85-f63f26158272,58a152956f9a343d,desktop,Linux,Firefox
304a79b5-5997-45c4-a863-9ece5cc25fbd,52d78202293f53a5,tablet,macOS,Firefox
fefa73a6-ef77-4654-8f61-d76041a2b151,5a17c716b54c7bed,tablet,Android,Safari
df29daa7-2e74-47e7-9eb9-69ff7bc8fbf4,e2e0bd9f018d4c5c,mobile,Linux,Edge
7dfea125-daa7-4f89-a3f4-0fe918b3a0b6,8a7db54f93e1851c,desktop,Android,Safari
ae82ff54-ae9f-4689-8cad-76c8c7c41aaa,64b4d53696e451e0,desktop,Windows,Edge
3cfbb846-fe99-4b51-a3b0-ab347900d4e2,705b8940e63fe251,tablet,Windows,Safari
13c91efd-b210-4aef-99dc-98babfda65b9,a459e0d0e640ccff,tablet,Windows,App
cf632400-2df9-4fcb-b046-84206846a868,0964739433baf819,tablet,Windows,Safari
7d322bfb-e410-439c-a1d7-69c54c63ca05,d9b4018abdeb46a5,desktop,Android,Chrome
0a703df2-9364-4bd5-9387-0e1aaa8092e6,78b54060f0226cc6,desktop,Windows,Chrome
863c0b5e-b367-40bc-b3fa-8be809a9425c,b25e84271415889c,desktop,Linux,App
d3ba7ac8-df17-460a-a9c3-039c95f84e63,ffc3feeb0bb75b9b,tablet,Windows,App
7144fd01-9c30-4770-b621-b086c5e28bba,4e47f177e9edd564,mobile,iOS,Safari
41e61ad8-255f-40f8-b787-57fa8bc1061c,aa17a4d3c020dc02,desktop,Linux,Edge
6b8350f4-2257-4d15-a8cf-dbbbaf28fd35,b305f9ce238f6fd5,mobile,Android,Firefox
1e7a4d5e-b3e2-422f-b30c-c4b0b6988059,b81072864dbaea44,tablet,Windows,Chrome
60e1d1e5-f193-4780-bb5b-3d88f1911bb0,cb20573acaf533aa,desktop,Windows,Firefox
50508821-36ea-4836-8585-eeb52c1fb378,55ec60d086f23fc1,desktop,Windows,Edge
27896daa-488a-46d4-a8bc-ce702b578bd1,a21e265c29268f07,desktop,Linux,App
3ba0f424-3849-4f37-be32-7aee295d6ddc,074f43f2ad1bed9e,desktop,Windows,App
363054c3-b49f-4301-9fe0-5af02eae53c2,2cac2829fbd8aab7,tablet,Linux,Chrome
e30ed7b0-1e91-4799-aa13-d7b31af16e9f,96dfa08fdca0a312,desktop,Android,Safari
d5786f35-6497-4132-88ea-4e5f494283fd,ec62151da1a0a566,desktop,macOS,Firefox
14c361a7-6840-4788-b7ee-32734ac2de57,7783a772eefc28b6,mobile,Windows,Chrome
fa8f4861-6021-4709-9fd2-d3ed3d0af0b5,e7e0352b0ef0fd30,mobile,iOS,Firefox
bb2a3b6f-2b6d-4f73-85db-f91c3ad0fef1,c4993ad21ca7c015,desktop,iOS,Chrome
faf696a0-8dda-40b3-a4cb-15f15cacd633,4f61532c3f569db1,tablet,macOS,Chrome
e52cfe64-28ee-428b-abf5-bee4c33c3883,266dd94b9a0dcff7,tablet,macOS,Chrome
bbf29ae6-840d-4da8-9e52-dcf6b575dda6,d8e24d0e078bdbbe,desktop,macOS,Safari
0e6f8e2f-6f2f-4452-b588-471f28d73a48,dca6411f0d55cbc2,desktop,Android,Edge
609e13d3-f48a-401f-b204-22911768c900,7c2feddf7684ce18,desktop,Windows,Chrome
3132fe6a-ce9d-444d-b445-97f438a02667,9c95d33d5752c738,mobile,Linux,App
77138bca-4d2e-46a6-bda8-06fd0e7b7c2d,614dd7a27f7cd5ce,mobile,Android,Safari
3b640000-d8bf-4fdc-ac27-9c37253f5c43,c73ae6846dfec68c,desktop,Windows,Chrome
0253f6ae-9759-4d98-aa68-53f4ffc28429,4365dfdd45d87004,mobile,Windows,Safari
87a21c58-1361-4395-ae55-1ba70d1d1491,093b0a40a2d85399,mobile,Linux,Edge
9318be5f-9d9e-4960-9015-e93521f550f7,3b5f1812d7ba1357,mobile,iOS,Chrome
dbbb1161-c0a2-46d3-a4f9-307bc81a5334,d746f3632895fef9,mobile,Windows,Chrome
0e7f0c85-7874-4148-b681-074b2156a05c,3405f6342d3dd707,desktop,macOS,App
ec69da04-29ed-4da1-899d-1dd514630430,86b124e1ad3bd6a8,tablet,Android,Firefox
6e10f5d4-7720-4f22-992c-dba1f307d282,307f8b07774acb4c,tablet,Linux,Safari
5f2e7e18-0f9f-471f-8262-cb04996ad28b,f9843d3dcef75a39,desktop,Linux,Edge
ecb9cddd-fbed-4e91-8260-7393ca727d8b,12b6468d19a4fb5b,desktop,macOS,App
08f5e3b5-3f82-442a-98b5-8d0fe0dc1e87,7f2317df83830050,mobile,macOS,Safari
ed0e0452-ef6c-4d35-9432-2b6faff163d8,55b1790b0141ebaf,mobile,macOS,Firefox
e82267a3-f715-4101-a8c2-4225a8d1defd,48a8661a03148c00,desktop,macOS,Chrome
0ac8363f-132b-48da-b447-d2c04c73256c,dc4915b1d23b26b6,desktop,Linux,Safari
f7d03b4b-79ac-42e4-b6f0-baf3bb0aea92,f5c3a65ca3d6baab,mobile,Windows,Firefox
986c0795-79a6-498e-8881-6dd0cc708257,2b4a4c92b31ea0ec,desktop,Windows,Chrome
5316d69f-b406-41e6-a345-20d5b065c4ec,2b89e773a0c02a97,mobile,macOS,App
f0287083-f947-4342-baf0-1c3ffc12acfb,51479585bbe76dc1,mobile,Android,App
796b4cc1-0481-476f-9f23-f48a4cf58e51,f831533386456928,tablet,Linux,Safari
7e6a2397-67cd-4992-8fb9-69ae40a7c4b7,9171c0e01ddf3b18,desktop,macOS,Safari
2909c86c-aea6-4499-9719-4d097c9d7d13,89f669ce8f752260,desktop,macOS,Chrome
42a53f6e-2c20-4961-aaff-3f05393e2b1a,2a847949e41f1b71,tablet,iOS,Firefox
3eb60a00-67f7-414d-b058-ffe4af4c4390,d17bc15b3296c490,tablet,iOS,Chrome
4b2254ff-9ea4-41ca-ac37-5ef15afa3491,1f05dc71f0d8b286,tablet,Windows,Safari
3a621b8b-a922-497a-a1d7-8b6a310c6bc4,e723444487a72563,desktop,macOS,Firefox
4ef83ae3-1f0b-4634-a013-1b89b32cc02e,fe4072d42906e1da,tablet,macOS,Edge
f17619ea-0ced-4fcb-9f2b-efb3068f2416,93570cb5500198a2,desktop,macOS,Firefox
47ce5499-ac84-4bbd-8635-9f2aaaa31ea7,86417349326043e6,tablet,Linux,Safari
ce7f7b8d-a72b-4dcf-bf79-aced79fc2900,8bf00a65cf2a3c9f,tablet,Linux,Edge
32d22ef9-2d19-4dd4-90dc-d0f0bc6f2aef,5272a37e036f17db,desktop,macOS,Edge
9165f914-2608-4e19-9d37-bc9280e618c7,34f2202d1a151ea9,tablet,iOS,Edge
dbdabb8f-2ea9-4454-af22-408359d30446,8e1dd5095f4c0f98,desktop,Windows,Firefox
65493e5f-e452-43ca-9cc3-d3f4c8e0d6f1,599a0ba676e54226,tablet,Windows,App
988d989d-6c91-48f7-9439-7b688e21863c,d9b32416a2edb7c3,mobile,macOS,Safari
b1f610e4-d541-45da-b5bc-5045e71c5d8c,c3da3b3b3abce2f4,tablet,Linux,App
5711220f-ebbf-49dc-8d0c-d4814782110d,6b62012f0d5cd621,desktop,iOS,Safari
b2e263d3-1247-40f8-b6b7-c343a594cc22,5584da06067a41b9,tablet,Windows,Safari
4c9ba752-0e17-49bf-9578-27dda6e28963,2380bdbcdcfbbefd,desktop,Android,Firefox
a7b3dc23-96ec-4c64-8f46-73cbf0355536,94ae46a778cd96bb,tablet,macOS,Firefox
585a7f7c-fbf1-47e7-b6d2-0c5d72fb5de7,546fd3c640e6253e,mobile,Windows,Edge
1621d8dc-fcbc-4525-885f-2c529d8570a3,a15b2e0eff30c920,mobile,Windows,Safari
5b3c2d4e-e65e-4505-a022-ec7301beca69,1fa585f2cb47b0e6,desktop,Windows,App
9933e1a5-d784-47a9-8a08-72ff1d98d508,faa0565cbf2aacdb,tablet,iOS,Safari
5320535d-cfb6-4da7-97ff-15ae728d213c,9f6389759f97ded7,tablet,Windows,Firefox
c4b9606e-1c42-47b1-af28-1ed5bc7adade,fb26029e1266985a,desktop,macOS,App
2dbb1fc2-bfe7-40cd-9100-2f7048edc3f0,c27d7b2974649f7e,desktop,iOS,Firefox
ea8e7aa3-f701-4212-9d57-b86951f7a30b,8ee2953bfabfffb2,desktop,Android,Edge
69020fd2-3dcc-4da1-8794-49c12fecb506,a1204ebcc90c7873,tablet,iOS,App
45c03e8c-f221-4aba-bb5b-69901ecf36df,e8eb5a71c65cb32d,desktop,Android,App
4389abf3-541d-40b4-a138-873d1a5394d8,3242d4f4e20ef0b8,desktop,iOS,Firefox
753f2f81-5617-472f-b708-1929a79aa746,5acd46431ab48be5,tablet,macOS,Firefox
5b79fad5-7594-4027-98de-cd4dbb7173d3,3e7d0bdb4a6d0d52,mobile,Android,Chrome
c55619a0-93db-43bc-a17c-30ca4f2183e8,e59b14b350d75925,tablet,macOS,Firefox
93c5e89f-3e69-4869-9416-4080d81850f8,b86860ed9a8668f3,mobile,iOS,App
8f8374f7-65b9-409e-94a4-dfd3c12daaf7,4541a8b4cda2eac9,mobile,Linux,Firefox
8450ed0d-7607-4316-b90b-3c114bedae45,76b6b36aee28097e,tablet,macOS,Safari
aab103d1-1fd0-4d25-8a40-c37707b67bbb,fe919a4a2fc0369c,tablet,iOS,Chrome
25bd1b7e-5b9b-4b20-89df-08e03a937192,8b7b27a54528a8ef,tablet,Windows,Safari
f816b727-d8a2-4a17-9e2d-803b5293fc87,a9ad868c84d2bfdf,tablet,Android,Safari
10fee6c6-a78b-41e1-8484-d46601e2339c,933f2438f4a69abe,desktop,Android,App
26b86fc8-46f5-4c41-9742-8380d3f17041,bfb6d669f5a768c9,desktop,Linux,Firefox
f5ff2aa4-06f3-4436-81d5-c1ef2425432f,2497ed15b10e74da,mobile,Linux,Chrome
8c6f066c-dd27-4f98-9097-84d9b0165f5a,ed572b05dbae7c90,mobile,Android,Chrome
019c4189-4865-4e23-8839-67dc3da0bedc,8dfb7aa147579625,mobile,iOS,App
49abba45-d6a3-45af-a2e1-955811d961c9,b63e0f9664936056,mobile,Android,App
f870fd53-79ee-4106-b9c1-5999c12fb766,4d5fc6f47ada895a,desktop,iOS,Edge
f5f5713c-d631-46ba-8d32-a6e1278bef87,4e2f98f1f5d3aa93,tablet,iOS,Chrome
01cded53-2946-47ef-82ea-d36ed5bf05c5,fc9cf83b152c6b5b,tablet,iOS,Chrome
c7148d69-56bc-476b-9115-de7fb5fa6185,bd85565120708bb2,desktop,Windows,Chrome
8089756d-5818-4cc8-9df8-4eefa23e338a,875492dee1e21fd3,tablet,Android,Edge
43fd6efd-f1a8-4722-a792-ba3169ad97c8,7d9debb67500f841,tablet,Linux,Edge
3e3d5654-46b0-4517-be03-7970823f9974,c35b925ccf7d0266,tablet,macOS,App
ee905467-fce1-4361-b8b5-38db66b6bebd,d5cd1505532e39f2,desktop,macOS,Chrome
70671c00-1900-4789-bf86-3b205da51ede,f9dfaac496845164,mobile,Android,Chrome
3589f022-d5ae-4621-ac88-13b2dc1602a9,464a99496271bc3a,tablet,macOS,App
2b9dc8a8-7e62-4c30-9ecf-fcf3f32eadbe,b55c418b2b3ab4ec,mobile,Linux,App
ecedb901-26f4-46ed-b12e-1ab6f633eb37,4e42fca988858673,desktop,Android,Edge
ac2511fc-e213-45f3-b45e-6982ebbbbe04,c94791b33543db35,mobile,macOS,Chrome
2c17aaea-dbb8-48b3-9af4-a1b39415dbe4,e718b841779e120b,tablet,iOS,Chrome
ff0fe7c4-58df-488a-8ad2-270028b735d1,61ff42a4be146708,desktop,macOS,Chrome
6c33a591-6554-4747-80d5-ceef01a5834d,d91cc82f5a21c6d9,mobile,Windows,Edge
f0ccf112-68c8-49e0-8499-bb9d0873b882,977e28266ffa1132,mobile,Linux,App
cfa68882-b0c8-4c9d-babb-12f9662703bf,162522b58ea82167,desktop,Android,Edge
19e22ea1-0972-48e5-9eb6-528a9adea93f,f196a3ba7cc7035b,desktop,iOS,Safari
7367706c-b519-4d93-b57b-dabc20abfe04,1a639495c5ae3065,tablet,iOS,Edge
9ec9cf0c-6a1b-4ef5-80b5-df6f9981224e,11ac8726d13146ba,mobile,iOS,Chrome
3ba656db-724a-4221-bc1e-8503c5f8baf3,9593d0fc8b2c55c3,tablet,iOS,App
38e6a13d-2f73-426c-ab80-0abf94d976be,0dfd69a798d3adcd,desktop,iOS,App
e92c6f76-e804-409e-ac15-37a5b00ea906,47787c1be7edefe3,tablet,Android,Edge
42543c8e-5750-4a4e-a8c0-b66b5735c30f,254b71cc20cc4753,mobile,macOS,App
3a0316f8-8955-4ffc-8042-abb9ee26c32f,2eabbd49f53b4ae4,mobile,Windows,Firefox
274231cb-cb8c-46bd-a7cb-10b8655ab1c9,4e9c26bcff79ac2e,mobile,Linux,Firefox
ad4e98a2-5efb-4247-b298-ac77ce6dc132,fe475fde9ec48b9f,desktop,macOS,Safari
dde3351a-8166-4c72-a297-e2a6fc2671bb,188eab4e36ab6bd0,tablet,Android,App
4217cb0c-d044-4d21-b749-0876a15100cb,ed0d559fd903186c,mobile,Android,Edge
b5c2ef1c-cfc3-4437-ba65-a861e48400dd,ace2d2d8b45ab4e8,desktop,Windows,Chrome
eb26ec16-989c-4428-9e18-d8815e293313,9dc6a0db44a29e50,mobile,Windows,App
bb6aa936-bb3a-493c-85ca-7535d15673b3,246dfc22d2fb29f1,tablet,iOS,Chrome
539879b5-e57f-41bd-b656-141b513e29eb,35a729e39e7a348c,tablet,macOS,Firefox
1529e733-2982-402a-a478-acfc2d06852f,d96e5415e6cef338,tablet,Windows,Chrome
ac03a82b-15e6-4528-b2ca-4fcef2421d7c,97093d1f939ec775,tablet,macOS,Edge
c239f194-a7a8-4475-aee9-ec7173ddc01a,efe5a12b1937504a,desktop,Android,Firefox
bd7059c9-50ab-48cf-b55f-6b8ac1d4e0b8,54183eaaa6bdf44a,tablet,Linux,Firefox
3bc5d65a-25c0-4bae-adb4-662f3ebb0fde,10eac2e029b4da24,mobile,iOS,Edge
99478958-d853-4acf-99f0-6ee75274cdd4,59e3261f72d731f1,tablet,Windows,Edge
3012f0b4-0547-4b0d-bb2e-482a00c97ec2,9105795bb6490d68,tablet,Windows,Safari
ddfa731f-fc82-4795-9306-0f8813c71519,e7b376fd1cbf0af6,tablet,Linux,App
0e220697-080b-45f0-a7df-115d4357fe42,57782ea251a5079e,desktop,iOS,Firefox
50f453a9-dd41-4f64-8dd3-1841f544e4c5,04235d8aeca54fd9,tablet,iOS,Chrome
bd2d0dc6-f69c-4608-b4de-dada1d8bbc93,f7f6ae26e1c4d2c8,desktop,iOS,Chrome
98447b10-0bd2-4555-ab6d-c62b19aac636,e93105158f8d12db,mobile,iOS,Safari
7d00d472-6738-461a-bf1b-b70e0eca65cd,f2bc6240354008f9,tablet,Android,Edge
bbd108b2-c3fb-4b20-81f8-58032a809c55,8284cf90c7b7694e,mobile,Android,Firefox
a0e00841-d682-49d5-aa71-e806d3d7c27a,d4eb78a73a579128,mobile,iOS,Safari
8583c229-b19b-4c80-9c77-eed174ee71f6,250e84ece6b0b4be,desktop,Windows,Firefox
3644c706-e8da-439a-88e9-79e1a7d51dce,29eb0bb62c82ee71,mobile,iOS,App
abe6d895-8035-44c5-a413-bd71f307d9e7,abb694c35dadf94c,tablet,iOS,Firefox
c80521eb-114a-42af-b36f-01a444ab713f,546011ff17971a71,desktop,macOS,Chrome
c60021e7-75cc-43ed-b5fb-79f0aeb982c7,0a8595e94e8c9286,mobile,iOS,Chrome
2af89c62-e3fe-408e-92da-11b7c500ef60,c6554f67c5339ddb,tablet,Linux,Firefox
6de37b7f-f99e-497b-a8d5-9cfc2349db37,a0504f9503c6d95c,desktop,macOS,Firefox
c18cf9b3-9db1-40c4-8881-397a3f9bc350,91f27b8d3a1df11b,mobile,Android,App
d356d73d-7484-470e-8a93-e7c58d4ae207,a0a1e9b3399b53ac,tablet,iOS,Firefox
997b8cc0-0e84-4553-b812-abad4eb72268,c7e9afaf44d1fcd7,desktop,Android,Edge
af285a66-db02-4f98-aa6b-145763c14e3e,bd5992912a641370,mobile,iOS,Firefox
962898e5-4ee1-4aea-a3cc-8ddbb43f0fc7,a192b8fcc3056d2d,tablet,iOS,Safari
b2e506fc-2c9a-41bb-92d1-fe540a212974,722e2c0649494f2d,desktop,Android,Edge
7c247de4-ba7b-469f-9429-c71e81943100,b1a21a1f73f8ce58,tablet,Android,Edge
dfa48eec-31f3-45b2-b5ce-846a585e5fa7,6e4c545f919c383f,tablet,Windows,Edge
20dc2803-d0d6-4214-b54e-f3a22c4de6a4,db89a49b5cdd7195,desktop,macOS,Chrome
ab5cf16a-a008-4ac8-8db5-8e1e13f0adc9,a47201ca28cd14e0,tablet,iOS,Edge
0810bfdf-999f-441d-b9ea-c5527357f5da,6e31cff1a64c68e7,mobile,Linux,Safari
b28bcd4f-c353-460d-a226-5fe0e2262c97,9571d3a65c1f0bb5,mobile,iOS,Edge
5e8315f8-40b0-40cf-8bf5-23cdd3841318,cded56aaf4e73674,desktop,Linux,Edge
5fbb667a-4a89-4921-9e09-11f641491151,ff3ae47d0ca3f8f2,tablet,iOS,Edge
b9d0404c-f5ee-40a5-8ba4-6cce510a65c3,b0b452731cbad8bc,desktop,Windows,App
b47e6ed1-fbd1-4334-a00d-d2e3d463ab65,b8aaebf07696f4c0,desktop,macOS,Firefox
70269055-beb9-4d81-9b26-e690d6a2b719,724de2504ea385f9,tablet,Android,Chrome
d64ce3e2-68c4-4bcf-ae19-bf6878e908ad,efa38f89e7e1b863,tablet,Linux,Edge
178f6063-9e33-4aa9-8b8b-2bb81dc85b3d,a84e3751a9510ff7,tablet,iOS,Edge
94a01445-4c28-4e91-a18a-4770095186bf,3baff152fe99d944,mobile,Windows,Chrome
63760abd-d9fd-4bd0-b711-d31e0590d08a,f2edde2639ef768a,tablet,macOS,Chrome
bbcb0dc3-2df0-4681-96b5-642e55d488e1,ec0c37e1de496261,desktop,macOS,Safari
d600d121-f76d-48a4-ae1b-076bee9bac89,321cd5244b262c70,desktop,Android,App
ac5e72f1-32af-4864-ae6e-439635d7cdec,548ea27968fe110f,desktop,Linux,Firefox
45197bd5-8af9-4bc8-ae62-7cb4a645a4b6,ea94a5a068725b21,mobile,macOS,App
9b6b964f-75ed-47c1-b321-1596db356532,cfffded78960a1b9,mobile,Linux,App
f306f6d6-4bb2-4c8c-bc08-8be9cf0b40fd,dfe4a770a340ca53,desktop,Windows,Firefox
3f029375-2e8f-4d57-90b0-f5835c162ee2,617c0b05d5946dbb,tablet,macOS,Edge
e2bab665-4fbf-4a06-804b-16884db64aa5,db6b6b4392714806,tablet,Windows,Safari
ad3e1e3f-7e5d-4320-9ec2-cbb6e9e1e158,ab99f201cc6a99bf,mobile,Linux,Chrome
7983d356-20c2-4f52-8707-6c10462ab7b3,d8138447151a2091,tablet,Linux,Safari
0a1ca30b-131d-48a5-831b-f6cc2a57d167,d518f2d0115e918a,mobile,Linux,Firefox
0c86fc5a-bc88-4cea-ad15-32e133278162,f8dc44051317c05a,tablet,Windows,Chrome
9a2ec3dd-cd3c-4d2f-a938-94a114d62f91,3c20f74722bc0105,desktop,macOS,Safari
a96338c3-23b9-45e6-90c6-1b931bb334c9,c407875aae2ea3ad,desktop,iOS,Chrome
e573c0b2-6046-48d9-8da9-3cee3984edf2,6f618b6b3d5eaabc,tablet,Windows,Edge
6915be1e-6624-490a-a887-ee2c2fcb146d,d444e92d7e2a3d04,desktop,macOS,App
40c75767-fe69-40e0-a0d4-f89082d9192d,f36b693258afce97,tablet,Android,App
e9f498a5-9cf8-4fbd-9b57-7b33e3b41b97,205f0bba9b9dd095,desktop,macOS,Safari
6911c62c-0fb7-4966-8b3d-975f3c68415e,e24a2540943765dd,tablet,Android,Firefox
8d0f213e-1654-49c0-a068-1569673013e8,d99c0d9fa0ef9a0e,desktop,Windows,App
50e91ca4-f6fb-4021-a0b8-db7b2fd8cce6,9ace1d40e3a8bd75,mobile,Windows,Firefox
7f540735-31b6-4b6b-8420-aad5bef49b08,629a8e7941448468,tablet,Windows,Safari
09c8484f-f178-4e03-a24e-ddde7865d3d7,e3d420b897c6a752,desktop,Windows,Safari
d29c0123-8d28-4497-b0b1-0d51fb058907,ac57aa245d45b48b,desktop,Windows,Edge
a8e19a9a-3987-4426-a33e-44d9ffa1e105,d6cfba41a6e34403,mobile,Windows,Firefox
305e6645-408e-45a3-ac0f-7ec3feb4aaef,e51c489632ebb68e,mobile,Windows,App
de80e97e-871e-4d81-8479-155502a357b3,1f0c2428f61daca3,desktop,Windows,App
e1a58825-9603-4350-a176-26c68f8b223c,1dd8b94eb55bd23b,mobile,macOS,Chrome
ac69b985-d308-44b3-b6e7-43e2e48c7cbf,5545df4fa8f813f4,tablet,Windows,Edge
3f3590fe-48dc-4283-a750-06042755a9ef,5686f0ef1e1c4429,tablet,macOS,Safari
af6a8922-7889-448b-84a0-e270a8563412,79892b6063434f70,tablet,Linux,Firefox
97c65798-2c9f-469f-bfd5-56e31e568efa,c9884d6f9e96d158,tablet,Linux,Safari
df2bc830-228b-43d5-bf88-0fcc45197014,740636f5c1cc1f1b,desktop,Android,Safari
2fa00c9a-481f-44de-b925-fc4cb3964c8f,9b365b57d3b5bae2,mobile,macOS,Safari
401163bc-9209-425a-bafe-99ecfa8c9783,c3269a0d2146da17,desktop,iOS,Chrome
528b16c4-703c-40d5-a9a9-54ac4d10cf9c,fec3cb5413aeefe8,desktop,Android,Edge
628eeedb-643a-4c94-8401-4a9a5bba7d66,aad892df40d0b8e8,tablet,macOS,Chrome
aacf364a-186f-4c58-a24e-fcec6ce1be56,42894a3741cb03f0,mobile,Android,Safari
fe69b253-96d2-425e-99e9-d3098a782d0b,5e22d31b102fa1bb,desktop,Linux,Chrome
e8b9e1b5-071d-4787-a606-fb26bee375e3,a25cfb7f76583d95,desktop,macOS,Chrome
afbb3998-f4df-484e-8f2d-c68cb3934983,2ccbfe684eef22bc,mobile,Linux,Safari
59a24195-bbdb-458b-ade3-beb8f8e3cd23,d1c0396667706d36,mobile,macOS,App
f1726e97-482e-4559-a6bb-87e93a463ca1,b1faf0d6a5d7eef2,desktop,Linux,App
9deba84d-9d05-4507-82c7-4b36a958cc3a,f9f4798acbac5596,mobile,Android,Safari
95aeccc0-8806-4bc7-abeb-54f2aedb3556,05bcf2296315bca3,mobile,Linux,Firefox
12f1bcde-0167-4185-b44b-8889f248d36f,0dce4f3754f3ae4e,desktop,Android,App
73d95585-b8b3-4a26-a199-111ea3144a25,4a9e4636abd3f904,mobile,iOS,Safari
d122c779-4b0f-42b5-bfb3-862f3cf52420,db61f47d4c1665bb,desktop,Android,App
d3ce015a-c8bf-4213-8961-6f81062c490c,d43af40ff7b37476,mobile,Windows,Chrome
405f8dfa-9913-4048-b1de-b6011e2c3d54,a84927321df4d7d1,mobile,macOS,Safari
5831c14a-87d0-4f15-a219-4caed7b8a9e1,19ca87ed251d2051,desktop,iOS,Safari
4d487711-9cfb-4107-82ab-93c135dbeb5b,95488c1cad952c39,tablet,Linux,Chrome
fc800708-0b3c-491f-9fdd-a8e93cc5040d,ca20e9baeee83243,desktop,macOS,App
3146412d-02cd-4541-bdcc-d0c4a07b1274,f1ba65bfddda19a5,tablet,macOS,App
3973e580-c114-47b0-8e64-7e6bc56d3f02,52f5e69c0cee8ad6,desktop,Linux,Safari
fe3a687f-0403-428e-a883-6a0018a617a9,924d0837be4e714d,desktop,Windows,App
caeb3b7f-5c8c-4a96-b214-a3bec814c9fb,91cd13cdf41cbdff,desktop,iOS,Edge
e127d9e8-24b6-4f9d-aa4b-261122795c31,867cf6b34c831c6a,tablet,Linux,App
d6ff84c2-fcd0-4681-b9a9-4599b8c1758e,38166e51613c0f36,tablet,Windows,App
52751521-7e66-4da7-af66-4d28a4aeec79,1fb0c2e262e84ac5,tablet,macOS,Firefox
4f66fb52-7eb6-461e-bcb8-30279eca4c5f,4d9284cb0c184f51,tablet,iOS,Chrome
22e07f78-900f-4f5a-b3ef-58bd1ea89b75,df73dbf0c237ad5b,desktop,iOS,App
dc5ab3f2-1ee4-45f6-a6a6-b916003d33a3,d0c86e3e1d9cd27a,desktop,Android,Edge
5acdf0c7-b7a8-4cb8-8a54-38e164fbc546,d3ab084d52902727,tablet,iOS,App
0a584444-f7bf-44e0-8bc1-b0a5652b2d64,1c1b9a8ec23f9a75,mobile,Android,App
16036a90-1f02-45df-8b88-a4fbe110be50,cdc95c16231196e3,desktop,macOS,Chrome
b114d38c-1b68-48dc-b194-13853bdb9c4c,066a41d043017960,tablet,Android,Firefox
8aa89df3-df31-4b90-8a8a-8cec5e3e700a,06b564da04907855,desktop,macOS,Chrome
cd967541-e316-425c-ae75-7d18966aa18b,a7ca523e01f32ac1,mobile,Linux,Chrome
39860d98-983d-43ce-91ef-f341f7836e6a,95dd65742f7fefe2,desktop,macOS,App
27eb0fca-0697-4555-9bd6-2a87883ba019,cd0305c61b7c16d9,mobile,Windows,App
16cf58e7-3839-43c9-beb3-eb4ca99eb4f9,53b133be7fc90f32,tablet,Android,App
0a5acab3-de36-4bcc-bc35-4624111fda42,c82d616e03bdb4f2,tablet,Linux,App
185adc3d-0095-4e88-9913-62832cb9ebd8,55e05427beee1f47,mobile,Android,Edge
b461ad0e-32bb-4e3d-b4d1-6162a5b5f82e,3bacf7f8afdca4be,desktop,macOS,Firefox
9bd14faa-5bcb-4e12-adf2-de542e5085e3,688702404ca4af91,tablet,macOS,App
ed2ded68-c299-4adb-9cf9-88c43563dcae,cac391c9ce070758,tablet,Android,Firefox
450b83a7-4327-4dea-a961-c87d38abfbe7,bbd77a33592f1f49,mobile,macOS,Edge
5a6d5010-3371-4be7-9ac5-530171d6f41c,2a10ab6606ce3263,desktop,Android,Safari
1b812370-3e98-42d4-924e-85a8a53ae624,8c427d30ec048c2d,desktop,iOS,Edge
9902a124-845d-465f-86ed-14235c4d8fee,9a6245065c438425,desktop,Linux,App
2a9796cb-4996-46d3-9e9c-6feb16104991,3fd2092d87e3c83e,mobile,Linux,Edge
d08272a0-0207-4a07-82ce-a945904e56d8,800512dc051edf05,mobile,iOS,Firefox
3898ec67-1439-4283-a114-2a44bbd4e737,49843ee92dc01744,tablet,Linux,Chrome
a8b362d0-19d7-4883-85ad-f897fd3465f2,7bafee525ec606c4,mobile,Linux,Chrome
76ead420-0573-4045-8cb6-610cfc4ca81e,b98f9aab897bfb64,mobile,macOS,Edge
4581dfac-4a7b-43ad-adcd-00f05366da10,7d01ffee5ef83da4,mobile,Android,Edge
ab828e56-d718-4402-bc71-266f334913d5,0b5e569f05aa8300,mobile,iOS,Edge
449d3775-6089-4120-9020-0f6bf93374b2,11d39eef33ec4d57,mobile,macOS,App
d4249a04-2e67-4567-951d-75e39f804507,ed70ce31e0859310,desktop,Linux,Firefox
439bb9aa-8dbb-4927-bdb7-60afd54b904a,c63d848f3a961f31,tablet,Linux,App
b9012be4-14c3-4a6e-90ee-2124d1115a47,35253ad68beb1759,mobile,Windows,Edge
5905c2c9-91f7-4dfa-af8c-848375fe0f71,5e3f16fd1f291298,mobile,iOS,Safari
e7fd63f9-2f35-4cd7-a6dc-f957390ddc73,9bd4c0d2710b722f,mobile,Linux,App
8caaf111-77b3-4f95-b60f-0e3ad61748fb,b0638eaf5521c179,desktop,iOS,Chrome
8aa8f2b1-aed6-4f35-86d5-1f599be9d1d5,bdb52efda5bd8c0e,mobile,iOS,Firefox
d988cc2e-1412-4110-a281-9c797cbd5d8e,18358c3e4363bcea,tablet,Linux,App
96e0efed-e111-4fa4-86d2-149b37a8994d,920f5a3aa9c22e8a,desktop,Windows,Edge
2d096e17-bacb-4cc0-bb9b-b71c3bc80acb,81e267ed01c4dae1,tablet,iOS,App
52e027e3-6fa5-4c84-89e0-8a9e8ebe35c6,8493e954e20a8042,desktop,Android,Chrome
0e41069d-c110-45a1-a7ab-45e38e02d736,6e224c0f9e8b2a08,desktop,Windows,Firefox
51f6feab-4c32-4d84-a9a3-562fe3fe5855,5b616bdff4e1b31b,tablet,Linux,Edge
64f1f97a-7a50-49c9-8dce-72b2e71f50a0,7843edadfbd7e8ac,desktop,Windows,Edge
5a92cfcf-997b-4fad-ab4f-01a0b0ec467d,1142a137b47e3d73,tablet,macOS,App
868cef20-abd1-496e-a251-2a8347609f2b,b1fd291ae6eb092e,tablet,iOS,Firefox
ac8e02ef-7e3d-471e-80f6-6205f68632ed,2798d195e6f35d38,desktop,macOS,Edge
1fef38c3-bc71-45e6-b2a0-d960bd2271d8,4046a4d02dd711ab,tablet,macOS,Firefox
bf9e4d40-33a0-4789-a369-c36de32ac79e,b5966df1e328494f,mobile,macOS,App
bb1025f9-8bf2-47a9-b2d8-5ced307181bf,4156b980b0cf0ccf,tablet,macOS,Chrome
d6a39515-f519-40c4-a53f-7ae4ff0bce5f,36215675da801be2,tablet,Windows,Safari
5a8ebcd5-3cec-4438-9789-5fbb7dfc7a6c,7098d1c41454167c,tablet,iOS,Chrome
e8731eeb-5918-4486-ae0c-ed3af5e34178,7f729a86eccbe480,mobile,macOS,Edge
f6fd5bfc-c6c2-4fec-b887-4411edc553ac,f3d184a3f68c42d1,tablet,Linux,Safari
0119b26a-da18-4ba6-8358-85df82f95e32,e925dc348ecf3bc0,desktop,Linux,Safari
cbda6b02-00ef-4cd7-9b2a-199a7c371723,4b94bba037217922,mobile,iOS,App
f25fef40-ae53-452e-9222-0e4b63e8d29a,95c49a808047b199,mobile,macOS,Safari
ca422ecb-a3da-4c5a-bb2d-9f91b9928de5,89d0a4942a93b536,desktop,Android,Chrome
cf275729-56ff-49cb-a784-b255c23ab536,470e4e659ea07336,mobile,Windows,Chrome
f30a11cc-aa31-4820-a9af-8c216e90ff2b,b26c40b0fdaa472e,mobile,Windows,Safari
12a49d2f-9192-467e-9627-1207155357d2,930a5adb5f47fce7,desktop,iOS,App
239663e1-9368-4160-8649-5039d0283ad5,8701b1e4342365a0,desktop,Linux,Firefox
b7c961c2-0968-41ec-97e2-a1716c41b305,91f0c3f93af29b53,mobile,Linux,App
8fe03e71-d69a-4c27-aae7-1498792e019c,34db16ab2652e1b9,tablet,Android,Safari
430bace8-2d59-4a2f-8f32-1db3cb28ae5f,3906b7ae245a3df3,tablet,iOS,Safari
26f081e0-bff8-4788-9e26-a33b5ddb8b84,6847f250cdcaccc6,desktop,iOS,Chrome
2ff1949c-2078-414c-b2a7-1ec8de416001,3ad22493871dc40c,tablet,Linux,Safari
4d993d1b-1fce-480c-9e47-741562134340,f5c6cebb386c0731,desktop,Windows,Firefox
fae51624-ada4-4ee2-ac2f-6b2239ae94ce,6172b5ed2415a59e,mobile,macOS,App
68ec6464-bef8-4344-981b-9bdaceb849e4,bc05b922f47726bb,mobile,Linux,Safari
18772ea4-50ec-4389-9b3d-6a5e636b22df,a6c9c027ec1d96b9,tablet,macOS,Edge
304940c5-7ab5-4bad-9a2b-5c603f1329ba,b0084c88e9e9957d,tablet,Android,Edge
2bd442d9-a489-40f1-b4a5-d58f023222f1,e5d2160b0e10130c,tablet,Android,Safari
baab7778-2d8c-4922-ae11-20918b5848f6,ed629e186d09a869,mobile,iOS,App
893d6306-d616-4118-b0d1-95dc27822db7,c646ec068648f795,mobile,iOS,Firefox
5fc1a3cc-9403-4140-96ad-5f2f77f139ae,79e00bd36f62cac7,mobile,macOS,Chrome
d62adaa5-a811-44b5-baa9-03d7fa8359fc,465bb55c166e1a7c,mobile,Android,App
af1da6a5-501f-4a21-8d63-11f5dcf30e3f,6d1b8930d8837677,mobile,iOS,App
86382d8b-4b78-4a38-bc34-f8a94e3a276d,e203a65d33e6a983,desktop,iOS,Chrome
6c39e55a-c009-4a3e-93e2-1ffa762505bc,2a7d8cd7c16db70c,mobile,Android,App
36657f53-683c-4f28-b87e-9b2ec954f1e9,a92dc2e5d7f8e691,tablet,Android,App
1593facc-9408-42af-bb11-a837b8749f7c,25640f08098de45e,desktop,Android,App
8051d92b-4b04-45c9-bf69-426faff1b862,77222ddb77ca76a3,mobile,Windows,Safari
589c5f2f-d345-464a-bd26-6a7e6957de58,82e6d416d9f57e7e,desktop,Windows,Edge
8e77e1d2-3524-4234-8b3e-11d8e46539c1,6703b61afe52cf81,tablet,Windows,Firefox
6f857ff2-e1f3-41a0-b3b6-e39296204cdc,6cce74ef7c716f9f,mobile,Windows,Edge
ba29ae66-e140-4318-a6e3-f82f2f3c6e4a,c4fa7942d5ff0d09,mobile,macOS,Edge
8a16e81a-de52-4dbc-a537-16bc9d2fb32c,6f62fc51f54b3262,mobile,Linux,Edge
3c74c940-55e0-448a-8471-56c6c8778857,9ac017153ef9b604,tablet,Windows,Firefox
44882fb4-27e5-4fdd-a7d0-d8e1543303f3,5fcfcfa7d899f12d,mobile,macOS,Edge
2a025fd4-bf5c-4ffc-a0d7-f5f1df42eb29,cd7056b5ba1fc01e,desktop,macOS,Firefox
98c2ea09-b641-4771-8b9b-2601d011e7bf,dc6488e6e1cf4786,desktop,macOS,Chrome
0a675d9e-c509-4354-8754-7c2ce570b1e2,e65efc052925e8a7,tablet,Android,Chrome
7714f6ed-66db-4fb8-8999-2d48a8b7cb6c,b76b5594f7bed505,mobile,Linux,App
79ec5e8d-6b34-4e6a-875a-48c7b1cd2f8d,77de6da31e652fc2,tablet,Android,App
fd6fabb9-6145-423c-9976-895a6d795195,382a904396b92f3e,tablet,Windows,Firefox
fa9efe20-52b3-47d9-8795-bdf7f140cfbe,79fc38312602a09b,desktop,macOS,Chrome
ee6b9b82-f89a-4e2d-a79d-9c30b13c5dce,f02cdd3fb6746382,mobile,Windows,Edge
ca874a01-4b4a-4ca3-b107-9e37050c24e6,6a7facc710711a48,tablet,iOS,Chrome
86c4eea1-a07a-48af-8b79-a923dc5a0909,9da8e9650105abf4,mobile,Linux,Safari
11ac9e08-a659-487a-8dbe-ee40da774f15,f4a16557ad67da83,desktop,Android,Safari
7d94f93d-209e-41ca-85ee-150f7901b3a8,db5a6e6fe1c55e0d,desktop,iOS,Chrome
8afa9172-3d7e-4a0f-b3f9-31fe829c1569,f7ae9f359a472b6d,mobile,Linux,App
b67038b8-7346-4726-b677-7978926aeea9,a702f510a19b06fe,desktop,macOS,Firefox
c4b1bea5-744f-43a8-b8d5-9580a4a51e28,d43dc793b2a6e47d,mobile,Android,Safari
2859d74b-fb01-443b-a10c-f53994e56194,23a56f18b53df41a,mobile,macOS,Firefox
e605bb19-d956-440a-8e29-1a81dba83fd8,28be5b0b84d3b650,mobile,Linux,Chrome
3036abd3-f5f1-40b1-8c6d-28c3b6ccc160,aff474868b3fb56c,mobile,Android,Firefox
17d87f34-d6f5-4e1a-9dbb-260dc882bf1e,3a506fd1aa38f2e2,desktop,Windows,Firefox
4d3e7d0a-d9c0-4f55-87ff-04f4b490bbbd,7342c27cddf7e9ee,tablet,Windows,Safari
44b96904-aee8-4f7d-a77a-4da7c76be9f6,71121debe2a492ff,mobile,Android,App
dab612b6-93e3-4b54-846d-7b8358ec2127,3f7aa2ae94d5b3ad,mobile,iOS,Safari
3b4cf317-ac44-4092-8a7d-de947c949c30,52785fa4aa20d40f,mobile,Android,Chrome
4878abf3-e217-4bb0-8c2e-11330f5ca686,9457cc788b470a6b,desktop,Android,Firefox
46fb8178-73e4-4506-be5f-9f5411ebd33a,744749a6c1ba2154,mobile,Windows,App
ee7fe670-f5ef-4d6b-b3b9-94522cc47ffa,44ca07536e062711,desktop,Windows,Safari
1a8fca85-30e4-412b-b038-d65175c27af4,f4508c46e1cb8b90,mobile,iOS,Chrome
a5012689-1c0c-4080-9f43-044eacb7f665,6b3497a0a994bc1e,mobile,iOS,App
3e0c5bc3-72e7-4088-b48d-7f9fe487c62c,a90e848b0eccc2d8,desktop,Android,Firefox
a4d81f80-2330-43b0-9f64-17a6fc1751b1,b5ebbedde36ea434,desktop,macOS,Chrome
e7f7f79c-58cb-4855-b60c-994361c2f1ea,e0be66f0f1d29896,desktop,iOS,Edge
de0f8837-f861-4d81-a812-4117ccf232e2,3e41d61ab304cf25,tablet,Linux,Safari
b7e820e2-20a6-4582-b780-d41b62727c9a,7db649372c0f4b52,desktop,Windows,App
38ffdee3-d304-4ed2-830c-d7ccc6818bc6,90dcb449751f67f0,tablet,Linux,Safari
0cf37bc0-ba12-4b3b-a250-40b68ce95e93,6f1ec9d348625910,desktop,macOS,Firefox
cee054e0-e94c-4aab-8ab0-3be0a61e52cd,73a9b092fe6db576,mobile,iOS,Firefox
a60cc4e9-26a6-4cb1-b443-473996dcf1d5,4e80264f2567d67f,mobile,macOS,Safari
ede8fff1-fe39-4d37-a8b4-75aa0d3e1280,214121681b132a5f,mobile,iOS,Firefox
83bb9fc9-8e34-40c4-a525-55edae6eb458,f89a7d1d112a69c4,desktop,Android,Chrome
7aaf50e4-7f0a-4c54-af58-cae0d4af2cba,a292e069d15c14b1,mobile,iOS,Edge
1e46a12a-3862-42f5-a0e3-d0176320c450,d81682622c585aef,tablet,iOS,Edge
25a6e4e5-9e09-452a-b7be-b9d330975076,acbcb95e50b7730d,desktop,Android,App
99d8df9a-1d92-4ae8-a38d-6d724044ca53,82b25e8324275aeb,tablet,Android,Safari
ae87336f-ad3c-472f-8a30-957584a17d5d,27e68ab59e936c9c,tablet,Linux,Safari
101e85c2-3832-45db-9af9-110d0b9ef28a,8daad07eb2cdfa5d,desktop,Windows,Firefox
ed3150d2-b06c-4be2-a247-e257d3ffcf2e,db25982022f3de31,mobile,Windows,Edge
2616d177-db24-45a7-9ffc-abebc3ef3026,3d98d99e94305688,tablet,Linux,App
d9194158-0181-42c8-b467-da395d0a97e4,2e91da9280af81db,mobile,iOS,Chrome
0e7b5c40-dc2d-4e49-b495-d798818796a6,a5d3d65cba4e2447,mobile,Windows,Safari
723f7431-4aec-434d-88c6-4c050fb4ac0b,2e1e080ddea26560,tablet,Linux,Safari
478e1b25-56f9-4cf6-a7bf-f0eecf0e008f,926d712e9b6eab6f,desktop,macOS,Safari
aff08d44-ba29-473b-9375-b67a69f3f8c3,a8dfc0390018aa59,mobile,iOS,Firefox
8ae71cf5-09f1-41f3-91ce-10ad4c4d0f7d,e77536dee894cfc5,desktop,iOS,App
04848aa8-f34a-4aff-b7a4-33fbb9f3bf7c,d7513df6a12a90d3,desktop,Android,Chrome
1f199104-f3d2-4065-8d0f-ba8a1e6357f4,9f7f4c1291e0c3ae,tablet,Android,App
cd9e6ed2-fd8e-42b1-abff-0aa429ee6f00,a2a337d80b10881b,tablet,Android,Edge
c671b2a3-dd99-4e74-9911-4a3ed1244645,34257b92e25d7eef,mobile,macOS,Edge
aeef909f-cf38-4407-878b-f9ac2af70563,bb032dfab87da5cb,mobile,macOS,Edge
a8bd8459-cabd-4042-91dd-9c1ce49f8da9,ba920170d780b9d1,desktop,Windows,Chrome
4428c28d-4789-4f20-b8e4-04c918458795,4b91d422d00086e5,mobile,macOS,Edge
ce758276-8b4c-4088-93e4-d520377e8933,3477bc62aafe045c,mobile,Android,Safari
209d39b7-6f46-45b1-8cd8-5782b27889c1,76970753eb9112b3,mobile,iOS,Firefox
3e270214-dfb1-4dc2-bfd8-1ccc20de0cf3,95ca6c1f365fbdf4,mobile,iOS,Edge
b18a8e70-a138-43f9-8db9-f6fd20be2122,c990e34674780ad8,tablet,Linux,Edge
40e9a0b4-14c4-4cea-97da-4e894b026c06,235354f179f33819,mobile,macOS,Safari
9b58b827-f9d0-41e4-a9cd-28d50b1e72d4,702fbc062f004979,mobile,Linux,Safari
a1c4001c-cbcd-4ea9-bb66-00a80fdd0749,937c5e2207b2d53a,tablet,iOS,Firefox
1b80e327-33ed-4e58-8f73-911d75a81faf,016283e9b4de3bdc,mobile,Linux,Chrome
803a9786-4afd-4a3b-96f1-0e18f6f3a7d5,4018c151d89e39c8,tablet,Android,Edge
105f7253-2de8-4184-b09b-266f937384d4,79352ca85fdb959a,mobile,iOS,Chrome
a35ce856-760e-4b09-ba27-80aba73b4ba1,1f97ecfc8222271a,mobile,Windows,Firefox
4a10912a-56c9-47c5-b582-f6e0bc02eba8,e09de2d4bc694720,mobile,Android,Edge
01001e49-662c-452f-a6e3-f0b130e520f9,09357bcdf842c2f6,tablet,Linux,Chrome
f40d98fd-18c9-4bcd-8d4a-40d42342e3c1,9f8a4c18f2d4b5ba,desktop,Linux,App
7a3af8c1-6b7e-410d-8081-5070b7c36c7e,2d5d53605e9bf256,desktop,Windows,Safari
0faf5a84-9153-4f62-8f89-3e2c159ecd67,617d53e4c6cde382,mobile,iOS,Chrome
e3f1d6a9-4620-4f4c-9c9d-7dd4359802fc,6d588f41b82fee60,mobile,Android,Edge
281954c9-5474-4df2-8afd-46803fe7d423,9cd0cc07d25c29e8,desktop,macOS,Firefox
1cd90c2a-3e6e-4dca-b8a8-c60301f3d674,24ba87a56bdaf7dd,mobile,Windows,Edge
9a86fbb3-b4ff-4e6a-8549-5c3e37fccc36,e023309ac86c1961,desktop,macOS,Edge
cc504e60-9f5b-4416-9e34-83c7d1b3eb6e,8c0f2f6a92e88eae,tablet,macOS,Firefox
965d3a5a-3afd-4eff-949f-70a4ab1df4fe,41d9310596328afc,tablet,Android,App
cb4805c6-b8fe-4ab0-8a10-c8d8b0eb73ff,f5959d985c54aed0,desktop,Android,Safari
84bb37ae-090b-4ff4-93cf-f37b82a9c221,3617e67cba9c94f3,mobile,macOS,Firefox
c4c471dd-6ce2-4de6-abe2-411b13d51a28,d143a0573204072a,mobile,Android,Chrome
5d992369-c6de-4107-af3b-2c5f09f83d47,aa2253b87493b47d,tablet,Linux,Edge
3c47a2e3-7886-430b-b3cc-fc1f613904cf,bac165716a6eaf4e,desktop,Android,Safari
e28a7bb2-d416-43ea-9277-9220b685e2fd,37e99b4499cb3956,desktop,macOS,Edge
50e5d347-64ca-46c7-8f2b-2b85745c25c8,632fa90de89ea6a3,desktop,Linux,App
de030999-e552-475b-85df-3632ea358366,ec4b7742b20fb97e,mobile,Windows,App
2a0df424-9ff0-4d8a-b809-d2b0c14084ad,db3739dbd3e9a189,tablet,Android,App
69424f07-7f46-43b6-8d48-d1b970500e6f,6355ccca49df34b1,tablet,Linux,Chrome
32f61401-b86e-4c7b-967c-1f25d0cb2d4c,16d0b1c2d320102b,tablet,Android,Chrome
c64e78eb-8cea-4378-9415-c0eebe134b89,cf8323b1f5377492,tablet,Windows,App
c19dbb3f-3898-4f4d-8571-5955c4a47550,6b94f14b501fc79d,mobile,Linux,Safari
10f4885d-b4d2-4701-b1f2-909baccaf648,662e4c3f158dcb54,mobile,macOS,Chrome
7f562eab-01df-4539-ac53-0f4b2233373e,62bd0a8a2e2b645c,mobile,Android,Safari
2851cba9-2e83-4084-b92e-36a7e2ae8219,4b4fc3a281a365ff,tablet,Linux,App
d3104529-58e2-4364-9d20-f5de323dfb12,5bea85e1e9ea2d8d,desktop,Android,Safari
23b4ac11-311c-4f08-a107-04df9fbd162e,3d295c6bc18a2953,desktop,macOS,Chrome
21ef965c-5953-4e29-bc82-43d48c778daf,3076e39e6ae95194,tablet,macOS,Edge
c58f2e50-430b-43fb-910d-865639f3c614,e66f2ee356a26ac8,desktop,iOS,Chrome
717e8e65-7cd9-41cd-bccc-3bbbcad21b36,b68779f6f9934b2d,tablet,Windows,Safari
d9e3fbed-ef11-4a81-bbfd-8d79484c0dad,fdbc11687f3df659,tablet,Android,Chrome
bfdd7766-a751-4079-bf27-5b0ad69b3753,f00d641524061e43,mobile,Linux,Edge
fd5bbe28-bd38-496a-8f47-cd90c2c1b31c,c6ebaf6767bf6a17,desktop,iOS,Firefox
1432ce6d-537b-4f10-9531-3925b12a0cdd,2de47426aa571906,tablet,iOS,App
2c85eff6-5cdc-411b-a709-75ad325c2a11,72083a5ea1d97d3a,tablet,Windows,Safari
60de42e7-fd03-4ca2-9a6a-6b691c18a217,292abec85ed5495e,mobile,macOS,Safari
4dc415ec-2bdd-46e0-b96d-4bed30bb883e,f4b561b6c76a9e87,mobile,Windows,Chrome
b989a9ee-6823-497a-a9d7-895a9a799852,14681ccae078dfea,desktop,Windows,Safari
681e55fe-fede-428c-9121-1b18ef9d9879,c74338f7b88afcd6,tablet,Windows,Firefox
c1cc715b-0512-4f63-9e4b-8d02bf8b77b3,5a0cf22413bb43ef,mobile,Linux,Chrome
6b882138-3483-4cd4-b558-46df50ae4a83,914b7f46ae7141dc,desktop,iOS,Firefox
f2ee6d67-ff12-4c73-b72c-1fb6b6f6209f,cae3bf8914c7c175,mobile,Linux,App
d1404590-8b3c-44b0-af4f-9f9deef32b7a,19c757d4fa37eac7,mobile,macOS,Edge
68b15a5a-8c85-4aac-b0e1-e2d86c574865,bda736e42bab519a,desktop,Linux,Edge
1f664db2-3d64-4611-accb-2a279a78af19,31931cc7f433c85c,desktop,Linux,App
15989229-06d4-4726-86e6-ac9909537ee5,5bb9f27cb946f9cd,desktop,macOS,Edge
376e1a27-35d7-4344-83d1-a74a07c5ca90,61492c50853dd674,mobile,iOS,Edge
727d67a8-5107-4c0b-b148-e8e220ea25c9,a1fa7a03aed4b306,tablet,macOS,App
37fec36f-90fc-4c14-8167-76faefdcd568,4ef86c8f5f2c4206,mobile,macOS,Chrome
ea9730c1-cdb8-4e48-bb01-cb2460dc6bd2,ccb9c461b32ddfb0,tablet,iOS,App
d6c7018e-d08b-4901-bacc-842e3dd78a2c,2071a43984b3ec93,mobile,macOS,Safari
54c0e6bf-be53-4b6e-a0c7-e293af163c9d,2f619836dc013253,tablet,iOS,Edge
bff653a6-7c23-49e3-a660-adc422b05e40,c4dbe028b1026b9f,desktop,Windows,App
3d01cac5-5737-4d77-8a2f-38fb6b96e1a6,89a7003ebe3130a6,desktop,macOS,Firefox
5c993977-d7f0-4c3b-bfb4-fb2c317528af,54a0acea0a2a849c,mobile,Android,Chrome
371fe7f8-d187-475c-8906-dab4c61f590f,22dbd17b93e06b83,tablet,iOS,Safari
20ca710e-3d3a-4843-97af-1ab8910899f2,636437c8fba6f1b5,mobile,macOS,Firefox
406255e2-4eba-4089-9837-69eedc0186ad,cd38e6085a1e58c4,desktop,Windows,App
c99e6acc-c0f9-4c75-9616-9268fce77b81,10771fbc7ed112c6,tablet,Linux,App
4e27796a-853e-4611-97f3-e5d086fb7a07,6c973656eb1d8416,tablet,Android,Firefox
b4a484ec-65cc-4737-a5b1-da77b009b373,f26164546b169cf9,tablet,macOS,App
451a50be-de0c-4d92-bf96-cb7bbc2bc24d,b2b62936a376408c,mobile,Linux,Firefox
3e8368f6-eebc-4e40-be82-484e784119a8,eb343a16c4ac2034,tablet,Linux,Firefox
db32c091-ead9-415e-9e61-6e81e91427e0,80683485e4f761fb,tablet,Android,App
4799928e-282f-4b06-860f-9184b333451e,17edfde8854991d6,mobile,Linux,Edge
82dce99a-1d20-4a42-a066-4ac10c94417a,dbb531b314303671,mobile,iOS,Firefox
005edbef-7c3d-4760-bf32-9a0683120344,ca8109150cdbdc5e,tablet,iOS,Firefox
dd1ea00c-ce82-4594-b2fb-d863353dd2b3,9b8ac298c1d37842,mobile,iOS,Edge
305b33aa-d3be-44f4-92fe-c09f615aa58a,93c9b299c044f9eb,desktop,macOS,Edge
7e21eb4f-532b-4382-ad97-09c68943e4cc,2ac1dc7bf3b5ebbc,mobile,macOS,Firefox
ac1b2cab-3563-4c95-8ee0-dfa9b8139d75,13e13be161b317d2,mobile,Windows,Chrome
9535e597-6801-4792-8b7d-ef5af71aacfb,4053536b74ab81c0,tablet,Android,Chrome
ce02b83f-a299-4b08-8453-e78b91f729a9,98ac39c36235e654,mobile,Linux,Chrome
93d906a5-ce4d-4277-a862-4b255eab84bc,c2c76972db553703,tablet,iOS,Firefox
f45d379c-60f6-47b8-836d-ab0b38c3e093,d92c2716c92d5ce0,tablet,Android,Edge
02ca6be6-f3ff-409f-8bc3-3aed07813414,13fedf0c15b3b1f9,mobile,Windows,App
c8c409db-f450-45b2-a0d1-d4ed23e7558c,7a9cec26a8fad330,mobile,Windows,Safari
509df980-5eb3-45e9-b447-8b20c9358556,e9744056aa4a13d8,tablet,macOS,Edge
9a660f34-b84f-4219-a8f9-01d1654bfd02,6147f4e983f3dd09,desktop,Linux,Edge
56a0f5d5-204e-41e3-9661-c47fbf575142,8b7e0ec70fd29064,mobile,Android,Chrome
737f7b21-9124-4625-989a-9a9a6c7b41c6,62b7e8e9d5f27bfb,tablet,iOS,Safari
ac148164-87e5-4fe2-9922-e27955b5790b,c0f1ee88a0daa158,mobile,Windows,Safari
70c694e7-a963-46a0-90cb-2c2522de5c66,6b01fc59c9296efb,mobile,macOS,App
3e5e98fb-0419-464f-bec7-b53826b5bf94,248c59b4482059a4,tablet,macOS,App
642e0234-dc18-4b0a-aa24-799ddd88da27,67ab61f86352d24a,mobile,iOS,App
8de1a259-8007-43d9-b799-98a3c249cb15,f5d07bbdc786a8ac,desktop,macOS,Firefox
98c3c91f-0967-4b79-84f0-b50aa8bbc4ff,7e542cef8f0c45c5,tablet,Linux,Firefox
f91e4e4f-bc17-4aab-a6f5-c7fdbce69946,e8434e976d7f282d,desktop,Windows,Safari
9335e70c-6dd8-48f8-8563-3014adfe2f64,20e56d15a88cb1ed,desktop,Linux,Edge
58029a1a-4b52-4b53-a469-1ab916e89ee7,57a55679a954e858,desktop,macOS,Chrome
deb754b2-f516-4de3-b812-ae0b0a6bb4fb,db16fa8693f6b006,mobile,iOS,Safari
0f06fd4d-9da5-488b-af84-05e4815fbb61,923653979c7a9d31,desktop,iOS,Chrome
5e74d3b6-8b4d-45ab-9ff7-d9dd049f08b7,8ca7750479c2a007,tablet,macOS,Firefox
3c2ae3d5-0f9c-485b-a563-609d87eda3c5,5b121f6305198923,mobile,iOS,Safari
00f20564-e22f-4522-bd03-e02b614a438c,0eb1dc891c10531e,tablet,iOS,Chrome
b09aff70-a896-43ad-a59f-787e4552fe63,741f6d38a565a245,desktop,iOS,Safari
296d32fe-036d-4bbb-a911-e4d7c88879f8,518597c2d165e761,desktop,macOS,App
f268f11f-2028-421d-8c58-a423540abf01,de827310d0784b6b,mobile,iOS,Firefox
005c3c9c-d79d-4655-8935-a68215c1d4cc,164f606b0217b6e4,desktop,macOS,App
85f13b2e-8452-4cce-b920-9cc7a5e42bb3,b8fad2d949d42a48,mobile,Linux,App
310a58fb-d767-433a-b972-17b6cda8a024,0a128a85f37b61b5,mobile,Linux,App
96e7d168-e6c7-45b3-8440-d75120794577,3a5dd75486925f0b,tablet,Linux,Safari
50f8bedd-e555-4045-b5bd-8cc64a4f8ff6,de73a794651887da,mobile,Android,App
5586fdb0-5d99-4464-b672-59d766ae94f2,03630814353a32c0,desktop,Windows,App
9fca8a03-660e-4298-89a1-9eeee06c2017,dbf918ebd69daa9c,desktop,iOS,App
a83fe912-6b24-46a9-a793-c96ca3c2ec77,2c5dd986cd2ca734,mobile,Linux,Safari
804273e1-0cff-4de0-8763-dae8350ae5dd,88587940c733121c,mobile,macOS,Safari
a5a18783-0500-49bb-b09c-0c12dbb7a502,482e3dd3f0774d96,desktop,iOS,Firefox
98427d95-28a4-4013-b406-018bb3ea30ed,d4d570bb567b1071,desktop,Windows,App
b1a765b3-044e-4e93-8621-b6cf3696f5e4,94dfcd6554e74e48,tablet,macOS,App
be1cfd62-891a-40f9-868e-302361b174d8,19e2afda99a0573c,tablet,Windows,Firefox
92b9b4be-c77b-4ba7-9d36-3f5214927af9,386a98becd6c8eaa,mobile,Windows,Chrome
b3991c59-0dc0-45bb-b9c8-ed60848ac5ae,2ebbeba835288d8a,mobile,Android,Firefox
5a45b92c-491b-45b6-a8b8-bbe05fa73d67,7df7bb931d992e03,mobile,Windows,Edge
c7bd1d8d-3c62-4e1f-85c1-2a780cfe1e61,36b67b9d4ae6fcc8,desktop,iOS,Firefox
a333d8e7-ecc5-4d1f-b6a7-f50bd8df37fd,0e8f08d02b93bc2d,mobile,Linux,Safari
8dca0acf-cfc0-4221-9c14-86f12d60097e,b75054457e9a96b8,mobile,Linux,Safari
21e001c0-9a47-4a37-8f87-ebcfa73dcac9,e074290e2d0ad216,tablet,macOS,Chrome
239d5f1a-656f-429b-88de-71012117c0b2,1367d83a542f9f00,tablet,Android,Safari
73599723-badc-4177-a095-406385395350,a3115f66b1a69132,tablet,Linux,Edge
ba4e26e9-c27b-4385-bc9c-846f2fd43e65,eac0410755c23f8a,mobile,iOS,Safari
b6e04a5e-3bd6-46ce-a63f-fb0118f357ac,53629c1090710a49,desktop,Windows,App
49fb4ee1-f00c-47bd-b59e-ad69508d9b7b,796870ba88533e92,desktop,Linux,Chrome
21eb17a8-b277-461c-97b4-bc25172bc3ba,969ec1f4ff19f869,mobile,Linux,Firefox
c6308bf6-0700-4d06-aff9-22545c90ac69,4278d2c9682d9dd5,desktop,Android,Firefox
95ba3364-f0ed-46c4-b50e-9df263c21242,4d59beac2d1cd04c,desktop,iOS,App
c57cb71c-4a2d-4bad-9a1b-0c2959c5c371,03b6aa65dc75e118,desktop,macOS,App
08178e48-bd7e-41e6-8683-b751f125422e,b0c37e09c926706f,tablet,Windows,Firefox
12247610-8ab9-43c4-a09a-c00454f4e17f,5503a863eab03207,tablet,iOS,Edge
d14f8495-5122-4562-91a3-fabc7bff747e,c08a26edf1d1bd29,desktop,Windows,Edge
2ae41d09-b77c-4cc1-8161-07ede9f6d64e,e82bc5d2abb94d6e,tablet,Linux,Firefox
b0b37faa-b163-40f9-a10c-6d07354f6616,99571b41776804ac,tablet,iOS,Chrome
119a6509-3405-4989-ab51-6b48dfd13097,176dcf4ef316876c,desktop,macOS,Firefox
f3066523-d0d0-413f-929d-64a51493d4e9,7d03a7dd2b3a76b8,mobile,macOS,Safari
7aa1235e-9ec0-45c3-a523-f012e43bfe0d,2516a8d35a4113ab,tablet,Linux,Firefox
a47fc22a-45b6-468c-87ef-173bd2ea8743,4958ccb65b21cbc7,tablet,iOS,Edge
cdaad21a-f1cf-411a-9903-37de9283b963,254a238d6c3931a9,tablet,iOS,Safari
98ea18bc-0f50-4cde-9cd2-597dd572bf2a,b2d1ed7a1e448cdd,mobile,Windows,Safari
469ab375-1c3d-468c-97fe-e844d74b3793,b27910a549ff00db,desktop,Windows,App
93c13add-b71b-4fd4-8b0c-3e37aafb2d40,7bc59ebbf08997c0,tablet,Windows,Safari
c6085fc3-b04f-4cdc-87f9-3045479a5e83,2d1ca47718c9c49c,desktop,macOS,Chrome
a2a0bc26-6279-4aa0-90a3-6bfc8e1a671b,27a23ad4c00e1eaa,tablet,macOS,Edge
700b67bd-ed88-45f5-91c8-d8c55c2f8c60,bc66e28c47178f7b,mobile,iOS,Edge
d7910f8a-5563-4495-8eec-b6a4010ec7f1,9b78b51a69424226,mobile,macOS,App
d2e0139c-c6c5-48c8-8451-157520c6d4da,472f025b6f2aba8e,tablet,iOS,Edge
114c6d17-d9b8-4029-a5da-df891c364dda,6843e731702c89f9,desktop,Windows,App
76b19a91-14aa-4732-95ac-34d2906f6244,338127063d98b7cb,desktop,Android,Firefox
b0c5bbec-cbca-408f-86f6-c8fbe3cf14ef,e043226f73d07b9a,desktop,iOS,Safari
2862040b-7b15-4ed5-ba42-07d4c620ed7c,e4f0785edf306b7f,desktop,Linux,App
2f6deef9-fb68-4b39-9626-38b736011874,c421727aa1e220c8,tablet,Windows,Safari
2b150edc-7679-4bff-9a6c-8db7e4935195,ec937b68b47b4494,mobile,macOS,Safari
e266e3cf-5f29-45cf-8efd-3c91e3ee4952,afa9cc24ec58a59f,tablet,Android,App
6b902f9a-a8eb-4890-a468-6d4c592fb7fe,2da25e46b5727e16,tablet,macOS,App
f4665fe5-4c4c-420a-9bb4-c50268f6fe80,3a758f37dd7fef26,desktop,iOS,Safari
72495f3e-33b8-4401-ba1f-af67c849adef,74dd099b5a652e3d,desktop,macOS,Edge
97d54b04-9c29-4bd8-ac4f-95288d6e3d34,ef5030f51308ce58,mobile,Linux,App
02b1f7dd-5a5e-4453-80fe-28bf55219e33,77c348d4a717eed9,tablet,Windows,Edge
66f14036-17f3-479e-ac66-f61bc8f150e8,8b0d5f67947409a8,desktop,Android,Chrome
370b354b-985d-4a99-9751-381f2d70e985,905d2b92990c6fec,mobile,Windows,Edge
70da1ed6-54a6-43a7-bbaa-56e814bcb9e5,3200970f97118f57,desktop,Android,Chrome
9ecaa474-1e32-4b98-aad0-f399e944750a,28438da98ca5ecf2,tablet,Windows,App
c4097914-4632-4c30-b035-a3dc973d6e4f,8e23d11bab14087d,mobile,Android,Chrome
6f1f393e-93d4-42bb-8eaa-89a086beb1f4,47bb7830ebce728b,mobile,macOS,App
e9ed8731-7358-4025-8a61-0beca92c841e,32d523113cbb1f82,tablet,iOS,Chrome
5d86b771-ccb1-4421-b23f-21ec09ba8635,353f1835556a6410,mobile,iOS,Firefox
790b2c1d-4c07-4c0f-8e16-c32ad4907af6,6bbdd42ecdd01f19,tablet,Android,Safari
c10831ff-8c53-4266-a828-edb49e90a6e2,9311db7c4781af5f,tablet,Linux,App
e91a97c5-2264-421c-b526-da8b53125089,7b65049f0c51523b,tablet,Linux,Safari
384213b5-c957-4683-bf2f-b5e27b441640,f44fc73e62a00945,tablet,Linux,Edge
90b9943b-17ec-4852-a1c5-103ce0bc4170,0e1f0d59332fb302,mobile,Android,Chrome
4930342e-db98-418b-b553-59e00d1e01d8,0f6ee27fcaf90439,mobile,iOS,Firefox
61b74560-d3ef-4a91-802a-af2b1e40554d,daa60800c402934e,desktop,Linux,App
8f07b9f4-00fc-445b-ad8d-3921a18c590d,a23148950862bdd4,desktop,Windows,App
81db1e9a-bfd5-4a03-86f1-55788228b92f,6ac4e1600e7c89e2,tablet,Android,Safari
5fddf25e-73de-4d59-9bda-99bf1bcbe134,7f5f7091000b7e40,tablet,Android,Safari
25099f74-e49e-434e-a204-d6fca16af3aa,47e5331bb357d5fd,desktop,iOS,Firefox
04ead13a-dcb0-4364-8fe5-be19f6923a58,50c7761d53f130ac,tablet,Linux,Firefox
d674f23f-a9a8-47d8-9642-21d4029efea0,8471c595bbb8d78d,desktop,Android,Firefox
30f8c516-217c-4a66-bc4a-f1668af3a1b5,9ee1929ca34808ca,desktop,Linux,Chrome
2c3a9859-fb77-4e03-8b01-f4f21aaaabe5,f511bc070e3cb39d,desktop,macOS,Edge
0fe3881d-0182-4caf-b8e5-0d98d46feadd,546a2470cf79c6fd,desktop,Linux,Safari
e0655284-6437-4958-b65f-4d06eb54a672,6b2d3163f15f0193,mobile,Linux,Safari
ae82d86e-e260-4e47-b0cc-fb1af8d35994,c3f839ba53037a9d,tablet,iOS,App
130da365-4d3f-43de-b8e2-24a34a6eab09,4e91b83ddc11bbc4,desktop,Linux,Edge
b0ff9cee-b15a-4730-b0bf-781d5f3b1b17,ff05727ba30e9cd8,tablet,Android,Safari
f1720b41-068d-4f95-b0f7-adcd6ee49d99,c9f7ee2c960c276c,desktop,iOS,App
cd31254e-ec91-4bcf-b5db-401fd0d86880,b60ec0036e695643,tablet,iOS,Safari
317b7fa1-70e4-4cc6-897b-f69b2dc30009,e96c407cdbd4fd61,tablet,Android,Firefox
42fa4b0b-901b-456c-8d6b-2fcb4e5b3126,204bdde5985b38b2,desktop,Android,Safari
28741ce0-c4c3-4bd4-8dd3-b96dc749b61a,13129ffaba2b89ff,desktop,Android,Chrome
b08bfb2e-7ff0-414d-ae1f-463aa49687c4,50cdffcf1800e9b1,mobile,Android,Firefox
329d2989-36a7-4609-aa5f-c1867a42195b,617750fa0dac7b8f,tablet,iOS,Firefox
c1c334cf-16ac-4163-b1ff-86caa26575b2,9e251f676bdb91fe,tablet,Android,App
30e5f585-d5b7-4445-82f4-9bc94605e383,adc54ecdc7775eb3,tablet,Android,Safari
051e52c8-1c78-4a8a-9fda-dccbb9ad15f6,77b298955dd21415,tablet,Linux,App
fa7a101e-1e4d-4a72-9996-dca129361453,416ab2f61a3a6fcb,tablet,Android,Edge
3cd8fca2-2532-426b-9868-e75161db1e24,21a6293908ed89c3,tablet,Android,Chrome
a2e94365-7601-4c8b-af50-721d0990d466,68f827ea7b30d767,desktop,Android,Edge
da164170-326b-4059-8370-44147a7a790c,f06c08b7033f4b2d,mobile,Android,Firefox
5cad7682-bc02-4fed-9134-c16ac2e2986a,a3026b0eeec363a0,mobile,Windows,Safari
759f88c4-a0c8-441e-a8d2-747dd8224d2a,dca59c751dbc1b3f,mobile,Linux,Firefox
7b0f5029-e295-43e4-9e55-63789ff1556d,d380a79e2fd9e215,desktop,macOS,Safari
356dcca3-06c7-4740-a948-885e3beedea3,76493f430cc0495b,tablet,Windows,Edge
bad542ee-acb2-47a5-a2f2-06c988fd7bb8,5753c47b56fc5e88,desktop,Android,Firefox
23cc56f0-ff17-474d-91e4-f77b66f8f447,c1b2462e24da7dd5,mobile,macOS,Firefox
be8664fb-ecf9-4fce-a20e-f30f13a1a495,4121540ce31b1777,mobile,Android,Safari
4f9ce14e-6224-4c88-9c20-3a06bdc818a6,7cbcdc76bd4880fa,tablet,macOS,Safari
b1ff9d72-a1ba-4574-8bc6-7699c870421e,c841fffcbe0f239b,tablet,Windows,Firefox
17ab3920-4d46-4c3c-ad41-20197e6416d1,d6b28bba210f7208,desktop,Linux,Firefox
2a1e81d1-27d0-4c1d-8679-7f48ffcbae17,f57cec5650d60279,tablet,iOS,Safari
bea124fe-7c24-48cf-a2e0-0cf9d277d4d1,8bb2efb0a41eb3fc,tablet,macOS,Firefox
1f7db939-e508-42da-bd26-ea2ec1a0a18f,46ba8c8c9c8de16f,tablet,Windows,Safari
d7edefaf-f539-4094-bef1-b9e065f0153d,cc46f05f863ea30b,tablet,Windows,Firefox
1366bd6e-33c7-40a5-91ee-b57159f2e8a6,a6a425add9d941a2,desktop,Linux,Chrome
adb7b95e-8b90-47c9-81d0-1dd9f8b9354c,0b0077ed22d80c00,desktop,macOS,Firefox
2992c2d5-ebae-438f-bbdd-4770d9cfcd16,026284633f195f8c,desktop,Windows,Edge
7ba7dbb3-7222-4cc8-b6ae-ede5469c9191,1c44325efbfd4efb,mobile,Windows,App
4677c22a-e9bb-4060-8e1a-e171c106ab13,584fe482e0de779d,desktop,macOS,Edge
1aab43e3-0f25-41ae-9f49-b371e151f9f9,59cf4ceb53a2fde6,desktop,iOS,Edge
7912a57b-703b-428c-a5e2-73743e14bf86,d6c37687b3dcf77e,desktop,Android,Chrome
2259e56e-5e48-402a-8285-d3b9f56fef55,56bb30c2e1fb205e,desktop,Windows,Safari
f92a6daf-d350-4773-81ac-2aeff808c60b,51095454ff75562c,desktop,Android,Edge
5328f2dd-6508-40d0-86bc-00e0fb7f9405,87879608d191075b,desktop,Android,App
b1e5eb0e-6e77-42e5-8ea5-179c6b52d329,e2a700c4376128b4,mobile,Windows,Firefox
9f0325d6-d97b-46e9-ad53-11b7004b8a03,484b66efb3f8725f,desktop,macOS,App
a36804b8-8a73-46e1-b446-e0263fafa6ad,c02b8999d6d598e8,desktop,macOS,Safari
f4fef886-ad83-41cd-ae25-16034f1d14ba,0fce51d2de6c26e5,tablet,iOS,Chrome
409ad2c4-7e56-4213-bf7f-4fc21cc6e5ba,c72b953b7776d2c2,desktop,Windows,Chrome
60d5a50d-aa2d-47a4-a083-8f74c22e63b4,b0a5fcfd6efd004e,desktop,Android,Firefox
95de892a-b164-4350-bdb4-6909481c6af1,8325cb8df551423d,mobile,macOS,Edge
5b333e69-2308-4975-bcc2-0421ff6d6fa8,725730b9c08c0786,mobile,iOS,Safari
5e2655ee-332d-4480-8be5-b992234fda20,979e375e3649d277,desktop,macOS,Edge
6dc601e7-7d01-4fbb-8afe-88edd954d70b,fb83c01fee8b4ccf,desktop,Linux,Edge
ce80069a-d254-485e-9d22-36561e697b25,c895669d1f879692,desktop,macOS,Safari
a20cabab-9ef9-4f7a-8e38-606dedf1a7dd,41b7ed2001009e7d,desktop,iOS,Safari
ce3248f1-df3b-4fae-ad26-10a4c9113989,3edcd731eb6aa68c,tablet,Linux,Edge
af78ebdd-e32d-4bd8-9646-d431c0a4d4a8,d186ec09229e1e84,mobile,macOS,Edge
86a9353c-6b7b-48e6-9fa7-08282f4f3ee3,10d4395b4c11d1b9,mobile,macOS,Chrome
9d1638f3-c63e-410f-956a-5ccc7f587a49,d46de01b4285492d,mobile,Linux,Safari
b33a0af7-843c-4fc8-a791-a2536599f9fc,59cae552b54866fe,mobile,Linux,Firefox
5a5c97e6-e2d4-48f4-bd42-170d9800d122,a5833ee797aee461,tablet,Android,Firefox
f8561583-b1d4-451a-bf7e-ed12c4268c9b,e6d373bee7f0287b,mobile,Linux,Chrome
1b293ab6-49a2-4dea-801a-da9c9646659a,c581aef357a096fb,desktop,macOS,App
7d351265-612b-4551-a660-422b620c8d60,90c17deca6617fc0,mobile,iOS,Safari
7aea9aaa-349b-4fb5-974d-ffc27fe7c8df,f2f07ad7b7d7097f,tablet,iOS,Safari
66aa2547-35b9-41dc-9f49-944d38bee82e,5b935f41cf54c966,tablet,macOS,Chrome
6cc9725f-0bb4-46eb-a222-aff528223837,aa626680ee0a9d27,mobile,iOS,App
164a1399-5dd7-48bc-ad17-d56cfdb8b829,25d91fa87f0355e2,mobile,Windows,Safari
e3456b42-faf0-443d-bc5f-e2f69eb79b0d,c0ba5eaff92311e1,mobile,macOS,App
22cb2254-ecec-4e5c-875c-8e1a5e2c744f,f15b58a7302a5814,desktop,macOS,Firefox
73ebcf6e-f21f-460d-8986-955971325120,9ded132517adffba,tablet,Linux,App
f78eb12a-e9f3-405c-8982-b52752f0805a,c447c74c86501def,desktop,Android,Chrome
6460ae23-4a79-403d-931d-0a58a880fd90,28ed6ad3cfcf795d,tablet,iOS,Chrome
3c51057b-cc47-47b1-a596-e286e25d9da8,b0720a0af48a0466,desktop,Linux,App
20a13dbd-cdba-494a-a28f-9ade59f87a57,317b99cf9239b3fa,mobile,Windows,App
ace22292-0d8b-44b9-8377-2d6a3aa5f231,cda774451db502cd,desktop,iOS,Firefox
491e810f-2a89-4631-b248-6b862a945641,fdad523d0ad06be4,mobile,iOS,Chrome
96e778fb-cc7e-4a4d-9684-5cdca53a434e,4168b25452dda5bf,tablet,iOS,App
43389b20-6d2e-4c58-af11-5cc704801211,3612daa1376a8221,mobile,Windows,Safari
c609fe06-02aa-4bc2-b267-28a69f6cfd5f,f123548b130c750c,desktop,iOS,App
fbf6bb6a-442e-4c60-992a-3821b018c2b8,c0579b432bb2c132,desktop,macOS,App
3bfe48ab-6e83-4402-9196-df211de7808a,bf5255033fae7068,mobile,Windows,App
41d1befb-0657-4353-98d1-bbbc606fb5af,510783f5aae734dc,desktop,macOS,Edge
f7f167a8-e967-46fa-a23a-2c1a16bc770a,594b28fdaaa49849,desktop,Android,Edge
3505950c-8ba2-4f17-80c5-255ba2a1678c,72063c4b0959defd,mobile,macOS,Firefox
d02ff522-03a6-43b0-acd0-bcd25e770ef9,1a57fba89d9e8076,mobile,Linux,Chrome
b8271482-4678-4be9-baef-a7b0f46a63c2,15f68c3521ebf828,mobile,Android,Safari
4e39a6fe-6427-485a-9520-0d7d3e7e224b,536831cc9f46068a,mobile,iOS,Edge
ee909e8c-e68d-478b-8191-4a36653c1791,3fa1708d742dec46,desktop,macOS,App
b2e81c4f-84ee-4bff-8c72-09ee14fe25d6,4994aecba22956f5,mobile,macOS,Firefox
a28c1df1-1349-4ea7-af79-3c12408607a7,ad6f16beec5efa21,tablet,macOS,Edge
62fd6c47-3a79-4109-8a7e-15168bbf94c0,fe76c5650165b9a3,mobile,Windows,Chrome
9080797d-fb02-4598-b983-64b2e3b20ab6,eeeaa1976e71a84f,desktop,macOS,Firefox
f61ba761-2fef-46c7-a6a2-2a7280d57b53,12bb72314faf0e2c,tablet,macOS,Firefox
8c671aeb-435e-417c-b8ab-5a0c1634d0b3,c24760900cbeceaa,desktop,Android,App
58549480-63d8-431a-a15e-a8bcffc82ae8,3ef3f553376d2849,tablet,macOS,Safari
ac0d52dc-8c5e-4b9d-a95c-d0d1fd6e3d0e,6a7833b2192fd40f,mobile,Windows,Safari
623020c5-2552-46d0-b0b1-0edfc54703f8,f9680fb63ac4548c,mobile,Android,Safari
9b65eec6-3620-49f1-aec9-f9b5d769fe77,a1bcdbc072e53cc9,mobile,Windows,Chrome
f4133254-cbf6-44b2-86e0-3b5b9d2ee93d,2695f31099623147,mobile,Windows,Firefox
50bb8c7e-04ea-48fc-83ea-82c8569bd72b,ea1ee5073cff2e75,mobile,Android,Edge
