ip_id,ip_hash,geo_country,is_vpn,is_tor,is_proxy,is_datacenter
d8d09749-5c71-4ce6-98bd-22b24e254eda,6bcba508d267d708,GB,False,False,False,False
e12a36fe-6896-423a-842b-6a2eebc0bfea,f05b93b446493b5b,SG,False,False,False,False
26ad542e-6389-4a55-9846-60ded0569f93,33fdf8ce1ab44ffb,IN,False,False,False,False
f2424d4b-81fb-4286-b9c4-c707c2b8f673,df10985aa03a1c7c,IN,False,False,False,False
24b52a0a-84b6-4348-9338-6cfffbead7b7,9ee627f956c62be3,IN,False,False,False,False
29d67e1e-5032-442e-9214-e8a4ac65af00,572288d75bc9f366,IN,False,False,False,False
0a71b705-8146-4e43-8cb4-e379e03a1b3b,a57f6ecd57ce43e8,GB,False,False,False,False
5ae0888f-c726-4ea9-a41c-e7e83e2f913b,dfe2862f3acf0452,IN,False,False,True,False
b420eadd-4a85-4729-96db-3f9d8ef21c07,a64536f1fbc6f343,IN,False,False,False,False
84614186-c415-41b0-ab7e-5469c34aca3f,7301e6dc5ff34d6c,SG,False,False,False,False
24361f9f-e857-46b6-b97f-ab604a763ecb,257ee9d7d1bfdb42,SG,False,False,False,False
22a202f6-f68d-4be7-9495-531e0e994c55,0e9e6ad2e8686c95,IN,False,False,False,False
5a821785-95dd-4862-a4e6-0a1500f12461,436047309e549188,IN,False,False,False,False
21fe5d49-84d9-4f53-92ec-b48a0b5071c2,1088c09610e63903,US,False,False,False,False
db7b8545-437a-4350-b71e-823cb5b6e617,96914f03892b0fa2,US,False,False,False,False
9f5f2f9e-a466-46d7-9451-cf2c701d82b1,1e968ebad79f7d00,SG,False,False,False,False
dd088a56-6d17-490f-a31b-26149018c341,4734752341d5c8a0,IN,False,True,False,False
fbdd18d6-3536-49fd-b563-aa95a0d04c23,5aeb0451c858a849,IN,False,False,False,False
c362d583-9580-424e-add1-aef947aaa44e,749c49050a71b0e3,IN,False,False,False,False
b335fc0b-9000-4274-950b-7e83ca18d0ca,63d0c00d0c8cccbc,US,False,False,False,False
7bab7c9f-35a9-450d-b5b9-045a48d743dc,33744485d4a518d0,US,False,False,False,False
02a0a09e-97a8-4583-8b0a-d62f1cac9f3a,c6425039ba2e60f9,US,False,False,False,False
2b902155-f206-4a63-a9e3-4522a7eaf112,0d0f5635d0bd45c5,SG,False,False,False,False
e7c6607f-58ab-4f94-953c-76d4664c06e5,e64310bd42d25a7e,GB,False,False,False,False
bf12c7ea-907e-4fc6-8263-554a0ced708a,846dd068c8a4fe04,IN,False,False,False,False
e8b0171d-6a4c-4b05-8167-7d757fb0bcf3,92d1bc2c1505829b,IN,False,False,False,False
d97ab72b-6fa8-49cd-a54a-c476a88f93bc,f06cbac183835974,GB,False,False,False,False
27ba2374-92ed-49d0-b888-0ab7679c8206,9d534dca51a641df,IN,False,False,False,False
db1bbc33-4ceb-40c3-8a9a-8df3387a4bd1,c3e82947af5ad0bc,IN,False,False,False,False
dd14750f-dad1-4694-8b12-3390ec85fd04,ae44bf876b355168,IN,False,False,False,False
0bdbee9a-6f31-4419-958d-63547659926e,54e04537a4c1ae3a,IN,False,False,False,False
2b52ff91-fd63-4526-8238-d6f6a7b6c0dd,5fe55d34d811ec59,GB,False,False,False,True
83efed29-705c-4deb-833b-55b8b0f86c89,59d5da829c3e973c,SG,False,False,False,False
8c5692d0-747f-4154-a3f1-06d4b1e27ba1,a31ef5ca9b4595d7,GB,False,False,False,False
05d8f912-671b-4507-94f5-016c8b181bc6,b8df6afb64bd582d,IN,False,False,False,False
26a92008-3bbc-47c3-930c-9fa12370fa36,72f5b737a18883a9,IN,False,False,False,False
4f3ec93c-3903-4fc8-a566-9416334ed52f,59efe2b2360b4a98,IN,False,False,True,False
fda2ea5a-2d89-41cc-8547-d27b511acfdf,42532930fb1ef4af,IN,False,False,False,False
48ddf0ba-72e9-454f-9098-b32104d06808,b93f0ac317bcf7ab,US,False,False,False,False
908b976f-ec45-4a7a-90f5-8d0f78b15a30,b6e7850b44c07ece,SG,False,False,False,False
71f23b59-35cf-49b1-b05f-1488304a124e,9f9f47f806c8e910,SG,False,False,False,False
d8d6a666-6199-49f2-b672-9d6229c04b5b,ef2033dbe8e3660e,IN,False,False,False,False
1a5ff62e-fe4b-4879-9c3f-fd80e8c2536d,b00bcd00fd6898ca,GB,True,False,False,False
81d4daad-d1c0-4192-905a-8167ab708b84,42a83ce91ae9517a,IN,False,False,False,False
274da66d-561c-461b-a840-0c9e25f568e5,8d7a94e9751d3dd3,IN,False,False,False,False
55e47b0f-dfc3-401a-83e2-5c6e7f8128fa,cfb2258b00cb46a4,US,False,False,False,False
1081d254-87ec-4c54-b214-4f6b234d346d,f11a4d10b10f0041,IN,False,False,False,False
c9909d51-78a7-4ac9-b2ba-b4235e8f1c62,4315009e8012d72a,IN,False,False,False,False
4ee1285c-de0f-477e-995f-ea4bc8bd86b8,d5685500bcbb0353,US,False,False,False,False
543be8f6-e3ec-44d8-b730-b91421237c77,7766a4692fb1cd74,IN,True,False,False,False
8e5c797b-37e6-4225-9f7f-d8b9cd04dc80,f7b545a927b947d3,US,True,False,False,False
7817ec16-254f-4993-a624-e90b84231075,7d77790a02a8bf69,IN,False,False,False,False
0aac3a8c-14d8-42c1-908b-cfc0dca9ad5c,1d8526a10a8aadfc,GB,False,False,False,False
a972ed13-6e30-4d8c-8903-e7a69e74d63d,74ea2bb5846e0f0a,IN,False,False,False,False
5925d2a2-02e3-4d30-876c-a3af5ff424a1,d6b8a5511b8aacfd,IN,False,False,False,False
7e875744-7fad-4258-8056-09f76801b59e,2fda6c4cea38e96c,US,False,False,False,False
a26fc5c7-9f9f-429a-9366-5fd17ab6b08f,2fd8955cfb647813,IN,False,False,False,False
d0903b07-c00e-41b6-a783-c3664addc4b4,e8902da655122688,GB,False,False,False,False
f8c2065d-2c96-438b-98e3-d11d416bf1e8,84eb5bbcf2ca0512,IN,False,False,False,False
4179b8ca-80df-4937-bc1e-d6288a45083b,eb74b965706b6822,US,False,False,False,False
133303ea-6f00-48fa-bff5-bee6d750ad9b,58e5727f25540acb,SG,False,False,False,False
1b8e5046-eca2-43f6-8f43-738cd2172fb6,354b523e6a0ed3f1,IN,False,False,False,False
a26299bf-8057-4755-96e1-7a4df9c37305,4ac9d68f30badc5d,IN,False,False,False,False
004be2f1-d6f4-4890-83c4-e0379cb47ab9,03f0c1007b9ed46a,SG,False,False,False,False
fd5f2c8d-7ffb-428b-b5bd-feebe03c28e4,a5e19ec5f2647392,US,False,False,False,False
922ad074-b039-4f23-b64f-6885a652971e,f5dd5e2bb47c52ff,IN,False,False,False,False
e5b2845c-b565-4a5c-bfbb-dc7cc42752ac,456d7dbcd4b34a7b,IN,False,False,False,False
6f118ace-b34e-4f0d-b36c-3a109675328e,50052c6d5cdd2240,GB,False,False,True,False
222e1c97-f554-4c4b-8fe5-fa95f542abbc,b3e021491218b4fd,SG,False,False,False,True
f9fe4c5e-f280-4bd4-8641-5fdb8ed4cc5f,eb76b9562ea3d184,IN,False,False,False,False
db19e808-a144-4073-8d39-5feaf168987f,e909729122d90b48,IN,False,True,False,False
c072a0a2-9d24-4d5d-9e6a-6f3ff5e17b0d,62dcb181c077beff,GB,False,False,False,False
5d04746d-7ed1-4f82-8d64-5c2682527756,8bba16325f7f4788,IN,False,False,False,False
3c14b590-cc85-4702-81c5-af7ab2b9050c,5077abc49d9c4f55,IN,False,False,False,False
101bd2e1-8799-46bc-8a46-ce0c45e8572b,a624bd69bd88272c,GB,False,False,False,False
adc4e2aa-555c-477e-875b-bafe05b56ac3,2196a7253ff017f8,IN,False,False,False,False
26ec3860-0df8-4f88-a158-496c5a819d54,f889d8d104049fb3,GB,False,False,False,False
9b0f1805-0aab-4347-9e06-0a58ed1f21f2,71d16d77ffa1f00c,IN,False,False,False,False
f1e34264-0410-4a9f-b266-4e2976f1beaf,8cce7e0042373b97,SG,False,False,False,False
a5e05ba5-fe44-45bd-9104-fcbee07b837f,d8c244f077dcfdd6,IN,False,False,False,False
081d5b54-c0df-4a71-84ac-190f26348216,7e84b04fc8c1b235,SG,False,False,False,False
aaae8757-e84b-47bf-a358-4e50e1b366af,6bfa4692a25c6b3e,IN,False,False,False,False
7f7ecbf4-2f20-41d4-bab9-2e27a0f64188,e7cea88f9f7f2a96,IN,False,False,False,False
72103e6e-5238-4bb1-9892-cfaaca5f625e,161e4caf30168679,GB,False,False,False,False
1eadc611-f237-4f7a-937c-98828b75f8f8,48570d3f424df62b,US,False,False,False,False
1640bccf-7a5b-47b2-8b81-a602c98186bb,855b55e5d98910e9,SG,False,False,False,False
2e0c178d-ac82-48ea-9806-74a217ac17f0,dc1470a08d74b7c6,IN,False,False,False,False
90f45d19-e822-4103-a4b1-e18e99210e9b,e29fb2c9b80631ae,IN,False,False,False,False
8775c9e0-1a0d-4777-9fc8-cfa89a397f55,e7e378e25ede5e03,US,False,False,False,False
19080d21-c1a6-4aae-b898-c5daff2f8a61,62f1edffd561bc56,SG,False,False,True,False
e314ec98-3332-49c0-a393-ce345eb4d5c0,d5f3689c7844bb96,IN,False,False,False,False
aaad5280-d994-487e-9888-65695a0c6ecb,30ab0c090b999d25,GB,False,False,True,False
14a31fb9-3432-479d-9d63-09c71557d7e6,9efc0dc69e27f9a3,SG,False,False,False,False
07f8f17c-f934-44e0-be0e-defe89e779f0,8369e4a801f83548,SG,False,False,False,False
26fe263b-6c85-4542-9fa6-4c561db0b975,90cc6a4ef1d40c77,US,False,False,False,False
6fbe3132-873e-4f43-bba4-d85c931b7024,6b1a8232053309cb,GB,False,False,False,False
7d035080-505f-4c7f-a0d0-4b07b3de33e9,b46cbc8bfaa76ecd,US,False,False,False,False
6eee69c4-66c1-46ff-9242-a2b9cf327b9e,50c36c49ed94ecd7,GB,False,False,False,False
6c155912-4f1f-451d-981d-5877874036ec,bfac0c2915bb79f1,US,False,False,False,False
19d0be25-cbfd-4f69-9f14-86195548a308,747a8c313d69e841,US,False,False,False,False
c17682fb-cfc4-4545-9491-fc23aed2c8f7,fa041203b45fd3cb,IN,False,False,False,False
42b67ef3-b286-45fd-838e-cfe51587db46,7f0f5d533c4db29e,US,False,False,True,False
17f900f5-905b-4bd9-94ab-d13dab219564,8d46cc5e02887f17,GB,False,False,False,False
73ddb1ed-f2ef-475b-9c7d-9fd55fd8fbf5,7809408265219cd7,SG,False,False,False,False
4dfff499-e4df-427a-9eb8-cb5030b72e2f,2f396c83195bcc59,US,False,False,False,False
22e33cad-a0f4-4116-852a-aa8039b01289,de579ab834e93e5e,IN,False,False,False,False
3ceef0a2-2ab3-4709-9de7-d8308eee048b,9c4ba34ce8ef0891,US,False,False,False,False
101faeca-54e8-4fc0-8668-3de8f16e609b,9786eb71750af1ba,IN,False,False,False,False
a78c33eb-8198-4704-b754-bd493b5f89fc,3e87c4961ef4a9b7,IN,False,False,False,False
e2ab7783-669c-4ae4-90f7-c99fcfc062a5,3454eed437562039,IN,False,False,False,False
5549e6be-e4d3-4c0a-8ce2-889022664500,ca7658d119d79d63,US,False,False,False,False
7aee1d4f-04d9-4a26-a2cc-15a50202b982,788eed6f0366555a,SG,False,False,False,False
a621b85d-6982-4c78-86df-8ae15d7effc0,d0067f02ce12eff8,US,False,False,False,False
4c42739e-b7cf-4374-aaf3-06e67acb2068,32b91e2cb2b9535e,IN,False,False,False,False
aabb2c04-4b2a-4411-a2f4-f7bad10a826f,8fd0a73892a7a1ea,IN,False,False,False,False
0548845a-8a1f-483c-a030-770db6ee8250,e8a610fcabe12574,GB,False,False,False,False
de57eddf-73f3-4dca-b779-442f7d934f7d,e4e2b2b2dbfbdbe5,IN,False,False,False,True
04a0af59-6ae2-4006-b686-edabc5843e50,8da2f298fb7109df,SG,False,False,False,False
95d952bc-8b28-48ed-822c-872f47179e2b,670d53bdf762c681,GB,False,False,False,False
380a93ae-8d6b-44d4-8e0c-463dc6d5cfed,600cf3df60dd4cce,SG,False,False,False,False
e1dd27c9-ec1a-4b62-af0e-83055c646423,4bd81ce247c8998d,IN,False,False,False,False
6ce168b8-cbe0-4ffe-84a8-e649817b1f91,ae938b570b4d18ff,IN,False,False,True,False
7ba0fa27-2921-4071-9861-1841735d81eb,d746593c8dfcc61d,IN,False,False,False,False
521a524e-f3f9-4d9b-b3cf-993f7a174d37,0e82c2d73756a550,GB,False,False,False,False
d5278993-4254-4592-ab98-f18ceafabf3d,8c324a047882dace,IN,False,False,False,False
1bc75a6c-ff76-44cd-8dab-952e050d26be,11d3dc51bf4800b5,SG,False,False,False,False
ff882e2e-f96c-4126-9386-49574f71698e,a50f8183bd5b9a4f,IN,False,False,False,False
b712fd24-9711-491e-8867-0a467cefaede,a4e506eea8193958,IN,False,False,False,False
dc74faf7-66ab-4379-b1cb-9c002e4d6690,dbcad118984ad79b,IN,False,False,False,False
12de9b29-7ac9-4b79-99a0-84a2889b5b79,a5dc276f5b544625,GB,False,False,False,False
4db5debb-6e98-46ff-aa5a-be3a2b93f78d,86fc730d22d1d7f2,US,False,False,False,False
1b707ede-6ce6-4e23-acef-f5c78445f277,bca12ef18f13c065,IN,False,False,False,False
5388f01c-ac85-4e53-8f2e-cef838b3597e,1de32a72a6d656df,US,False,False,False,False
0a05cbc3-3ba3-4269-921c-fff8b7ebaa93,7c0707b7bb411956,US,False,False,False,False
33542c0a-c0d4-43c9-8e87-07767be8b681,c3c138d041637277,US,False,False,False,False
fffb4ac1-5dc1-4ab7-906a-dd7d002192dc,90c1d2bff28e7698,US,False,False,False,False
47a7ce5c-34de-4292-ab2a-a4317d18e193,78d53efdd0c5f3d8,IN,False,False,False,False
0da63714-43e3-424c-9e22-39b5d0f5e316,1dd954a96a22a978,IN,False,False,False,False
490fcf6e-dcd2-40a4-8c81-1cc48121c7e6,70b19a1c9892dda5,US,False,False,False,False
d4254496-bb54-43bc-a341-5273c8686c6a,4def7d150811a28e,IN,False,False,False,False
ac825a3d-020b-469f-92b1-b934f6c1e5f7,c853feeb20d9afa6,IN,False,False,False,False
8400236c-cb10-4a19-83d7-a7b43aa19698,afdca94c21907598,IN,False,False,False,False
26c887c5-d3da-41d0-a69a-f9e84d9c00bc,55e881608bc489bd,GB,False,False,False,False
3488977b-3df9-4a26-b610-674d34412836,ff0623b4c6a136df,IN,False,False,False,False
1e6ab99c-d17b-4ad8-88ed-91bd1942842b,4c63ef47b25d9a6d,IN,True,False,False,False
35e4b580-0f58-4737-9c55-9b25c4839072,f6b04ba8a4815a35,US,False,False,False,False
6d325df9-8164-45bd-b021-be0273345dce,a3e27d04f033d6dc,IN,False,False,False,False
66888bcd-d8ab-4dfd-af47-88e75ad2375a,8066d8080246bd06,IN,False,False,False,False
b93911f1-dd22-443a-9d20-e997e9a72a41,0e1eb75743c75e80,IN,False,False,False,False
9d360b27-f770-4557-ae76-d9ac432c219e,03b3683333603bd5,IN,False,False,False,False
416004c3-5cff-4fb7-88f0-c7b7a677ea5f,b8ded645fe0cf9eb,GB,False,False,False,False
616f4cbb-7a3d-428b-92a2-9d7ce7a13731,5953baf5612cec00,GB,False,False,True,False
319db05f-e55b-4a74-9d33-5419a43eddef,9cd4595126a53d7e,IN,True,False,False,False
08ba60c8-933b-4ed4-99b4-f4de451ba764,777ca81245b1d675,GB,False,False,False,False
43d0c02a-53e2-4336-a9ef-743015ac9ddd,d3b381bd1115cd12,GB,False,False,False,False
342b48ec-3020-438b-b293-b8911883aff4,ffd643d9ac1a9d1d,US,False,False,False,False
8d79d2f3-f7c8-409f-8ae5-b45a7e2080cc,5892dbe8fe613e3e,US,True,False,False,False
c3643fb4-c5a7-4a8c-9888-d25c90722c3f,663f5b75c720991a,SG,False,False,False,False
b247d576-949d-4e04-b251-f65b7366b2d8,3250ec9ce7fbe633,IN,False,False,False,False
73cb3786-1b48-4826-bed9-851b61bb2f6d,159276a2ef1f443d,IN,False,False,False,False
2ad30252-9df0-4eda-833b-3d08838914c0,6d5a143f6891ebb4,US,False,False,False,False
32797b21-e568-4687-a12f-2d5840cdb263,4572dc353ab3d189,SG,False,False,False,False
17bf7bbe-9a64-47dd-ad40-13a72c310448,473998277cc38e2f,GB,False,False,False,False
1646265a-2bc8-49f3-a586-4a243e610d34,9ceba8261df02762,IN,False,False,False,False
d664ea19-1d16-4e8b-9af7-84c60eef0163,d85645c93c174ee0,IN,False,False,False,False
b925f85c-1604-4b61-9f37-2142c2ac7500,ba78c7fcf1e4d081,GB,False,False,False,False
1de2c6e9-60e1-46f6-b9d3-f003bfc4f5da,859f8801ef1ec2db,IN,False,False,False,False
5e3236ec-9b3f-47dd-9be4-7f32fe6ff924,daab9319031a2197,SG,False,False,False,False
7dfbd737-56ec-410e-938b-8209f1bcc294,0df77bada7f68445,GB,False,False,False,False
4d6e0fd4-c995-4940-a099-89cb12021829,01b9f3ced08183c0,SG,False,False,False,False
839040b4-e667-4846-918c-6d77ba9f2149,6ca3a75396298652,IN,False,False,False,False
c19358e2-7fe2-476b-9f63-0db643e65a09,b1cce9d4168d4780,US,False,False,False,False
74d8606d-bff5-4299-bf70-c7b7b9eb5876,1e23ba1ffad543a4,US,False,False,False,False
089987b2-ced4-43ec-9643-bdc8822abe77,afafb80530fc52a7,US,False,False,False,False
2cd5f5e0-0d0d-4a11-9d22-3dace3a0a660,37790b0125c15e35,SG,False,False,False,False
15699a1a-45d4-4924-89d0-0cd2c49b492c,afcb12cee9c96da8,IN,True,False,False,False
b08699b7-65c1-423b-8d08-78bdee756cdc,76b88d68b2dfa667,US,False,False,True,False
c2d6cea7-44a6-426c-85dd-b81aaf6fbb06,9be4afe6b31fadd3,GB,False,False,False,False
35629529-f009-4342-a3e3-2a5273f9153f,f594a5a4bea0be63,GB,False,False,False,False
c8e3dadd-d321-43b9-84ce-067ac989215d,10711df366180e15,GB,False,False,True,False
c0c71a84-eae7-4193-9add-dcbe3c2bd01d,2c7062133c986f0b,IN,False,False,True,False
cc5f0c7f-c9a9-4bd9-8c89-833058a6d7f9,4fa366b0c2238e46,SG,False,False,False,False
aee00a4c-daa5-4d79-938b-7a9d86e76e2b,7a01d0fc9b99280d,IN,False,False,False,False
229c0857-b299-49b3-9c9c-e7e854aa0c1b,d2680e432994e237,IN,False,False,False,False
b7a44665-9aa5-4de3-8f45-d46c73720fae,3787765e44b9c377,US,False,False,False,False
00b5dc39-c352-4497-86ef-64ab5c3d57b1,0efef79bc0481738,IN,False,False,False,False
cf87b4f9-1a0b-41af-92ef-b2dc55a7afea,5887154e1577d396,IN,False,False,False,False
1fcb6794-6de3-4498-bbf3-f6743261a916,becd02dad59ea5f5,US,False,False,False,False
488caf59-61fd-48bd-96e1-d49bf29cc3bf,5f64a31493fc98a5,US,False,False,False,False
84283283-47c3-488e-94a6-a463abff8eca,35ca50ececb7ae87,IN,True,False,False,False
8211acb2-61a9-429b-be07-cf6176ae84ff,cffc83bda776093c,IN,False,False,False,False
82e9afa2-06a2-436d-954e-e626f7ef9f90,e7758d91eced155d,IN,False,False,False,False
a455ecee-f7ed-4635-8b84-8ab9bb95764c,9799f02934f5f4ca,US,False,False,False,False
3f0c2386-90ee-47af-9dcf-7a589d27727d,3e8e687c899d0a2a,IN,False,False,False,False
79c72bfb-cec3-4a72-8dff-44a62e6fe334,31aa9cd123e0ad53,US,False,False,False,False
8f02e701-9440-4d11-8e9d-ae14a126d1e6,aa86c430ee6870fd,GB,False,False,False,False
1a5a8a6f-7d48-419d-93ab-215fde7c4b46,bec41ed251731133,GB,False,False,False,False
8e82ce35-92de-416c-b936-533bfb2983bb,d8371292c3b3717d,IN,False,False,False,False
e18cb910-ffdb-44b4-9311-085f2cbd9ac6,a6650427bca1749e,SG,False,False,False,False
abf0515a-c752-4ef4-bb2c-12547425c5fd,f4e3b5d727c966c2,IN,False,False,False,True
d60eb960-242e-4276-93ea-d5e8add9d0a1,f7c698e0cfd9d8cc,IN,False,False,False,False
1ad37028-b80f-42ae-a0c6-582844d6e804,26a31b3d1d0bc448,IN,False,False,False,False
392fb435-9388-4e23-a991-8f1656d30492,43f28dffd80a603f,IN,False,False,False,False
7f3c2fff-2ab6-4a5e-ba3a-7fbfbc27c4cf,445efd1ff64d832c,SG,False,False,False,False
6098351a-5253-4589-a325-d2f0c0d8a6c9,90d9b6b080b45dfb,IN,False,False,False,False
eb8a3908-f59b-427a-a29f-2574e6d06b0e,1a851a8a4efd3141,GB,False,False,False,False
1da1f09a-838a-425b-b1ee-7b449d805db1,a6ea7f9832adeba6,IN,False,False,False,False
e288d947-696a-4197-87a1-64c300a2e789,464baa6e951301a9,IN,False,False,False,False
fa1c179d-ba9d-4e30-987c-6eb218602296,2795c83753ff53e5,IN,False,False,False,False
97d45efe-bb6c-4915-8975-3d1f9475eba8,6d570b44517d682f,IN,False,False,False,False
d8107f05-9e5c-4884-8e11-cfafee97d644,6f33ee24cabed613,IN,False,False,False,False
3ed588b4-19c6-4ce0-9177-89184247df1d,f85a150bd5d508fd,US,False,False,False,False
571301aa-e518-416f-b32d-4f1695753bfe,ecc88fa2a0a45559,US,False,False,False,False
0ef87848-752b-4fbd-a64b-f3724aedc288,978d4852f5bb6839,IN,True,False,False,False
308119a5-90f1-4798-9136-ec0c3a043632,bd36d898d34160dc,GB,False,False,False,False
09b18c5e-c681-4b49-b94c-0f5ff4096c6b,3a246738ad5d2643,US,False,False,False,False
5e9f9b07-8ef9-44f6-bb3f-e34d3a602b75,6b9d71e5bca2265b,IN,False,False,False,False
b14365a6-417a-4cf1-8c8f-8ca688a2a9a4,740eb5f0d44e4a63,IN,False,False,False,False
a412de37-329e-4831-922a-de06886013a0,d6d08cfa83f64ce6,IN,False,False,False,False
22479bd3-8bd0-4de6-8391-99738a1555fa,dee554a5ee901155,SG,False,False,False,False
76fa6256-f757-42e9-bea7-5d072633904f,5f60487d2fb9a57a,GB,False,False,False,False
63fdb8c8-278e-4e1f-825c-9c9911a9bb24,a0f07011e816994a,IN,False,False,False,False
b2449204-19b8-421e-aa8a-691f846f0104,e361834c2598ab80,GB,False,False,False,False
caf9c52f-0722-4e7c-a31d-93b47f8e11b1,a38c49f6f2dc974d,GB,False,False,False,False
570c91aa-4e7d-43f2-8730-556e83e416a8,8940e1689fc0983d,US,False,False,False,False
e2508188-5676-4637-8aaf-39264010b59b,a505e14f36ac7600,IN,False,False,False,False
08ee0925-33dc-4238-b2fe-75c7756c765c,3c6c6aef6072a3e3,SG,False,False,False,False
4a830e2b-7e87-4829-a32c-7d3a069aafc4,c2d98014fcf7b57c,SG,False,False,False,False
aa430e0b-0286-446e-99e2-2365f4a17f2b,fb4d529a43cf8e22,SG,True,False,False,False
b3193706-efd8-419e-a860-43968af6874f,c82844d82d378509,SG,False,False,False,False
0a59533b-f6cd-4111-8499-d140a19a59ad,0532fd515d37651a,SG,True,False,False,False
57305db1-c883-4fe9-9533-82b4e67af1df,bad19162e99bf938,GB,False,False,False,False
2840072d-ffe8-4bf5-af9f-e06564b560d1,0375ee7092888b82,IN,False,False,False,False
7fb2b350-9c79-483b-8a47-b7031c4e2bfb,7e7e3d59efaadc07,IN,False,False,False,False
209047c3-1ae7-4550-9b1a-2752c6aa9e24,9d3ce761fcd7c94e,IN,False,False,False,False
c87dff7d-ea51-4703-81de-f0abac294e5e,72a587f230a98853,IN,False,False,False,False
3872f383-4fd0-4d98-9f42-7e0810562101,7f9c0a81cadfdc0e,GB,False,False,False,False
6a9396ee-a3f3-4a2c-b27b-cc8dcb0f1c0a,7fe137e9ccdf1b2d,GB,True,False,True,False
e9389daa-126e-4551-aafb-066105e05a96,3cdf50c83921bd83,US,False,False,False,False
92869274-8c18-4a39-b2b8-06584e4883f8,d7972f38d0f4cdee,GB,False,False,False,False
71cc4794-ecec-4e08-85ad-62e326707c83,5884dd67e2ca92c6,IN,False,False,False,False
87b6df43-6651-4ef4-b7e3-ddb2a2d3597f,5087c86c7d6cfc10,IN,False,False,False,False
abb40e18-9d32-4204-8ed7-882df299f797,a657df3e7ec7ee0f,SG,False,False,False,False
b1760041-32b0-45ca-b9f3-0206fd31dbf6,c3e274ae2f21f14c,IN,False,False,False,False
503bf3ad-6326-4a08-8c88-37e2a77e4847,c206ddbdac764e6e,US,False,False,False,False
c776558a-7087-4249-b307-906274e9aed4,ab171df8665add27,IN,False,False,False,False
8b97b387-3ffe-4f64-b3c8-25dca9d6f223,09ba2fe8af89e036,IN,False,False,False,False
ca243504-c1be-47d1-bbd9-03e4153272d4,b24e36dd07bb7dc1,GB,False,False,False,False
ca5721d7-5b8c-48b8-9997-7c8477fbf5a7,4d471aa90fbaf1f9,GB,False,False,False,False
2819bff4-7ee5-4ff6-90f5-a8b532fdf812,9075254e9cdca57f,GB,False,False,False,False
c9189023-01da-43ff-a23a-00b2b20d3774,085fc49928253ab5,IN,False,False,False,False
e55773ce-ff5c-4f33-9977-9c99bdef0191,5865764ff1e3ddbe,US,False,False,False,False
dacf36e0-85e6-455b-a95a-e9fb5eb6dad7,16e36d93ad959852,SG,False,False,False,False
21e90b9c-aec9-4906-b046-d6ae33ae1a2e,77e48be28e0dcd45,US,False,False,False,False
faf54768-589f-497c-a2e8-48d29fe05eb6,a53e517267753c78,IN,False,False,False,False
036375d2-74bb-4c7b-8d7b-3f936d5ca974,11b823d6a44cc976,IN,False,False,False,False
e4c739d9-ec31-4dc4-979f-43ba729cab7a,f562aa5b7ce2b480,US,False,False,False,False
e4214f97-8dde-412c-8b85-c4f14ae68e70,e32d38706075a4d4,IN,False,False,False,False
4cd46bd2-cc40-461c-9680-c15c5f14f2da,d71bcdc481e2da25,US,False,False,False,False
7d792840-cefe-4f13-9a86-da5c0936da03,46a43c686bc8b48f,IN,False,False,False,False
e52b7272-9e92-4a56-95c9-b28139783398,3f013fd0aebdfd00,IN,False,False,False,False
3a957615-0ab8-4d82-ac3f-c0408fb2ca56,b28e2765fb3505c3,GB,False,False,False,False
d103bfcc-e8d0-493e-9068-3c80da28aabe,788ae019143607ed,IN,False,False,False,False
e9965ba3-02e2-4597-9202-8b6836f7e27c,4ea3d2cd2c27575a,IN,False,False,False,False
de274587-bda2-464c-ad02-932ed4cf705a,58360b461d9f7ab7,US,False,False,False,False
115a5cef-6551-4a33-8972-3b91efb5dc66,4957832a434593f1,IN,False,False,False,False
1fb4d79e-42d1-45b7-9c2b-dba75a5ca34a,23e7256affdaadc3,GB,False,False,False,False
5a761ad1-8ecc-438b-a775-c8817212622f,ff2a7b53af43de08,IN,False,False,False,False
1a1e4ba2-b5b1-427b-a310-76b00eae176d,1a96fd0c5a775fd8,GB,False,False,False,False
c8c505dd-60f6-45ed-bd2c-be709c3152d7,a459c3224a5aed86,IN,False,False,False,False
26d6f907-b141-4de2-b923-68f03cd4ab7c,bbe82fd5e0ddfa4c,IN,False,False,False,False
47636189-fe05-4eb5-92aa-e31109f50a86,71bdb5ddf4892712,US,False,False,False,False
0042aaba-97b0-4823-a570-701b87567a37,b30a3098cc59d174,SG,False,False,False,False
68fc5986-bd7c-416a-83bf-8774e25011bf,f050a204617cbce9,IN,False,False,False,False
f446d7c7-6af6-4bb5-a1a1-3d5105395208,5462a5c848614be8,US,False,False,False,False
d40ece63-9b07-4a39-8a49-3f8e03975235,9958abad01ae1d33,IN,False,False,False,False
1049c617-07ce-4062-9b00-1d31e0974e3b,1fc724f928972567,IN,False,False,False,False
9021e7d2-3271-4971-9f74-8ad093f9a266,1360015cd3b84928,GB,False,False,False,False
e38e4bff-d8e6-4f95-9c47-125431d2e2d7,eb255622b0181919,GB,False,False,False,False
e0cacc9a-84d6-4a44-b297-5013a8b7c753,db0cb4c8bd9d47e1,IN,False,False,False,False
cac10bd1-aa4c-47f2-a508-4f51ebe1f6b7,833d69c009d547bf,US,False,False,False,False
b129a64b-84f0-44cf-8fef-c7747186771d,6b0875201fbab8b0,IN,False,False,False,False
237a8080-f947-443f-b228-730b0bbcb70c,5b95bcd4e5ba1084,IN,False,False,False,False
6ed511f8-2ece-4028-8fcb-a1db5c260099,158f0b62af12cb1a,IN,False,False,False,False
124ca3bf-f3d2-4178-970d-03e5e03cff0b,ba622480965500a6,IN,False,False,False,False
f79f90ee-86af-478d-acc2-74f5ffab2327,c5ae7414e2390686,GB,True,False,False,False
fa8cf7ce-4f9e-4746-a599-4ac5397cea5a,2dafbe880923b420,IN,False,False,True,False
bd4ba8ad-6710-4239-b18d-3cc34c7659bc,4f356e70bed3fb4c,IN,False,False,False,False
9b977c2d-4e1c-4339-a92a-b1186e9c05f7,c9ca5118dd93414e,US,False,False,False,False
8d43c465-997d-42c1-ad16-c695887a831d,6b42caa07d5cb886,GB,False,False,False,False
ca6f6dbf-fe01-4446-8719-8128ec7fc974,7e3b195c0d317164,IN,False,False,False,False
638c6c8f-a4d0-442f-99b9-e56bf797159c,6df5348ab703eeec,SG,False,False,False,False
166abb74-c42e-4c78-bd8d-007e35f704dc,d25f565bdb429db1,IN,False,False,False,False
3ca853c9-f339-487e-94c4-19db61c0c7c9,3dc52831a274b092,US,False,False,False,False
0316e7c6-a9b1-4b25-919b-477bd2b9f6b8,bf69c4cec48af4ec,SG,False,False,False,False
84eb113c-acef-42d6-963b-fbc76205e40c,ba738d090a007a6a,IN,False,False,False,False
43a84f69-1323-4b56-847a-543f77fa542a,dbc0d59c4d6eff87,IN,False,False,False,False
a2ca8c5a-7c2d-452f-b730-b4cfc61ae575,b9f3ac07ae73157e,GB,False,False,False,False
2e0fae32-8a21-4f25-9396-af8f71f82620,ccb7abf3794a43ec,IN,False,False,False,False
bec5f38a-0517-4b1b-bf0a-66fe87229998,0392df6747025527,IN,False,False,False,False
52bb5d7b-6ad7-4a32-a5d8-cbdbc5e909ea,558f1148f51c4f54,SG,False,False,False,False
73a66303-74f1-4129-bf38-e5b94dd5d0c9,aa9f12957c2439b3,IN,False,False,False,False
d25a9344-a453-4964-b2c6-5f7ce25cda08,c400ccdca26ffdc1,GB,False,False,False,False
1e8e1c0d-d696-4f1a-8634-012254068936,72c3c4cab091fd51,US,False,False,False,False
8035fa6e-d49d-43cb-8f92-80e5444692e7,b2b24313e5761a49,IN,False,False,False,False
d49f4715-113d-4103-8b73-33e412615978,84cbfad8c438df97,IN,False,False,False,False
bd6001b5-f954-4d69-9736-ccff70db12f5,a721e43f65e47a6c,US,False,False,False,False
d0bb93cc-c65c-4c48-97c6-5f75840070fd,349ba54aedab4a9e,IN,False,False,False,False
7a776506-8127-40f6-9189-a2a47faac895,a3cdc7ecbb46781c,IN,False,False,False,False
a99b3dbd-41ed-4e6e-a8f4-9f4cd2655e5f,5374f33f53a4c018,IN,False,False,False,False
c6d9d796-e2c1-4d0a-8097-f4ddb9e4f345,27aea4f2f1d7d0ae,SG,False,False,False,False
c0192c47-b3e1-4e4a-96f0-a056a68abf36,d3006ad4b1061b0c,IN,False,False,False,False
3b5f3338-e50c-4f6b-9837-9ef14078677f,69f499181be34a87,SG,False,False,False,False
2fb31610-1f1c-481f-a8f3-e075d7fae6b0,fc1e11d90fc256c1,IN,False,False,False,False
3527293c-2bf0-4403-8220-8f51724f74cf,04fa4d3294e9b206,US,False,False,False,False
40a6d7a8-fc4a-4289-bbe8-430c7f5a4e0e,b0597d0d864ac12d,US,False,False,False,False
b9ba1a1e-9148-49d7-8559-7d7dc042b03e,8bd82d1018590c17,IN,False,False,False,False
5d4b6207-a8f5-4e90-9339-0241d3594b57,e65c2f121c321a37,SG,False,False,False,False
5afcc4ad-e99d-4ede-b15f-c6da5f2cf2d5,350197f89fbf065d,IN,False,False,False,False
3d63442f-5742-4308-8155-e8fdc03aee74,13c95518dacdcecb,IN,False,False,False,False
bd846a4c-8541-4b8b-844f-8c8d39ce11e5,42add053ff1a2c80,GB,False,False,False,False
fb7c5428-7451-4ccf-b642-ba80f8a126af,7cca59b337f025cf,US,False,False,False,False
6881b505-b2ba-4c73-9916-0ea0c0e2f1b8,39f7456423a9cb4d,SG,False,False,False,False
e090257d-9610-4272-bc80-72054b44eb53,89fd64540036822a,IN,False,False,False,False
c5a4596f-2f8d-4d71-af15-98a879020499,4fa77d3368a1e26c,IN,False,False,False,False
41359c92-93ef-44d7-81cf-ead82b3f0608,c218f10476063a09,IN,False,False,False,False
c21134a3-ebfc-4647-a8ca-4219eb0314c4,4654e876ffdf71d5,IN,False,False,False,False
13760270-238a-4150-9d02-56c6121726bb,29924dea2e563860,IN,False,False,False,False
34feae98-598e-44fd-8db4-a87468e596dd,344a9d03707b7dcf,SG,False,False,False,False
817c10b6-2318-450e-b624-0f98cd4aebe7,d724cd69f6253c28,IN,False,False,False,False
2ee3175d-e5d9-4fa8-ace6-a8bd0e9d5792,fd8903bbc873377d,SG,False,False,False,False
f438b356-640d-4b27-aac0-743bd73276a8,3b6c363e6ec0385d,IN,False,False,False,False
02e179c0-f870-4ad3-a646-de31c14612d9,e4ada0d96a370a44,IN,False,False,False,False
976876da-0cd9-4720-9a38-722b984c1a9b,ba4e801d8372be4f,IN,False,False,False,False
7da50d22-e7a6-4a0a-bdfd-d3b9fd2c1385,fc1992cece7fde12,IN,False,False,False,False
9d403449-19ab-4663-baf3-8d7fb7a6ae2f,e697484945877051,IN,False,False,False,False
01035810-6189-4d58-a532-5e446ecf2f6f,a2315c4f6beb757c,IN,False,False,False,False
90ed9cef-a87d-462b-a612-cb1de4a9a506,b93d1331f26c45fd,US,False,False,False,False
44ebd2cd-8639-4cca-b15c-c79aabca18e4,a617fc3a4f746627,US,False,False,False,False
c42e178d-4d47-48b8-b48e-4a629de9c79f,e3fb4c8ccdc59500,IN,False,False,False,False
c64a2bca-d4b6-4e92-a52c-22392d369b52,ea6f1026d25ab21a,IN,False,False,False,False
d58c8de7-592e-44c4-b595-74ec61da0636,4b953e996259840f,IN,False,False,False,False
75ca2d4e-d1be-4267-99b3-d9b5d625fda6,09dc2ef177c096a1,IN,False,False,False,False
87192456-240a-4642-b8d8-06f948a0268b,2e397e8b13e7e8fe,IN,False,False,False,True
e9e62c21-cfbf-4d27-a186-240eec973778,18076b21d0023827,IN,False,False,False,False
bc283322-85d4-407d-8a19-0c3001bf4db5,7217fad3d31936e2,US,False,False,False,False
5bbaad31-550f-4e1f-859a-218f6515d2eb,ae3d29e3d5c9f8c9,IN,False,False,False,False
de272fc2-43c5-4420-9b2e-07c5d4d15ee6,60b94b2e1ebdf8e2,IN,True,False,False,False
221396b3-6b3e-45c0-81d3-9df9b142466b,0930aa718ef1c1a2,IN,False,False,False,False
140bd8c3-b259-4d17-b915-9faffb363c9e,6f3d4c76def9ba05,US,False,False,False,False
9652ab7e-c111-4504-a2f0-45d1b5ce2852,a5aa645c80a09974,IN,False,False,False,False
5bc50066-0275-426a-8c8b-27b7f8d6efff,effb2439660bb9a3,IN,False,False,False,False
952a1083-804d-4446-a750-1adde273a798,c21449849da8f636,IN,False,False,False,False
8a6e1807-b5c5-4441-baa4-6df2691abc6a,15b5ae9c310d43e8,IN,False,False,False,False
23a990f1-6565-4469-83bf-f7579e33e815,a92dc96f7ad3c38a,IN,False,False,False,False
ffb21bf2-4fc2-440a-87bc-5c60aaea8a30,88802350e48811ef,SG,False,False,False,False
d615ed7c-368f-437e-ab04-71ef72b1253f,b4912a0978d0f465,IN,False,False,False,False
c7d27993-ef89-410c-bdfe-87222d532c73,c2c33e88fa7338b1,IN,False,False,False,False
eb69461b-9eff-4118-81a8-15bfedaa9b59,3cc97068a0876015,GB,False,False,False,False
02f54978-8004-4a8c-9dd5-f93092087882,43bbe0d364187943,IN,False,False,True,False
4db02021-eb83-4c14-b815-349b9cd78591,772fd35292b55086,IN,False,False,False,False
62da348f-5ac9-452d-bf3d-867bb68261b1,a0a062a69de89aef,IN,False,False,False,False
eb825f43-5429-41a1-bf0e-2c898dee0330,2aa68de0395e6aff,SG,False,False,False,False
da6e03e4-973b-4388-b238-8063bbafb20a,c0889b673affb79e,SG,False,False,False,False
b8cf68aa-a922-40e3-8dcf-5898178f55c1,8115fcf8ac146378,US,False,False,False,False
94d24dd6-200a-41a9-ba6d-ec3b594fa7d1,7f484a93ac01f924,US,True,False,False,False
e0798a42-d172-4ed9-8619-23b560a3b337,91986cb447b622a3,US,False,False,False,False
054a2dcd-0c8c-45dd-8c45-a17e6de5e40d,6c6e57cb8f1327b9,US,False,False,True,False
055b3f0f-bf2e-4457-81b0-2ba21e9de35d,9e4f308513a90ca7,US,False,False,False,False
9e2850bc-ac2a-41cf-b526-addbc2f338ec,339c21ede3cc149d,SG,False,False,False,False
74a7617d-edba-451c-b48f-1f4ceb12ea11,9ab12d4243c2a778,GB,False,False,False,False
5d2a2675-9473-4440-8346-c4af5bd5412f,bd9d0470a49d4284,IN,False,False,False,False
9b523fcd-c6d5-40dd-b429-958535a1b273,d92ce940864e164f,IN,False,False,False,False
ad9cc8fd-a474-4e6d-8186-c59dbdbc53ee,a25fe9cdd4690669,SG,False,False,False,False
887067d8-4ebf-44d5-a036-9179a6b409e6,13f79c73d97800d1,IN,False,False,False,False
e22eb36e-223c-4b8a-ba26-c5eebf097856,4f88a610203465bb,IN,False,False,False,False
5dcc2fa1-e506-4ada-8638-847de184cbb7,d001222b7ae3fff8,SG,False,False,False,False
325907cf-dff1-4076-8837-5363620e440b,7aed2f5b2d7372c3,US,False,False,False,False
86eeb1fb-7166-4266-8dc4-23b227653bb4,5e7c0bfcab6c8850,US,False,False,False,False
bf45d6f0-9fd7-484b-9890-5a168ebd97d1,48557a473e5f94b6,IN,False,False,False,False
4376889d-0c1e-4154-beb7-87a119cb4ff5,b74a56b856e3ff31,IN,False,False,False,False
35ad749a-21fe-4e81-be12-9ffd38f8787c,0a71b3dad026bca4,IN,False,False,False,False
95721e89-0662-4408-ae30-76425917328b,72de3d5de850ed44,IN,False,False,False,False
c78634f6-2555-419a-a316-7d6185c37779,3d133ed2b261750f,SG,False,False,False,False
a830eef6-c1d5-42b1-82f8-9b25026b8e8a,892aebfd4b28602c,IN,False,False,False,False
9d723a47-468c-438d-83d2-5787257e3c16,f9f742174519d8aa,IN,False,False,False,False
8a1023ff-3289-4811-82bf-2d8ab2802ec1,2e258184fae037e6,IN,False,False,False,False
44fdfde5-2dfa-40de-9555-bca6bb639691,3cded74d9473b4c6,SG,False,False,False,False
2c55fe56-d500-423f-ad91-080dd68c5f7d,592108c51348f4fd,IN,False,False,False,False
974b5b06-b27d-451c-bc7c-b91245e63e11,0c0a2dd6ab750e86,IN,False,False,False,False
f87dac07-e4d2-4014-85ca-e2de0f340ed4,da596e8d5606d5fd,GB,False,False,False,False
b5ade269-b10e-4b04-b9b1-0be9fd888d8b,4420d426d49d0e42,US,False,False,False,False
343897e0-91b6-4851-bf87-a958c07b53b6,5e191542e0ff0424,IN,False,False,False,False
e236c9a8-0544-4538-b125-8d53c7419443,5d8deba1605bad58,SG,False,False,False,False
1bfd9359-b173-42d2-98e1-1fc783d62640,256c1cde2a741f3b,US,False,False,False,False
82e3fd60-3f9b-4c8e-b039-07929e9763ff,587b278e845c4d55,IN,False,False,False,False
8ca0f8e3-3ebb-4eaa-8357-1a72a344711e,086a0c1796607467,IN,False,False,False,False
8d07fd7f-a174-42cd-bf99-287015b689b2,01c1f2cc30aebf54,SG,False,False,False,False
405ab898-ef32-4ad7-8b37-5538b8d63da1,6307191a9719cc9c,IN,False,True,False,False
2377bd84-e2cd-4d55-9204-f6fd04e13447,9e9d80ab8daadee5,US,False,False,False,False
eb89a886-ee12-4ff4-b440-a329abee2bb5,f4a342687d66a33b,US,False,False,False,False
60f49bdf-b565-4d77-a0db-8e01fb9cfee2,aa295d21f5c9cfa4,GB,False,False,False,False
771cb88e-5869-4dd1-bc6a-1709bb862d77,201e8f428e15da39,SG,False,False,False,False
2240abb7-7798-443a-a39c-1b766fab44da,3fd7be14c387f8d5,IN,False,False,False,False
52803dd9-7818-4ad2-848b-536589b472e9,84939d7e01331bc5,US,False,False,False,False
00b078fa-8959-47b4-bbe8-bfb0df263aff,0239df6a7ed77775,US,False,False,False,False
8f334adf-8546-413b-9393-12d5d12479ec,e3eaafab1db59ab8,IN,False,False,False,False
e29d6a4f-6d64-40dc-b2f0-3a7bea1d9451,7373bb1df3fcceb9,GB,False,False,False,False
1c76a115-00b0-4056-8a69-11899586d42a,b983193389acd96c,IN,False,False,False,False
65453f4b-f260-4ec7-b40b-1c0fde1b96d4,23fb47485fbfb788,IN,False,False,False,False
10177bfd-6119-4a6b-b01d-063d194fbb44,e539d77b28d363f4,IN,False,False,False,False
cfce8e45-26c7-4796-a8be-707bc984baae,7c8d3f2562547280,IN,False,False,False,False
7e571fc2-a2d0-409a-ad23-b03bbba2a375,e45b7b3c7daf4100,GB,False,False,False,True
05ac6965-22c7-4bb2-8ac0-bc4b8669e852,eeaecde080253ec6,IN,False,False,False,False
72b28590-ac53-48ee-a123-7d4003180ac3,68ffb0fb7e135726,IN,False,False,False,False
e38d2ff4-483b-4ea4-ae13-7c01d8ec9ae1,d36ed584ead537de,SG,False,False,False,False
845eb1b7-291f-439f-88c5-c68b8895834e,f57ee55228dfc27d,SG,False,False,False,False
ca0ea616-0a01-45d0-aa74-843e5e41a8dd,b87e36d0c6d09f18,IN,False,False,False,False
7a4dc096-fee0-4fa2-a02b-de6c5096fee3,5d0ac15341a8244f,IN,False,False,False,False
0e6a462f-dbb8-4326-8539-fcaa7feae822,7b24944d58a3b6a1,GB,False,False,False,False
baac62a0-05a2-4366-9c1c-b4752c2c26e2,99d385272518e518,GB,False,False,False,False
e91dd430-89c6-46e2-a3d4-1caadfab312e,07d2fa4aa63b7937,SG,False,False,False,False
85612fd3-5a15-46be-8bc8-22955b82ad96,8b9c95dee68ff45e,US,False,False,False,False
7ffb3944-b6a7-4ec3-bdee-feb8e018c130,1394775ccf453153,IN,False,False,False,False
08d7adfa-92da-42cb-96f7-ad8aa483ffef,a7f829caf10e221c,SG,False,False,False,False
1e5d35c1-1a4d-4f09-b189-d801a8234112,a2ad7f569ff70776,IN,False,False,False,False
42a23b48-c3b9-4056-896b-f981ba30976b,5e5bcc4c435f18ac,IN,True,False,False,False
143328e9-a422-4552-88f2-68214e6ff33f,130a572869426670,GB,False,False,False,False
f986c2f0-dee5-46d4-be51-14b3f41bc9eb,2bfb82cc721a9c81,US,False,False,False,False
a7c1fda6-3bdf-43fc-9677-9c96fd1860eb,875998d5affce902,IN,False,False,False,False
7c7bb4ab-90b7-4dd2-b37b-57195bc4d3a0,6e75ecbc63008b5e,IN,False,False,False,False
8827ce55-334a-4181-8575-5d24df2c8f34,26a3b9d302279deb,US,False,False,False,False
09ba60f9-4771-4dda-bbce-b0eef408b8e2,f584a625cc598bb8,IN,False,False,False,False
3b90190d-7dcf-46b2-a395-21ca415f61db,44b808847886a0e7,GB,False,False,False,False
c6907326-810c-4523-bcc2-a29d004f0596,3d4422d3809c3d99,IN,False,False,False,False
188f1272-1a1a-43d0-ac34-5597461de2cb,ec4af05aa063c883,US,False,False,False,False
048fe682-aad5-4a9f-a69a-d539bf8b30e3,45a24bdd457d1ca3,IN,False,False,False,False
dfc1799a-fbae-4c3e-a57c-69f8fa9cabdc,3ebc2f81b5edfc9a,IN,False,False,False,False
5270ba4a-1bc2-48cd-b977-56e287bc863f,741c1920d4136632,IN,False,False,False,False
f05f95d4-4c1c-4b81-a8e3-8b99d832e541,7c4520c357371cb9,GB,False,False,False,False
66f41dd3-2aba-47ae-8586-e9f924ec1786,1fd88a65847e0bd2,US,False,False,False,False
895df970-41ae-49c2-a77f-03b537f8fb82,1311a48868ca3ed6,US,False,False,False,True
7af6ec2a-2c64-4d31-ab7c-47826b717d50,13e521f6394a70cf,US,False,False,False,False
33702f63-ff04-40c9-ad97-03e993cc642e,4f8b70c8c9d6c225,IN,False,False,False,False
c23cc135-f917-43bf-8413-a4099137e1b4,f5bf749348a3783d,SG,False,False,False,False
37efaadf-6cfb-428b-b5b7-ff9e4561e143,9a885e3d61c28643,US,False,False,False,False
b7f9761a-4c65-4651-9ded-10ab06687fc5,fa9055dd9aab6862,GB,False,False,False,True
82a9a54f-23ff-4266-81fc-54c6b75f7976,0431a6f0b3e03df5,SG,False,False,False,False
690ca837-7ada-483d-8c6c-1faff0ff0531,9da2f191bdcf036c,SG,False,False,False,False
00c959f4-b749-469e-b675-0762503bd123,20e6e3e75e162313,GB,False,False,False,False
d2d9106c-1ba5-4b9a-a5ae-ed42263b3b3f,4c93dcd5ae987543,GB,False,False,False,False
8f80e10b-aadd-42bc-98f3-7a3f75b9479b,10255f5cdb648bf6,IN,False,False,False,False
96fc4f6e-85e3-4bc2-b085-7a115eb94f3b,42f5e587298638a3,GB,False,False,False,False
b5faa5b8-7b88-492e-8214-074d44f6448d,2408aebefe1a0f22,IN,False,False,False,False
180df5df-1c2c-4d37-afd1-f273bfee75f3,80bc3aaa1aa0bb40,GB,False,False,False,False
e36c084e-468c-48c0-93ef-fefbedd8a0ac,d1979b4b610fd9af,IN,False,False,False,False
3fad75f0-941e-49cf-855e-133f63c0a583,0b438f37fbf94042,SG,False,False,False,False
aef41caf-ffc9-4926-bb73-cabc4f6351f8,3df7263d7891ab65,IN,False,False,False,False
71f82489-c5fd-4a0d-8a68-a041ea9546df,31a141c9399a35cd,US,False,False,False,False
364c85d7-4923-4a80-907d-65b9aa75a0c2,462d6cab791f529e,IN,False,False,False,False
622ce352-00c8-462c-884b-2bbb06bf6846,50dc3700cc0e7853,IN,False,False,False,False
568ef7ca-75e3-45fd-8d08-f9cb199fd38f,e93790dd08d1a20c,SG,False,False,False,False
891acbf5-7148-465e-800d-8d46766e9071,dc17df1410dd353e,SG,False,False,False,False
d314133f-d09b-487a-adbe-72b19512a6c8,7bf939aaa67ac70b,IN,False,False,False,False
5899fd85-d0af-4109-a525-dded7254d797,a066da35c7958140,IN,False,False,False,False
93bdb5d0-4397-4a04-9bb1-d3f939d74174,a0e9ad6c2eba6f07,GB,False,False,False,False
865c6a44-7ed1-4313-bb06-ad7d93efd191,37e160fc660af3e9,SG,False,False,False,False
ac5ed0db-9f09-4544-8e95-dc07b9c7d710,0b6fc0ba44791fde,IN,False,False,False,False
492cf24a-66f3-42f0-86d3-f988ef6be882,ef884c5eeced44e4,US,False,False,True,False
c89723f9-82c8-4719-bcb1-111038310057,16424f4a030fac4f,IN,False,False,False,False
2c2b1f7d-ff91-4e0f-9e16-da443a0c98c8,aa4a58c7a5000fc5,GB,False,False,False,False
4cad94e9-4753-4adf-8e8f-c092a4b4beed,d09d2b4f88a3e0d5,IN,False,False,False,False
ca16a185-11ba-419e-851b-faab52d7caa3,94a2882f1a3d7d1a,IN,False,False,False,False
0da9d5a4-4330-43bc-992b-e1318edc720a,dff211b26605b92c,IN,False,False,False,False
eafd9115-1c7c-43f5-9a6d-91c1a4c945a5,109137daa81475f5,US,False,False,False,False
0e534667-6dac-4797-a927-8005d1515817,18c58f4b558b7eb1,GB,False,False,False,False
4177e2cd-35a9-4805-b7a5-e3841d8c805b,e950903c360d61e7,IN,False,False,False,False
9db607bd-e8ce-40ae-a149-a20a40c5f9ef,c3b7844504a71c87,SG,False,False,False,False
fa299d57-9cda-4c59-bb79-7cd840bb713f,76e7e3abf723d266,US,False,False,False,False
672a3c6d-0ec9-48ab-af3d-7e0894cfd99d,dc06793ab06a031e,SG,False,False,False,False
9e6954d4-9b09-4d85-a4dd-4a6d27d2c9fa,748ec48683d3abae,SG,False,False,False,False
f15338bf-8e1c-4ff6-8471-22650c6fc418,d74d78c52fdd8dde,IN,False,False,False,False
126eeb37-d1b1-440e-8966-b850de245d53,fa943af029a293be,IN,False,False,False,False
cc720c68-6c10-4c31-a0e2-d623f3100a70,9c3b754627150809,GB,False,False,True,False
1786d755-fb26-409d-b6c8-f3702195a367,7abe409ce857a75c,IN,False,False,False,False
926d2590-4846-46db-b26c-86a344b745c5,81c9b2108a1ed60e,IN,False,False,False,False
28237328-7830-434c-b153-a72ecbf2732a,421878dfff06e7cf,IN,False,False,False,False
ed412a6d-f34b-4484-b4cb-989333f0f730,5338b38ba94b7c07,SG,True,False,False,False
33a59aa5-4077-4bd8-a408-b498d99a700c,a602d53d78103369,GB,False,False,False,False
d1096668-3983-4bf9-8448-b063b77cc762,cdef8f6b23788beb,US,False,False,False,False
f81268e2-a557-4487-962c-5e0b4ebf7ea0,d6891ab58c9a65ee,IN,False,False,False,False
d89f3ff8-a8b3-4ca1-9d8e-ccc74ee9783a,44d48dcb801cc4bb,IN,False,False,False,False
505babe6-98b8-43d0-b8e7-a83d7982d432,a4e9a7c0bf045161,GB,False,False,False,False
b85092fb-a9a8-4cee-84e7-077fa0898493,13b2f3ec89d9f369,IN,False,False,False,False
c1a56f75-5843-4bc3-b717-0100dc6af267,dcd6e33187435c13,US,True,False,False,False
f323f0a9-5314-4c89-9dcc-1ff4d5fa5340,3ea0b50412dd81f6,IN,False,False,False,False
fbde165c-44b9-4be1-9c56-6e87e0a26e39,a0ea89d31201a5dd,IN,False,False,False,False
e9aca2a8-71a4-43a5-ac9e-fc100f018143,4c9ad0389779fffc,IN,False,False,False,False
ca1d894e-7404-4ddb-ae8b-d7b876bb5bdb,b1f259f321f8160d,GB,True,False,False,False
19a3ff58-7714-4666-b6bb-dbb3150a0468,31e8d23006fd4661,SG,False,False,False,False
fc87536f-cec6-4bf5-88e7-de739d7678d0,b0e653f5017a1ddc,IN,False,False,False,False
792c1f05-155b-4da6-9443-971741504f51,66d08b30a01bd81e,GB,False,False,False,False
9e3c4dd5-75e9-413e-95f1-421a6156700d,2b033d1afbe979db,US,False,False,False,False
45319d70-1bfc-4d66-9748-e8fae70db8da,483b762625e713eb,SG,False,False,False,False
588c81df-58d8-4738-9a10-5ffc2961d0ad,0c3bea3dcab2b6f3,SG,False,False,False,False
5b399e20-287a-4131-90a4-59b31c9960fe,c55f0fc7c110e337,IN,False,False,False,False
3e4362bc-6312-4e6c-89a6-a07cbd0e473b,be36f4ebcdb68c30,GB,False,False,False,False
95bd62fb-c0fc-45f4-aca8-f7a14735ee85,10e87a1bd46cbf3b,US,True,False,False,False
c0acabeb-5bf2-498d-b2de-3be75b69897d,2687787bc9912490,IN,False,False,False,False
00537dae-d2e7-432f-a353-b08d2c33fd32,eb0986522ddbd83d,IN,False,False,False,False
243f0eae-3ea6-466a-a979-c5a65407ec6a,d32e18c5abdad67b,SG,False,False,False,False
524c83d5-fee1-4f8f-ad6f-9462b6ca0e1b,ea5670089b029215,US,False,False,False,False
e15f6349-73d2-4d25-b235-623df658a118,c4ca7dd752a5b34c,IN,False,False,False,False
ba226c4e-57e2-40de-89b0-d5b64a07733d,9c64a954522b113a,IN,False,False,False,False
c8b14f1c-b5d8-4c9f-952a-95a0764ae9a3,74bada80897fb904,SG,False,False,False,False
6661e0f2-5da9-4e59-afad-441ac79ca414,b1c0c3bc5fb96404,IN,False,False,False,False
05452735-31f4-493e-83e2-78e759c4bc3b,a0fa4aec3cd08bbf,IN,False,False,False,False
6b722860-dc78-4e3d-a6eb-6eb9989a950a,b427fdea938746a0,US,False,False,False,False
9879772a-26f1-4b7c-a935-298ea2c86f69,a03ca679440e913d,SG,True,True,False,False
882aa2d1-455f-453a-8d1f-1ee60edab1f9,fbb8cb64e49f5b78,IN,False,False,False,False
b3caafa6-bb76-4131-a117-e5363633a1ac,511066e2b778532a,IN,False,False,False,False
d1dfd807-f6ef-46fa-a49d-7cf31ed6bcf4,a67d0b0650a9d0e0,IN,False,False,False,False
1a30bea0-bf2c-44d6-ac5e-203403aaa98d,8ee17a1ed299dc6f,IN,False,False,False,False
38e5931f-7377-4c01-89bf-5e563cc7c205,0476def76387cf98,US,False,False,False,True
c0a810da-54e7-4b33-85e7-d2fb43e894e4,0a195044087b64a0,IN,False,False,False,False
f809f03e-8c4b-4fa8-a6bf-408d6104b951,e6f2370c60603296,IN,False,False,False,False
47edce96-1f9d-467b-9e1f-0f9a9b0be516,f2ea9a0dc4547ca5,IN,False,False,False,False
a99c87f2-bac4-48c1-93e5-c2223e4a7d1b,1e55837d9f694841,SG,False,False,False,False
1dae6bba-4dfc-4199-94e1-c55ccb8ae023,0e1157010a9f1419,SG,False,False,False,False
d0ccb7ed-5b29-4f78-aeef-f7a9cd00a1d3,2c3bcfa374abe028,US,False,False,False,False
f0691aeb-9f8c-4b30-b173-3bc0c5981627,fe08a6c93c8f5197,IN,False,False,True,False
a8ad4090-9763-4760-a845-cc9dd8401981,3a6d82678a890731,GB,False,False,False,False
2d1ff8d0-fb01-4cfd-9208-fbe027b2e89d,3e986546e8a66783,IN,False,False,False,False
8f302b48-7f76-4851-b082-7e7086b12e70,7d7507060b7eaa29,US,False,False,False,False
b84bb074-4f9e-4a3c-b186-fdb35b04fa3b,a3cf4a1a230c960e,GB,False,False,False,False
97ac47e3-5a7b-4418-8fab-19dc40172faa,82f55eedeeae4350,GB,False,False,False,False
5daf1eb3-6933-4aa2-a0f2-a61847d97fd7,ef96ad2b2201c9bd,IN,False,False,False,False
0c39a2f8-240d-46d4-a015-efaf17c0afdf,31f629daf98bf4ee,GB,False,False,False,False
246339e6-16eb-4e99-820d-ef1c50eb796e,4c59ff73f9423ca6,US,False,False,False,False
e8b0c0d3-1fd7-4c4f-a90b-6131a33b94b9,0e10ff2a542c2976,SG,False,False,False,False
69f9df3d-47c5-49fc-bb4d-a2a50fa39915,9b0b45d77bb051e2,IN,False,False,False,False
897e6f83-bb38-46d3-bbea-d24395906c1f,4380600b284f8cce,US,False,False,False,False
bdeae7f4-fa21-436e-95d2-cadd4dea3c30,f588d5036ee07939,GB,False,False,False,False
334e3525-b4ea-46f1-84e8-3e1c366b333f,7fa8490a1caced8d,IN,False,False,False,False
6f2754ae-7df6-4743-b05f-91b52f6227c6,2d3b554dddd57376,GB,False,False,False,True
439bd9af-4092-48c6-958b-46f63e53fa1b,2aedb0a9c2e8bcf0,IN,False,False,False,False
906d0f7d-c4ed-49c7-bcca-2ba05d96a849,e902e60c5164b885,GB,False,False,False,False
195c14aa-641d-43e2-b3e9-91450dee8ccf,3d1bd0ed0dc814e8,US,False,False,False,False
8aac5ccd-ec04-4839-b05e-badf3d039ecf,9d7f2de44e35ca1c,IN,False,False,False,False
ab119dd0-e5bb-4ab6-a7fa-0ed13e889ec5,02d6bfb7fba48400,IN,False,False,False,False
dfe37547-b174-4f64-a305-cab44ebd2dcd,156f3490e9e19346,GB,False,False,False,False
f2a05187-3beb-476d-8880-41ea74c4b140,db960a91d74ff95b,IN,False,False,False,False
3427dedf-00b6-4be3-a8fc-7aa1932137b6,a41045d334635f61,IN,False,False,False,False
fc9ad66a-e6f5-4832-9cf7-f9c75aacc7b2,d6a9e880791a67e8,IN,False,False,False,False
d26752c7-0dcb-4a68-8262-2158fa56c859,5864f8e8fd79c4f4,SG,False,False,False,False
94fa5579-9958-42e5-b78a-a2823abe192c,1d1429efec636bee,US,False,False,False,False
53bfbc45-b5a3-41b2-8aa1-63707af634c6,966876ea2999564b,SG,False,False,False,False
a2c1bc7b-bca2-48e8-ad33-d819c2f72a1b,9840efa2c14a5dfa,IN,False,False,False,False
b8d47e05-0252-413c-99d5-3f3a6f88c8cd,7e94a4e9e9e161be,IN,False,False,False,False
a623ce91-7635-4691-82cd-20597056e8ca,3eef50b5c718731a,US,False,False,False,False
9fb8fd14-3438-4dd7-948a-428aa42e5b1c,2dd81fcb14247b3b,US,False,False,False,False
3e7302e6-b603-4ef2-9c8a-fc793c28eace,dc2a991c603d1bfa,GB,False,False,False,False
132dbd31-ca7f-41bb-9964-da28f3f5cf90,e2c984218f26c373,SG,False,False,False,True
a592bbd4-baf9-460b-98e3-0ec0d77330ba,dd61e85cd4a30bb5,GB,False,False,False,False
df72b8f4-e371-44a2-ad44-449a103e24dc,b0aec688dd1103de,IN,False,False,False,False
00ea39d7-3b48-4d52-a72d-6469a93d57f0,582bb4f0cc5ee7d6,IN,False,False,False,False
c2f1ada2-5018-40c2-80b5-6de997b548bc,0edd5800992f09ca,SG,False,False,False,False
23cd2709-035b-497b-95d3-3703299948f9,57056ea9e93cf65d,US,False,False,False,False
bac21337-5317-4a01-9277-1f5b77d593ea,0f05005301c4fd68,SG,False,False,False,False
b33bcdb5-ad1b-483e-ab7d-d0ebc8da147b,33973fea9df5c33f,US,False,False,False,False
db6caa29-be4b-4e00-8e2a-51c927113288,6c1ebfc6f04c060d,IN,False,False,False,False
9f061549-f362-4d45-95d8-9e6e8da7fead,aec072a18c1ab9e5,IN,False,False,False,False
20048697-633d-4002-bba5-3e022c1c87a2,291f898b0a147b4b,GB,False,False,False,False
4d13cbfe-46e4-411b-a597-e6a4ab397804,883474694f104fca,US,True,False,False,False
fc485f72-f5eb-4854-9fe4-9b5e067e27e7,680b3301cee7aaf0,IN,False,False,False,False
b3f9c217-14a9-4b4f-ac20-6d1e6eb92aeb,e45b422d1e5a3157,IN,False,False,True,False
ec7da55c-c32f-4a32-af0f-7e4728407048,89fa82971b1bd37b,SG,False,False,False,False
68fccf59-87ce-43fd-b61e-015b42a975aa,1a2f2d6594dc8d1f,SG,False,False,False,False
c3dc27f5-f75a-4a96-9e34-987df52727ff,98d4654c4775ca02,GB,False,False,False,False
25a095e6-7e61-402f-b511-8d7e356742d5,15abf7a1e83408e1,IN,False,False,False,False
dbb08ac7-5b0d-44f2-82f1-2bd8de74b03f,39209885b2e9aec0,US,False,False,False,False
75f4d14e-c173-47ef-8243-cc64d6b02e2d,1e63b0fbe44b3ba0,GB,False,False,False,False
3094ff0e-da14-4901-8eb8-c76e4d02288f,8df914fe015312c7,US,False,False,False,False
02907e95-e042-45f5-9c86-656858ca83cf,7515b448216a661c,US,True,False,False,False
29e0af12-9709-4a7e-8996-60baaef08ab5,5963f4ce332859c9,IN,False,False,False,False
728a4db8-752d-4b0f-8828-13bb815520a1,caea25eb32d263eb,IN,False,False,False,False
04bd7e89-b025-4d7c-a3d0-314b1eeda7a8,b43e0077cb90d2fd,IN,False,False,False,False
600d5c08-3ecf-4c02-8afb-8679e0b1217c,048ab74fb0772945,GB,False,False,False,False
5b4296f9-09a2-467e-b866-ac90518bc66e,0ce783d74e579153,IN,False,False,False,False
fa3b2a68-ab57-44fb-bd4c-d2e9ca3292e0,a6782e79086a1753,IN,False,False,False,False
d4a98c89-b0d2-4ac8-b64a-c81404273042,bb2910546ac81a05,IN,False,False,False,False
205dcb52-0e1d-4a13-a08d-c82d483ab130,519de413ba2e2475,GB,False,False,False,False
0244ed28-0c3c-41ff-b888-84402d76fd71,fb6caf8912a69595,US,False,False,False,False
a6fab2e2-69c0-4fbe-b3a5-08c2fb27c5c7,84b23e9bd046fbb0,US,False,False,False,True
e50131a0-7a8e-479d-8657-e5016bc85e97,03743450a631e869,US,False,False,False,False
5e2ffc46-ff0b-49c3-b2be-2702673d519d,e8990432b51bdeb1,IN,False,False,False,False
a52eea69-60d3-4dc4-9104-ae0d80603e4b,7132d0c4429623af,IN,False,True,False,False
eb962cb2-f1c9-47b0-93cd-7f75d22c0e2d,741734a8a8088747,IN,False,False,False,False
b104d7c5-08b2-4efe-a3dd-3093a93dab9f,46573cfcc438e45f,GB,False,False,False,False
33a4b729-433e-4b1b-8b8e-0befc6b9e8c0,0db7b2d4ee9b5d66,GB,True,False,False,False
65c555f2-2a19-4fd9-973b-0146b00bffa3,1f9189efde4d722d,IN,False,False,False,False
1b6681fb-a36a-4525-af31-439840241aab,9d50a8e820b33c23,IN,False,False,False,False
df5ca168-5439-4a13-8158-1b4d0780740a,4e7f9c1802131c62,IN,False,False,False,False
8368b87b-f195-4887-89b1-2cd821dbf77a,4f71f61f703d0fdc,SG,False,False,False,False
72a089c2-6351-4142-aeff-a8f23ef40632,ecd4cabc5ebde03e,IN,False,True,False,False
8235f28e-ebdf-460d-9202-9fd17859ba7b,664ddd7fcbc94e41,GB,False,False,True,False
68c31d2d-77b8-40fb-a104-25f6fff3fe4f,2be668eaff1aaa4b,IN,False,False,False,False
bb474443-b238-4428-881a-ce563c38d728,388e1bdcd11c52a9,GB,False,False,False,False
a287867b-5a9c-45da-b5ea-1ffbbfd2b292,c6a81863a7988f2b,US,True,False,False,False
fe0b0da4-14c8-4ff6-9dbd-a9f65ade29d7,ed514afafe4bb8ee,IN,False,False,False,False
f27686c1-cc67-48ef-b9d7-4e3b08b33827,ce096e7448b81e39,SG,False,False,False,False
1ca5941a-bebc-4356-a288-5814d295803d,fb91afbf9873a87a,GB,False,False,False,False
8a4d4116-f4b9-4252-95c4-2c7b63e79807,aff693e85a51ae7a,GB,False,False,False,False
eb523c8c-0d67-44e9-b1b6-3339118ca237,359211f583bd0094,SG,False,False,False,False
49e70dec-2e17-4dac-ad54-5e17923269c1,2cf3a2a771b51cac,IN,False,False,False,False
d02b753c-f5dd-4657-8e00-a572696eaaf7,812c5ec7f7ca7bab,IN,False,False,False,False
bbf44e4c-0ddd-4f7e-b102-ab92c55c8cc3,bfc4adf8b95983e5,US,False,False,True,False
d9562505-59d8-41f7-a8b3-b3e478ce1ba2,197168451276db4c,IN,False,False,False,False
6de40fd0-4206-406e-8b7d-5c8d6c31f431,75e2e9274b132f90,IN,False,False,False,False
f66d34d8-67da-47d3-91bd-67222aaae5e7,fb773f45ec38bd5f,IN,False,False,False,True
5e66e91a-6ad9-40f9-959b-5efce2a00ef0,164aaf2d29892993,IN,False,False,False,False
a06942ce-5d7f-4f4d-a04d-8afd6c5a1f37,82af21a9cb4ddcfc,IN,False,False,False,False
a12eb1b9-ba40-4cfc-9adb-4a424e80ea38,5ac1cbe506c688a5,IN,False,False,False,False
bcfa66c0-f9a2-4279-a08d-e0968a8360a7,b6009dae3cf3cc7b,GB,False,False,False,False
87419a90-4c0d-4f0f-9773-e7eeb0410b7d,11944aa48c2adc84,US,False,False,False,False
789cc762-2464-4de6-8b71-9860b16e20ce,6ae97a9b579688d8,IN,False,False,False,False
d1c56843-4102-4ea9-aef9-c2912a8b8f09,d67342b41a495edc,IN,False,False,False,False
6c1f1170-77bd-4c9e-a1b8-a79db1720353,9c95f3c9005dad94,US,True,False,False,False
9f157ed6-8ef7-4ea4-b16a-cecf5ceaa2ff,b6b0456d71723c9d,IN,False,False,False,False
333f96b0-fb4a-4f11-9868-a752fdd926e2,fa0486159756f308,IN,False,False,False,False
0c75d650-eec5-42c9-b9f9-0c1c2fe4d340,6c4eb86a0d6c3603,IN,False,False,False,False
7db67d06-1baf-4057-99e8-ddd198c7155a,a5e60165f50eac16,IN,False,False,False,False
69cbca5f-6725-4520-be0f-698ef50fdbac,82979a557677f142,IN,True,False,False,False
796f16b8-b44b-4fb5-82ba-e11a512bada6,2d736f15ee097fc9,IN,False,False,False,False
af503740-19ef-4bca-8eac-e7f358769f16,db05529b5a2cc7bc,SG,False,False,False,False
e1bcc153-2e99-45b3-af9a-ccdb9a803854,fdba0dfdfacedb18,SG,False,True,False,False
c8e322d4-9975-4c76-ae36-9b8a698c9942,e3b5866735415e52,IN,False,False,True,False
b640da48-d3b1-4fab-8dd2-8e823fb25cb3,2fd224d12f0068ab,US,False,False,False,False
e8d16add-9f74-4e40-94e1-ab7313fa713d,91e3261fa237e396,US,False,False,False,False
1e5c97d4-69eb-406f-a147-f33d5a4048d6,79e92c4f55dbc31a,IN,False,False,False,False
776356f9-6dfe-4e31-90c1-b0ad87b8f6c1,d22354bfbec56875,IN,False,False,False,False
8c3f3c4b-2e0c-4373-8cee-1cf6ee1a4d35,8c940961928dab2c,GB,False,False,False,False
4487fa6e-2b00-4368-b19c-e5eb6a0c11a6,3df374be4457ade6,IN,False,False,False,False
af99d5a8-0d17-4353-a37b-149d845561c1,26f1c64a91aec192,IN,False,False,False,False
b48b438f-459d-479b-984f-58b48d9a8265,952008ffaef492e4,IN,False,False,False,False
eb17378b-d96f-4f76-84ee-544687634dec,f2f78159ac5e615c,IN,False,False,False,False
f536261a-b292-48a1-ae4b-8b45681f1434,db00c1d48ad2d681,IN,False,False,False,False
553c46be-2d69-4f47-8c6c-76092dd535c3,af4a3048465dd014,IN,False,False,False,False
75bd1360-017a-4169-85b5-f6ac69e1ad50,a8775de62bcfe019,IN,False,False,False,False
8807fe21-7821-4f21-851d-dbef111272f1,a393796402052c54,SG,False,False,False,False
6dcb81d7-6524-47b7-b7ab-4797125bdbd1,77be665a9e10552f,IN,False,False,False,False
6847077f-9638-4722-8142-83bcef955886,6619a2cb3da66e4f,GB,False,False,False,False
4059f7e2-24a5-4812-a8bf-8d166bdc5932,f2615fef95e8747d,GB,False,False,False,False
d994c2e4-a89a-4325-bbff-d88670fb2061,1b88115a4dcf9c91,US,False,False,False,False
a943dac9-4d4e-4846-88ff-9ca3c86f25da,eb0dc066f11e7b0c,SG,False,False,False,False
01e8ec5e-e472-4cab-997a-25dfa2ea9989,abf3e02cba0769e8,IN,False,False,False,False
65654a55-a7c7-4f61-922a-abf936c9981f,f2ba1e33d44eba16,IN,True,False,False,False
abbbcd13-1927-4646-9635-39ae8389c228,a350e4efde84dd5d,IN,False,False,False,False
f0e48822-286c-48aa-931b-695ca271aa0b,4a3bd2d53cb4d5ba,US,False,False,False,False
0fab3e2d-f368-4665-be27-1516a357156d,6b9ff9d1689d7e33,US,False,False,False,False
04fb25db-a710-4b7d-99c0-acb0f259a5ac,15b6ddede1b3f2d4,SG,False,False,False,False
2b9ddf91-2458-4a30-98f0-fd4df33f90cb,0d5d99c71094cba6,IN,False,False,False,False
100d4943-23ec-4d71-a7b7-310aae557797,1a087fe869b5904c,IN,False,False,False,False
429f7ea8-34f9-4d6d-be29-40bf38adc008,1be3fbe3afb82174,SG,False,False,False,False
a15b4a67-ebbc-40e2-87a1-5c20c3781937,8f51910b6dfc7615,GB,False,False,False,False
1820254b-59a8-4c4b-b93b-460378510187,e708d1f12d2fff99,GB,False,False,False,False
a688e2d9-6ea5-4630-98ec-c3936c4214d7,d4e7022f4012fedf,IN,True,False,False,False
c9581e24-6b1c-4e70-9056-acd3cf8fc6df,a3f14839d556d80c,IN,False,False,False,False
343cd9c1-3d86-42de-bd92-af7ac47d1a7b,21d5d56ead976950,IN,False,False,False,False
91fe1e67-dead-4bd8-bee5-076c78962e7c,d8172725cf336798,GB,False,False,False,False
587c53e4-5ab6-4d77-a4f1-4be730e26374,f0818f9f755f7292,IN,False,False,False,False
b94fdfea-57e7-4113-b3b7-435d3ad8a2ee,227c64d5aae4d0ad,SG,False,False,False,False
410878d4-a98f-4226-b3bc-b923fd19b733,07fb427c50627ede,IN,False,False,False,False
1ab7765a-dce0-4a02-ad03-80f3ee205177,7e75ee8a3c38c112,IN,False,False,False,False
825bc3ba-e08c-4aef-9c8b-6fa3eaef1a7d,393a40a32fe5f4b1,IN,False,False,False,False
0570056f-5685-44f6-a775-31cef6b797cc,48b6dc4f12295ef9,US,False,False,False,False
4006e5f8-105d-414a-af24-68db1cbd8f67,417054f898dc20a4,GB,False,False,False,False
2cc3fb03-e3f0-49dd-a984-c477b8bb1e8e,0105cce6f9a6ae1b,SG,False,False,False,True
0ffb8917-2070-4ddc-a4e9-dede58f78664,406fcda08af56a8b,GB,False,False,True,False
f898b7f8-4398-44f5-94d3-70983fbeddc0,fc6c5242e3af5f51,IN,False,False,False,False
de2b9a42-7a04-471f-92d8-55d88779d185,1ec0d295aec064db,IN,False,False,False,False
429e9b4d-fba3-48f1-8a33-4492db82c269,dc31ac2cc49e3604,SG,False,False,False,False
7fbfb2b8-1ea4-4b6e-b2c9-26dacb7c3d68,5d70227b60051603,IN,False,False,False,False
fdb946f4-c2c4-4279-9ada-ffa28b7d12b8,637a0d1494b0b9d3,IN,False,False,False,False
e7c5cffc-c908-4d74-a745-2c1f41451234,13f5ec10fc3712ae,GB,False,False,False,False
fdda71ad-a0a8-4b13-b592-22720c2c0ed8,50cd183647b58dfd,US,False,False,False,False
6e880d61-36a9-4f88-8429-8808f1f5d6f7,0c84e66142eee9f3,IN,False,False,False,False
11834f02-7ef7-46b1-97d2-8f417a1c97f7,8f72a345c3eeccd4,GB,False,False,False,False
8161d829-1613-43a0-a499-f0b36d963c6f,5ab4277b4acfea72,US,True,False,False,False
cc9f675c-6892-4e4b-9799-f8ab6a6708d8,ee2e2d1196af445a,US,True,False,False,False
290e6966-0de3-4dd7-a156-a9649771fc8b,f84179abd6a94ecf,SG,False,False,False,False
73432c0b-221c-473d-a148-55e72953d609,530fc59bbc294740,IN,False,False,False,True
2ac5c402-2719-43b8-bb91-6a084c4ebfbf,bdd704ccfebdf380,IN,False,False,False,True
91030699-d6e5-43ab-a4bb-d017064ac21a,e575bda56684608b,US,False,False,False,False
2a5a7799-6f9c-4807-b064-385084724296,6a6d392e5c33504d,IN,False,False,False,False
c688936c-b52c-460f-ac54-497e373f2f21,483337c0612b0b14,IN,False,False,False,False
eda7d289-1639-409b-be7c-1e1a83104ae5,07bcbc9254c40bed,SG,False,False,False,False
54011976-1a84-4c9c-8d2a-30fe385cd9c5,14f09a20405e4f14,IN,False,False,False,False
9547c355-4eee-40d9-986d-53cf34b4f491,284c5d496d245566,US,False,False,False,False
8f505786-f304-4f46-aa13-891a5d29b65a,52afc4cc579aa572,IN,False,False,False,False
208f029b-9cd0-47e2-83fd-a0b0aca05888,2df23ad3872b9dc8,IN,False,False,False,False
2e63c375-825d-442e-9525-a6e2996a6001,42973dbb6b8aab69,US,False,False,False,False
10e0098e-e081-4b98-b4ac-7aaaff87cd5f,61b26645ce23cb57,GB,False,False,False,False
930b03d4-c3c8-47d2-af80-f1017baa68d4,0c78f0db24bb8a45,IN,False,False,False,False
9facccd7-f2f3-4ac5-be69-6104bfa74b96,fe46f2fb1c4ba699,IN,False,False,False,False
82663250-61f7-47ee-b01d-7e24e46995f2,0c644624a5269971,IN,False,False,False,False
040aed88-2ea1-4942-8a7a-6827f3aa82e0,228d5ef1068f05df,IN,False,False,False,False
1f2c3811-6385-42c6-a411-e5375e39716c,52379be8ebe69efa,SG,False,False,True,False
b6eb41c5-3450-4859-bc4a-381819a34633,75b0baed490727dd,IN,False,False,False,True
761bda2b-538d-4965-a1df-f7a763bcdfe1,b10f08599dfbd32b,IN,False,False,False,False
b2f44439-1f88-4d01-8161-295e82784a19,fd14c7425b3bc993,IN,False,False,False,False
6f6f4c2b-ee9e-4971-9b87-a14aac5e74a8,4bd5f405052bd446,IN,False,False,False,False
e84d6486-3fc2-461c-9ba6-7d6601441e32,bdf9a322fa978dd1,SG,False,False,False,False
dd96f8da-f899-4e96-b908-57fcc1f49ba2,8856433b4be1ebc6,IN,False,False,False,False
cb91624e-d494-4dd6-ac27-c63bf585718b,9ec41cf80c84f657,US,False,False,False,False
c3d80bea-9dcd-4191-b637-dc6338fff63e,e4e630171b920658,IN,False,False,False,False
316282a7-1517-4952-903f-01de9179c555,2e6e1ab50d63bc92,IN,False,False,False,False
5370d52a-f125-41e6-87a5-e84391d9a3ec,e50da2a816b77d9c,GB,False,False,False,False
9c5b0bd0-9d97-4af8-b5a3-9e681f388e84,f10121953c87f150,IN,False,False,False,False
7c08b6d1-98be-4fa2-8b22-29317ffc4f9f,8461b907bcd8ecbd,IN,False,False,False,False
4c4bd482-c575-4426-96cb-14de99219330,0d542fda585e5397,IN,False,False,False,False
f9b12a0e-743c-4665-a224-ead45e87c499,fc3b4e7b5d724004,IN,False,False,False,False
0b8bf41c-5b23-403c-af07-f44c3821366d,27dc82d3f6fa00ed,US,False,False,False,False
71ff245d-b511-4b78-9fc3-f55982603abe,af9ca82c2caad4ea,SG,False,False,False,False
f469308a-026d-4741-98e0-edb808d53d86,f1be77f0db93c9e8,IN,False,False,False,False
41d0fda0-1aa6-422e-86a4-c7dcbe87919c,46d018332e2e9d0d,GB,False,False,False,False
25c5ffcd-87fc-45eb-b30f-903aabf1310d,edc89af7676531a7,US,False,False,False,False
e22af296-01d4-43c1-afee-d6bc2e7be115,a3491cca08ac01c7,GB,False,False,False,False
fcd58c34-2e16-4ab1-a6ee-9a0ab26ac88b,aa5bcbd84cc61989,IN,False,False,False,False
14989af8-a5a7-443c-9f1a-ed9eb0e95cc9,5bf9e18d348086e5,SG,False,False,False,False
60a56d8b-8f6e-41d6-b1b2-e48a63fda05b,f648b0a437a8453e,IN,False,False,False,False
546a5514-2ff9-42d8-8f7b-06f4f5a08d4c,4e9f0ff65b570aea,SG,True,False,False,False
16524c19-26de-4de8-94f3-a709981d55b9,54664a766d4a244d,US,False,False,False,False
a3bd1e40-5b7d-4336-99db-164130d67a89,685f5006192cfbac,IN,False,False,False,False
e6ae29f2-0a11-480b-a265-fd68cb19139f,e94beabcecd348a2,IN,False,False,False,False
6e17bae2-10ea-40fa-aee5-42f46bd27fa6,909585256a3a61f7,US,False,False,False,False
f65f20a6-785e-468f-8654-033cb5ea7df4,149a571f9004c144,IN,False,False,False,False
3282a66c-f20a-4114-a991-73261b312314,42e9b5e03c6f8e08,US,False,False,False,False
ae703018-e849-4c2c-9695-895e14d58f21,5f3eff06d7e63f23,GB,False,False,False,False
4a650f83-b803-403c-9a3a-b2cfee28e5d2,a756dc4532f06e59,IN,False,False,False,False
fc0e6208-e65a-419a-9bf2-a406dd1b6bf1,37fa20b89d19ffe0,IN,False,False,False,False
63d4e7af-2b12-4382-91e6-8f3a663b190a,ef0e12b4cd93020c,IN,False,False,False,False
b125a7c9-8766-4e79-9c1f-c97f041ab77b,44536503f9d608ee,IN,False,False,False,False
9669c584-1178-4a2e-b09e-0c135809a344,2d655319f605e082,IN,False,False,False,False
eba8bed8-f943-4b6f-b2fc-54b57c148fed,ffda5491ee9a6557,IN,False,False,False,False
85a2ef84-fc75-47d5-80fd-479decee2965,1bedc88a48f01150,US,False,False,False,False
b416b649-1f6b-447d-b228-0aa8525ab31f,fec49d945c737608,IN,False,False,False,False
eedb5615-e2ae-4ade-91f1-47dc8cc513dc,4cb1d2d2870e594a,GB,False,False,False,False
b00de8b1-cea2-4f91-ad41-a235e8c4061e,3b42b737625e49b5,GB,False,False,False,False
23c24e49-8d54-4d14-b98a-876cfaa8addd,bf13ab51caa2eb3c,GB,False,False,False,False
c7ad3b5c-ec2c-4d1d-b24f-3beb367d5325,1ec7d9e272722575,US,False,False,False,False
b0fdb97c-1c58-4f50-88a3-9892d0eb9819,a268ca76e52cabc9,IN,False,False,False,False
be9d5dc6-f6d9-4fe6-8ec6-c7cd73200fc7,b6d7206b9c5510ae,SG,False,False,False,False
47c837b1-8918-4848-8924-688c29fb1072,f79e34df130c1024,IN,False,False,False,False
493f5555-bb31-4c70-af47-5ed80e33617d,169b16482a501b44,IN,True,False,False,False
11b3eafa-6398-47ef-b061-e50d094dec5f,40a849a62a2d3de7,IN,False,False,False,False
9295a2d6-807b-4c03-bb02-55426e6216bd,8df3e3c5666c7b2d,GB,False,False,False,False
98c34855-a22b-4c1c-a159-92b1d0b22986,5c4ad9846c411028,US,False,False,False,False
ba769811-54aa-47e9-9c40-2e38ed7b1646,309ca74c926260eb,GB,False,False,False,False
9deecdb6-70b4-44fb-af46-8f3e1bdbe868,c9205d45c373889c,SG,False,False,False,False
03482fe4-d700-453e-bfc7-2a68a4b1f2e5,aede731b41bc800c,IN,False,False,False,False
3cc1a60f-ceae-4316-be28-e654d68547fd,de131d3a15a50a2b,SG,False,False,False,False
3006ac5d-d809-48bc-bc15-5f1248ba5d5d,a42f870ad396dda1,IN,False,False,False,False
3f0c7eb6-4436-40af-90b7-3b3392a2adae,30fe4e1473f07084,SG,False,False,False,False
254d7bc5-cb64-4d57-be42-14eb221f9b3c,73de62b1ae0643c2,IN,False,False,False,False
a0d5d758-9bae-42e5-ae92-97e734ff883e,aa569b3402b26288,SG,False,False,False,False
904d9193-11ab-4b7f-a081-c633129f02af,35ddecce70cdd608,IN,False,False,False,False
0d73f5eb-578f-47ad-a7c9-74f49556f130,1b5bb5ab68dde035,SG,False,False,False,True
e08d1bf6-f3cc-4961-bf5c-128f5dadd2b5,3a0f0ffc52adf05c,IN,False,False,False,False
8582cebc-34ad-4c04-9d6f-86fbbe71e3c3,035e4f61a6d826f1,IN,True,False,False,False
c2f3ec03-7997-4560-a1c6-b8e899942013,8a6433522f669912,SG,True,False,False,False
08bb8672-ec60-4b82-ad7d-4b3594158e37,9954d630a047b968,IN,False,False,False,False
a263cff2-7378-4d5a-bfdb-a09efc7cf852,4004eb1a6afee257,IN,False,False,False,False
afb2627b-6a3f-4086-b97b-2a95ccf33617,2ac7b85742a3951c,IN,False,False,False,False
dc52ae16-56ed-4b47-960d-a9b9ee139ab2,9b7c614bcb453dc1,IN,False,False,False,False
eabd1244-5915-436c-95c6-c0a46c25e2b2,22264a3f58396a4e,IN,False,False,False,False
e81f4ec1-47ec-4d21-98f2-d2785b761841,52a73b79efefb7d2,US,False,False,False,False
7d500b77-6cc0-49c4-9bd2-e4b6340ed23e,9fc0a43bf1c5c7cd,IN,True,False,False,True
4ccb24c0-64b3-4004-8528-29aadc6c9ed3,280959bbaae9b478,IN,False,False,False,False
20b5c20e-3b63-426e-a353-ca4097aba823,0206976d7e384785,IN,False,False,False,False
dab4ecdf-cdd4-485c-8e63-2f5f2ee723fc,2dca36d5048ef2ce,SG,False,False,False,False
6a0d63f5-7826-4619-b881-e972e6cdba6a,c1d4f555dbf49f82,SG,True,False,False,False
be331620-f842-4d15-917a-8effc0e296c8,891962e5d70e4a55,IN,False,False,False,False
a82507ff-f603-4901-ba46-f6bd49da462d,866f8a7b4da76bfb,IN,False,False,False,True
4099e720-0432-4450-b12b-3dddc6209f1b,2f17f7bebab7879f,IN,False,False,False,False
bbb49c1f-1a38-4817-9c68-d37237f7af1c,ea9986016e2025e8,SG,False,False,False,False
5c31bd6b-083a-4184-8c96-06a60600bf2a,5c6b78aaa74f1908,GB,False,False,False,False
87b55104-608f-491c-9682-85978f3d5821,8fca5c27fce5e0c4,GB,False,False,False,False
3f0cc13f-5de0-4f42-be90-a5af64dd709d,810b4e6e130bb975,IN,False,False,False,False
b96f2ccc-c486-445a-8f98-20e789c2aba3,cc75216ee5ac11e5,US,False,False,False,False
db6eff71-d280-45cd-a2d7-20067af5aa4a,814bb0cd261c95ae,IN,False,False,False,False
d1a1f482-4a3e-4269-a7d5-0d821b833143,a99ea7571816fd24,GB,False,False,False,False
f9905013-6280-4a90-af3f-93d25f2254f6,d6987701a41c99a0,US,True,False,False,False
6b43e7bb-1aff-4e3a-a4e8-83b0f2c70c4b,323f1222ef844c89,IN,False,False,False,False
6bc3a78a-2f71-4768-af86-2e5f83067799,e41e67c9554a33b0,GB,False,False,False,False
a6cfb50c-a150-44a2-987d-561ba862e4ca,9ee287038f897e0a,US,False,False,False,False
5542b52b-179f-4e61-8cee-6c3d33ec3e67,c812e6200218093e,IN,False,False,False,False
0ddf21b2-8bbf-40ce-aeae-0845a6bd3169,c814f7617262027a,IN,False,False,False,False
0bdf33b3-4917-46d4-82ae-051245162dcc,0bd3c752e8739034,IN,False,False,False,False
a8a48d53-d493-468a-99ea-b74f0968d957,2b79243b47e2b498,SG,False,False,False,False
9ce7af23-38de-40df-acf0-52826969aded,bb718a790ea660ac,IN,False,False,False,False
23d8129b-bf55-4c76-8dac-e9262550df24,3331ad8d00e7108f,IN,True,False,False,False
25bf4321-5a27-4c9c-8488-40cbf990823f,be40bcc5cadf5579,GB,False,False,True,False
8ef67e49-83e2-4d37-815e-cbded94fcd9b,aed070de2e00cec9,IN,False,False,False,False
e1d1fd44-2202-4178-89bb-9cf0150742b5,4bf3a43dbf05f4c5,IN,False,False,False,False
bd95f02b-e808-4dc8-9981-4233102ccf5b,37adfa192e95e0cc,GB,False,False,False,False
70dc7c46-72d3-49a3-b362-77c66fde7df3,ebdd34ec1d3ea2c2,US,False,False,False,False
d687bb2a-fe48-497d-820e-61f1f72cfa71,f5c7a3916e085d21,US,False,False,False,False
1b57d16e-c09f-4d1e-b567-678792779f6e,067f4a3670083a12,IN,False,False,False,False
09e0724a-77ae-4a38-b5ad-63247a4af29e,42ac99389d584d82,IN,False,False,False,False
bf97be03-2e42-41a3-9158-ef240c5daeb8,8a61d737545f0562,IN,True,False,False,False
888536e3-a0c3-4650-9fc7-97db0205e9be,25b197e22a88305c,US,False,False,False,False
f3693619-560c-48bf-84c7-c4e47e6af41b,71ea1f850d100f97,IN,False,False,False,False
5ba3b14b-1a45-43fd-87d2-ad37aca1af44,76bef97fb258b320,IN,False,False,False,False
c46df81a-6d7e-4eb3-940b-6836b11ac85f,55390b7126ecd2eb,GB,False,False,False,False
d44e46c3-bdd5-4d75-bfe3-beb789d15aef,8bd628757f893b4a,GB,False,False,False,False
a332863d-fd79-4178-9caf-3b3526738407,cab7158b887efaf2,GB,False,False,False,False
49b0a70f-db19-4306-a6cc-96b80103e70f,1b975c80fc7821a7,IN,False,False,False,False
c4f7d21c-ebbb-42e3-a4e0-c2cbe986c4a8,dbf1cfddd3807ff1,SG,False,False,False,False
8a0a3f16-08c7-4c38-9a9e-984ea9860171,ad93edb574ef37f3,IN,False,False,False,False
d83a4f6f-ce13-43f2-ac03-168fa5b42194,86fdb2b857591d64,US,False,False,False,False
38d02970-4c54-4ed0-832f-1af9fe2e3dda,c31ea73c6dc9803e,IN,False,False,False,False
54a9c7ec-6131-43b6-b175-255a5560fcce,0387b9cc22200b54,SG,False,False,False,False
83dd62bd-9be9-466f-b491-ae72265f6e3c,5afe5dd330fee097,IN,False,False,False,False
b134bffe-3157-4315-a989-a6f819cee325,ed8dbe7f98af9788,GB,False,False,False,False
328a8aff-8a05-4b72-bcf8-51e7b08a244b,310e3d1c5c71d1c2,IN,True,False,False,False
5296aa09-13cc-4d0c-ae13-86ae1bfe91d6,38edea0a29be60b1,GB,False,False,False,False
cf313748-4c1e-405b-bd66-6174729030f7,4c1883f36bdd0e27,IN,False,False,False,False
cbf96d07-d1ad-4701-94e3-e9709701e294,5173e5597dae84f0,IN,False,False,False,False
d599a2f6-0961-44a1-bbb4-09a29cc3c2b4,e80672bf5d28544e,IN,False,False,False,False
a00d9adf-0021-42e6-893a-fedbd90dfc7a,cdaea0c041ba6365,GB,False,False,False,False
81c01263-286a-4102-8b2e-52679946dc04,9a960ace39f487b8,IN,False,False,False,False
cfd371a5-61bd-4258-a01f-d0c6b460756c,23f407562c757e3d,IN,False,False,False,False
a0301331-78a6-4c0d-8aa5-a0d5bb0acd5e,305fe2e8123117a1,US,False,False,False,False
04d95a72-5d3e-4c5a-be24-9b8d02d5c188,0f493aaec920ab0e,IN,False,False,False,False
bc57e1a5-3983-434f-892a-c3a8736f392a,0968d1549e0712fb,IN,False,False,False,False
80a5f9d5-8471-4883-9187-67841b5d57ce,5fa12afc9b2da765,US,False,False,False,False
ba17d035-93b1-469a-88e1-466d43048843,8386b184ba826274,GB,False,False,False,False
fad75e07-e238-42f3-8d3f-464b45ff2e7e,cb0b0659056b56d1,GB,False,False,False,False
dc8d3a10-656e-413a-bda7-7f95293d4f53,d6e1499fd628c693,SG,False,False,False,False
a8f0e67f-d21b-4f7e-8126-5414e189281d,d2994ab3931641cb,IN,False,False,False,False
2e762bcc-1c77-4800-9ee5-00d1260f2664,cc76bae6b5303ce0,IN,False,False,False,True
bdf27a92-cc83-404f-aaa9-7b637983a912,6640c6b8e351a621,IN,False,False,False,False
44297b88-1c18-41fb-8029-215b072668ab,c4b5d40c9e215ee2,SG,False,False,False,False
cc653ae3-8b69-41af-ba61-12024cff42a5,2ff00d29faa39282,US,False,False,False,False
351b8b43-efd6-4853-8949-ce2bc7280d47,5c03e5bb48beaae7,IN,False,False,False,False
39be2460-d329-44fa-aedc-d45c9c84c05e,141370efa50c19f0,GB,False,False,False,False
360c030c-1a70-4b8d-a520-a1b7a44516f0,acfea9c229c74493,IN,False,False,False,False
6131fcfa-2b58-4965-9cc8-deba2890aa49,570458d764b42661,IN,False,False,False,False
a08884b6-8714-4297-b138-74b60bbf81ea,2edd43a25f17534a,GB,False,False,False,False
d49c104c-fb66-4b42-89d1-2b8c3cb8d0f8,16307095f1472398,US,False,False,False,False
cc6e71dd-7d2a-4d62-94b6-70c2d7982ce8,3aef7b5541acacc4,GB,False,False,False,False
60c10bf1-bac9-4d84-a3e4-341faaa4dfdb,a417a8a2b2e81da1,US,True,False,False,False
d0887be8-e51f-45fe-af80-0e52975098eb,2c829fc16c364c59,SG,False,False,False,True
98d10429-aa57-4c01-abae-0aac00dbfeae,fb6aae9c3a97b20d,US,False,False,False,False
488fef28-6046-47da-b33a-b8ee2c44779e,be549b88bcb4bb13,IN,False,False,False,False
6bbb145a-96dd-4bc7-8398-818bc1833cc1,6ae52b1860e6baa1,IN,False,False,False,False
70c45d9d-5c5d-45ce-a4a4-9753806efc70,407147a48d33239c,GB,False,False,False,False
f3f39c36-bc42-4d66-8bd7-93b51e2b0e97,6fcd0a328bfb7b4d,IN,False,False,False,False
5bbad19c-cd1c-492d-b9f8-a82ddbc59991,69fcee7a87de0bca,IN,False,False,False,False
69747ce2-08fe-4a58-8fe7-8931d782069c,cda8d3af11245c8f,IN,False,False,False,False
475abb14-14d1-4cea-b289-c44f5580a23e,5ab2662d163ae2d7,IN,False,False,False,False
d64a7c69-5c5b-4564-b80f-af84c5f16387,150708ebb0cc4379,US,False,False,False,False
f835739a-b0a1-4610-b163-212e17279bb7,2e8f3dac68fb7f58,IN,False,False,False,False
ea76f45c-620c-4d85-a968-36ae353e130e,8851bb8747109040,IN,False,False,False,False
614bc006-918d-45dc-83a3-d2a8c907df4b,5c48f66cfb0fd2c5,SG,False,False,False,False
38c7f5e3-82fc-43a1-a82b-9c25ba23f8a6,21d6f585a3a09c50,IN,False,False,False,False
c607844b-fbd8-466d-8e96-b7037cad7edb,cd7ea7583c84606b,IN,False,False,False,True
0419ded2-9020-47cc-83c6-5c2ed3376aae,dd7f6de31db1fc36,IN,False,False,False,False
a3eeedd3-a440-40ec-a9f1-86f61544ae21,a8953b88ffa81cba,GB,False,False,False,False
c70957c0-305d-4c09-b9dd-cbaa91f6cce9,e1a522ecd5e48700,IN,False,False,False,False
ec16fe9f-2d1c-41d5-98eb-208476bb8e70,1b0da224c9ce366e,US,False,False,False,False
219a328a-43ab-4662-89ab-b18f18d13ddf,dd5197bd6b8300e5,IN,False,False,False,False
a90151c9-db98-4709-86bb-819f239de5e9,76a3711cff9715dc,GB,False,False,False,True
8e9cd6ee-972b-468d-8839-268ea56bf11f,6f963010b6fec990,IN,False,False,False,False
56b94c07-f3b0-456e-a9cd-55186566d007,607bf7b51a599b25,GB,False,False,False,False
cd7defe3-5136-47a4-a245-a82c0966fe3c,5e307df3ee1efa93,IN,False,False,False,False
40338519-fda2-424f-a6ed-7e83c009184e,e592c67903673a0b,SG,False,False,False,False
bc2cd199-d0bf-4c0f-a9b0-e844961d6c49,10f98cd520353327,IN,False,False,False,False
20a51c5d-eb37-402f-9937-e64560ddd492,51eeaf7c7b68dcf2,IN,False,True,False,False
6b4faca4-4dd1-47f1-a96c-467f74e6ad5a,87fb7bfb5ae65287,IN,False,False,False,False
12af53e6-9ec6-467b-9f16-2b06b08dc7af,bac8f3b411f3b931,IN,False,False,False,False
ccaa1049-39c3-4713-92e6-351828a71180,b6a99868e13622ef,IN,False,False,False,False
15a98d17-10e6-41d1-9707-9cf93dfc8629,429b242d7e7750c8,US,False,False,False,False
1d969d17-42ab-4eca-8668-a1ecfc2402dd,5479a464cb7ff437,IN,False,False,False,False
c8384f26-2950-4704-9e6b-89ca7eca0b6f,94cf4425f5b83242,IN,False,False,False,False
b8e5ed49-e385-42c0-8f72-73c32d71e157,005e5b865646092e,GB,False,False,False,False
1c7d6eaa-c779-4459-9728-e3cee758ea62,8b7f67329197a9bb,IN,False,False,False,False
2bdf5a0f-58f6-4353-b548-80b7731833d0,1f48bebfaf1121eb,IN,False,False,False,False
8e52b81a-cee3-4c9a-868c-7a75e190541f,4cf37b1fea8a5829,IN,False,False,False,False
3d38ef5e-ea15-4f99-aecb-4ace481da489,566dcbfdabe0a4b3,IN,False,False,False,False
6f9ed2bb-67e6-4e6d-ae48-6d9e109afc7b,5bbc7c3e94273674,IN,False,False,False,False
e751c214-1283-419c-aff2-f4715db0ad5e,9e6fb4614344942c,IN,True,False,False,False
b64a3832-32fd-46c5-ae77-7c056de3b9f1,5a5fbc146b870773,IN,True,False,False,False
20aaebeb-89e6-487c-9c14-1020993a417a,dcd8534d1978136a,SG,False,False,False,False
b988208b-8242-4435-8eb7-52fbfaefdd7d,dceb76228c021006,IN,False,False,True,False
c92d8aaf-ea58-494e-af09-1d50989b22f7,84de589e9f09f6d8,GB,False,False,False,False
5909e510-8c86-43b7-ad32-e32bf3767c98,17044793d9d8dd58,SG,False,False,False,False
5d547608-19e4-4f7f-b88d-b43af1294a7b,56890d27f80e2c00,IN,False,False,False,False
c10b6c39-85ae-48aa-8541-deca27d16a7d,02c3d3bb49eac1e9,IN,False,False,False,False
da1b0a12-56ee-48ad-b050-fc01a22cf973,72c25fe6b49472db,GB,False,False,True,False
1cfa1094-8bdd-438b-b16f-3ebbe14932d8,9434eee7a4d91379,SG,False,False,False,False
50a07f78-839a-413c-844c-5a963ce1ff47,29d909001a7f56de,IN,False,False,False,False
6568db7f-2bdd-4aeb-a68f-e758e6d06ef9,c37c3aef8f79a194,SG,False,False,False,False
7425a2d8-cefb-421b-8c55-5c091c5abde0,d1961d97cb4e689a,SG,True,False,False,False
074365ac-6c29-4939-9db7-5279be0d57d1,97d4e0bd3b9ed8ef,IN,False,False,False,False
6f689987-ea8a-46b9-911e-1cc3e1a8374b,7c5657fc5dce1fda,IN,False,False,False,False
9e41127b-4378-42d0-96a0-ae0d3c0f6489,bebe916af9e35608,GB,False,False,False,False
2c13fe35-a72f-4b35-8314-570c869e3a0f,e111c4010cecbd7d,IN,False,False,False,False
1862ca37-5f72-4adb-a70f-98300136219a,85d3578d5baeb73f,US,False,False,False,False
ee8ea1d6-aa6b-4aad-9178-fbe2f21ca181,2189422075b4da4c,IN,True,False,False,False
6cff93b7-d30c-4c74-8063-73d4a20df536,7d3175da73cb3cec,GB,False,False,False,False
0be480b7-630a-4e3f-a99d-b3525f767fab,298261f8f3b8cf52,IN,False,False,False,False
bcae633c-bf52-4697-93a4-6bfd14b80f42,9106d16c52334b1f,IN,False,False,False,False
b4ee595a-74de-40b2-aaef-65c97e9542c8,2b29d3c4f89e5cc1,IN,False,False,False,False
7220b24b-ae8f-4e96-a78c-8221bd6d8ee9,440bc36dfc5db9e0,IN,False,False,False,False
80cada82-216e-434c-8e83-ace422df2235,c5fdc49bfbc36cfc,US,False,False,False,False
3bb115b9-a7be-4307-9bdd-a13fc508964d,b2771aa4b1b98442,IN,False,False,False,False
1a35d838-a0f2-4ff7-8771-6969ee4282a4,6117310fe62fa290,GB,False,False,False,False
97178692-487d-4d73-a8b9-5dd0d40e3af9,394eef6c11cd2f16,US,True,False,False,False
c840980c-8c47-4e6e-84ab-5e065c61c59e,702617ab66aa4e72,IN,False,False,False,False
595d6de5-ed6e-4422-b51b-ab3c2971c003,81a0fda913d13b7b,SG,False,False,False,True
acdcee6b-c857-4987-ad04-266f034dd95e,1b905f5c16530789,US,False,False,False,False
698bd735-7957-4bf5-b82e-5b522793f94c,c1686681237a1e69,GB,False,False,False,False
ae31e5e4-bed8-401c-b383-21d00d1e2178,7f54b328b17c5599,IN,False,False,False,False
b56d9018-52c4-4a8f-9d58-e39f2d9de62b,8af6f9cf65e01cd7,GB,False,False,False,False
bdf6b4b4-bd20-4f49-ab0f-8495d329cb7b,8d5f895e3280ea8b,US,False,False,False,False
00099dae-5f03-44d8-a85a-e7a0a23380c3,aa9de40fa9b2d860,SG,False,False,False,False
5ccff3c4-4a5d-4e1b-84ab-4384ba2f77e5,b29671c1032929f6,IN,False,False,False,False
affa7dce-5367-4228-8321-a481dec39d8c,234e9169fd543d80,GB,False,False,False,False
2ba26bc2-ee6f-46ac-aac4-643600a63cd3,d88908f864d3bb2b,IN,False,False,False,False
fa2472ea-d1f8-43ec-bde7-0d81242d6364,c2dd6494411153e3,IN,False,False,False,False
b077a3cd-a3fc-4887-984f-af1fb1c99fe2,d583c6937039325a,IN,False,False,False,False
d7bac417-7444-443a-aa90-df7659dd7557,6007a45d1ac0d87a,SG,False,False,False,False
ee2e4140-32f8-42ed-8903-bfb515daa335,47b4e3a0435ab9d0,GB,False,False,False,False
db76db3b-1aea-44bc-84e7-ad6f160073a2,2a57f64b3a92ea8b,IN,False,False,False,False
d30ee01a-36f5-4e5f-9308-61ed79ad858d,028bc2f1320ff9c7,GB,False,False,False,False
cb66e810-7c18-4ad5-8ac7-9cbe96ca63ce,8206d4870ef68315,IN,False,False,False,True
a5dc62be-7a03-4fca-b93e-9e4a789ae879,da65a92ed51f1020,IN,False,False,False,False
59fc5692-e57c-4d68-8166-61627b0f4771,537664d7603bcc0b,US,False,False,False,True
35ec35cf-472c-4cfa-9247-50f71b369b48,7828fea1bac5d24d,US,False,False,False,False
4d1bbf29-d950-4171-9bf7-1f7a9a063b5a,0adb2f71477f0ba9,SG,False,False,False,False
554e0c7a-0198-4e5a-911b-1f6c988bdee6,d4b05a9f6732ee54,GB,False,False,False,False
acad20cf-97de-4cf2-b663-27ed73a6448a,c6368ff9fe845b64,IN,False,False,False,False
9029f897-3c4a-44b2-bc28-5a471ad95ad5,e86b428f95e594df,GB,False,False,False,True
244cc6ef-a207-4513-8de4-2237aa4b7f26,55162b69cd1d9006,IN,False,False,False,False
8871d05a-180a-4291-8eca-94a2b06ce4c8,1eecf3bf6b7ddab0,GB,False,False,False,False
c814d2a7-39dc-43ce-b8e6-dfe7db5806a0,be68302792fc1fdc,IN,False,False,False,False
7dae86d6-ab4d-4819-98a4-5878fb173a31,5d409199750efba5,IN,False,False,False,False
653b3e04-c66f-441c-b659-9d77ae8a2be6,aeb9a07f95ed5ee4,IN,False,False,False,False
b9818beb-f9a2-49d1-b0fa-19654a714460,5a94378ff32790a6,SG,False,False,True,False
6f41637c-842b-4ec0-b888-2a2edec84473,0f9434c55ac689f3,IN,False,False,False,False
b681bbd8-0086-43f1-91cb-0cd076dccfe8,723bb7941efdc866,SG,False,False,False,False
034136dc-125e-4f41-a8e5-b9b5cf7c3654,3b462c9dd75c911f,GB,False,False,False,False
09425116-ea8a-4e6b-a329-01f1f9ce86ac,7091de8a952992db,IN,False,False,False,False
31c73741-f261-4b41-937b-413f73729a35,da4c0a697cf5c624,SG,False,False,False,False
5e779d37-6d8d-4937-a18f-fddf6d09591b,d5c61d3dac3510f4,IN,False,False,False,False
d8a799e8-6b36-42d2-9fa4-e110d1ddc2cc,85e8c5c393ed67f1,IN,False,False,False,False
60d175c1-1558-487f-8841-cc9d66553a63,8629293ddebd0b93,US,False,False,False,False
5732844b-ad17-420c-9c1e-44fed853b717,5454fa3cb9e33dd8,IN,False,False,False,False
12f00cd6-37d4-4ca7-82fd-8c4dfeec47a0,17bbf54670ced81a,IN,False,False,False,False
705432f1-9b77-4ee2-a397-4cb4a6d34a96,619cc63bb4cc9c97,IN,False,False,False,False
d0d74173-53a8-4dcb-a980-0fa4961eaea9,6e2433fbea63430c,US,False,False,False,False
9796e9e3-4f7e-44f7-9cdf-782e0da97a34,a52ceef9e4ee2745,IN,False,False,False,False
e3ef673c-4778-4ad8-9ebe-65289e77a8d5,a96d77410be1b5a0,IN,False,False,False,False
28066a02-41ca-4ee6-b714-0a1404830f67,cbb362169fa46c99,US,False,False,False,False
3a13a358-5042-49c1-b5a4-8f06b3a42112,4e1c43acad618cf3,IN,False,False,False,False
f84426d8-1a6b-4714-bd87-5880b2b986c8,7d0464e58537365c,GB,False,False,False,False
870563f0-15e2-4696-b1c2-2c10b23b3908,b4a551f58b983c00,IN,False,False,False,True
709e2651-e5e4-4d37-a079-170cb9141cb9,091ff9f69e07f70b,US,False,False,False,False
1a22b036-2440-4ffb-b9de-a1c023ff9ed9,300133791746c771,GB,False,False,False,False
cac58e20-02ed-4b96-a53f-a97ff91c60bb,1a4aec0071219e24,IN,False,False,False,False
a18adfc9-2bc6-49bb-95c3-9d908168e29e,0bfeaab3845d113a,IN,False,False,False,False
b83023ae-05d9-4c90-a2f9-5ad79f6f0b81,1a8083f257cf2225,US,False,False,False,False
8ecd09f7-f1fc-4bbc-a836-c9a967014272,f93e8f9d01ec9263,US,False,False,False,False
c2222b50-b831-4701-a773-32ffc2d0360b,9f5ef6e28a03d5bc,IN,False,False,False,False
c8a7fb75-5a69-4464-8cef-407d20877c6f,0f62c4cd2de5c95b,US,False,False,False,False
f2cd5a51-49d7-437c-8327-78fe4955f558,cc218c2f54d15a4b,IN,False,False,False,False
0ca04f8e-10e3-4643-80e0-6c8cdb718267,2fd106c55d32aa5d,US,False,False,False,False
39fca69b-b444-4cf3-8faf-ee35ca0d8a54,1178ef63b2d8190a,SG,False,False,False,False
d271aa58-5cda-4954-8085-c6ec3ca25d5b,9c6489ace41c849f,US,False,False,False,False
e018a5d8-1ab0-4cca-8761-f29d87220d65,f9669681f935c9d1,GB,False,False,False,False
0c051b5b-8603-4588-8b85-102a971aa87d,ad2ec2b8fdc361c6,IN,False,False,False,False
bfcbd60a-5e0b-46d6-a810-b8526cf4c685,aa244d34167c7606,SG,False,False,False,False
cfbe3671-c1f6-445b-bf97-e213f9207762,32ac6dc644fb04df,GB,False,False,False,False
af983795-128d-4075-a89b-78d75bf4020d,61d41c1764856a4d,SG,False,False,False,False
0eb3113a-649e-4910-a174-d0b3d6d06f17,33580593839ea940,GB,False,False,False,False
bd73a35e-049d-4bd1-a441-eaaee79ab199,c46dc8e861ed288b,US,False,False,False,False
164d93a5-5834-454c-b1d7-dbdc3e21c949,aae9c843dbcdb6c8,US,False,False,False,False
9b7a6e02-58e4-4b36-9735-811c3bcc6537,a6bde2160754985a,SG,False,False,False,False
0b410d19-f129-439e-936e-2a08d41fea9c,ebf445438ee6cfd5,SG,False,False,False,False
ff488cd1-18a9-4874-8863-e27cc63fef7a,726517f8e09078a9,IN,False,False,False,False
e133e035-18b8-4c54-bbfa-06f8aa1d71ad,1d41751cacf191ed,IN,False,False,False,False
2d426877-c5b6-4ee4-9141-5f1b8c0a3935,97a550899335e777,IN,True,False,False,False
3ede0d7f-8d9a-4fc6-800e-9f138f0dd59c,a2188cc2c25b9f6c,IN,False,False,False,False
71e8edc9-fc0e-4187-a9a4-4e3b08933247,5e43a956be18e27f,IN,True,False,False,False
0ab853bd-2368-41a6-9a1d-d43a39886ea6,c15c1420fe698485,IN,False,False,False,False
ada88d0b-5733-4037-b994-0f4b8ca35fee,1dd46a0d18595175,IN,False,False,False,False
289ef403-e6ff-487a-a801-64dc0808f9dd,4fd6c3e5b39ec8d7,SG,False,False,False,False
acc32f05-8d6f-44f6-9477-944a5e5ed0f7,8cb29dadfb4fda32,IN,False,False,False,False
b364ab53-44ee-43b3-a249-91ef880e43ab,aa3142433b2dd3a0,US,False,False,False,False
d9001ece-8234-4780-a502-b0284b51364d,2973b9e335503603,IN,False,False,False,False
72e75e57-1dae-45f2-81cc-b3fb35ff8040,3de575b7c820bbaf,IN,False,False,False,False
74d19352-61be-4384-8eed-a8b64b4cb9d6,1c3c0cdfb139ac6b,GB,False,False,False,False
2a1d408a-4993-4635-a8f1-e701d60d8229,78926add2eb444d5,SG,False,False,False,False
43c2f221-a6d0-4f24-a541-bd3734bd0177,e29d13d706f51d4f,GB,False,False,False,False
97ec8dba-0ff8-46a9-9fc5-7638e3201d5f,2c4c1a8ab801c8e8,SG,False,False,False,False
f770ade4-a4f6-48a4-b992-f3e6e594e1db,0d415c99ce7df90d,US,False,False,False,False
7e697d07-ea99-48d8-a3d2-1d370231659e,505d408ce6a19c9d,GB,False,False,False,False
3d460f4a-c9c7-4a8f-82e2-4f9976adc195,5367cc5774c81ab9,IN,False,False,False,False
f02c7c00-9d41-4079-9851-d781973445cb,bd1fa1358ef0cebe,SG,False,False,False,False
d10cea1f-ae33-4bf0-89af-0e13c4b12054,3725250509076af5,GB,False,False,False,False
04816c2b-c382-4d7a-975d-6b87df03d728,d741ecda9e20d81b,IN,False,False,False,False
9151f4bb-8e12-4aef-98bd-c456ac05687f,2277c267b46ba941,IN,False,False,False,False
5bcf90a2-81f5-4ec0-8634-4bf0522cec9f,d7f65027e3d1ce0e,US,False,False,False,False
e8a7fba0-75b9-4aec-9dcf-cb226d9d3414,380cc43405c01eea,IN,False,False,False,False
41f97c17-cfa1-4d16-8413-28979279972a,12fa1458e2e21cf3,GB,False,False,False,False
49280f38-9f68-41ae-8111-a726c6a3488a,1e16c68dc6d96458,IN,False,False,False,False
741230af-c2ab-4717-92af-52058ea586ed,af2e7a41588ee895,IN,False,False,False,False
9fed023c-fc59-4999-941d-d721473e59ca,e367c3c651736dd1,IN,False,False,False,False
4e7e379a-530a-4022-9a58-7e087ae92d81,743d770b46ba86f0,SG,False,False,False,False
30222e7d-048c-4b00-ae4b-74d450d63990,01ead5590fcc9757,IN,False,False,False,False
30edb4c7-a034-4af6-8cb7-1d2522c50eb7,23064b9fd898e94f,US,False,False,False,False
03bad7d1-c689-459d-9dd2-677cf0cd0c20,4614ff0853d76dea,GB,False,False,False,False
c3c110d9-2711-45ef-bc08-dfd55ae38c68,d41bcea9ba7207d3,IN,True,False,False,False
fc6798a9-0034-4199-ba23-ddefc44b010a,bbb106d805c54201,GB,False,False,False,False
7bb71bde-dc74-4146-8401-3ebfca2dc992,23fdeda4a970d31e,IN,False,False,False,False
d2e95fd9-5941-435c-9257-6458676f7c95,7f69763eb1ede7cd,GB,False,False,False,False
98e0744a-4452-4e25-8c6f-02c3a0aa201f,68d9fd08f5328ccd,IN,False,False,False,False
88a6e6ac-f8dd-4bf0-acfd-4598912b398c,f6a3ee96e292b71b,IN,False,False,False,False
481c22cb-06e4-457c-9aaa-b847106e5ef0,48e821fbebd77d67,GB,False,False,False,False
3cf2b36b-65ed-48b6-a459-6ffeb156a1dd,bb345bae9be9389b,GB,False,False,False,False
26637b82-aacb-43db-9fd2-9fc2a9ba3c66,f58a9faa729957c4,SG,False,False,True,False
944ef303-c20d-4b4a-ac51-92786df1dd24,c9263d0ece198ae2,GB,True,False,True,False
e847cfff-7af8-4d7e-95b7-d811de8651ae,53ac8285b829ee3f,IN,False,False,False,False
4cd50476-e4aa-4f47-a549-aa406f7e5a1d,e833125d46ab9d2d,IN,False,False,False,False
bc1cc4e4-da18-42b2-901c-f7410194558e,0d8e79a4d0ffa15d,IN,False,False,False,False
4513310a-4c1a-4a11-a29b-928bffbac26f,ffe15de363c7be45,US,False,False,False,False
670a584b-5d65-4ff6-8985-64e0aaa1068c,a2ea4af3566c411e,IN,False,False,False,False
6bfa6665-1d30-43de-b852-317bf04368b5,f65f8fe9805f69a7,IN,False,False,False,False
2e287190-6a11-4dd5-9480-b2c8bb2a4ac7,a35ce101ab693977,IN,False,False,False,False
f8ff7bb8-9d00-4c09-93aa-9cb57c9b5866,48d23a35994e3a80,IN,False,False,False,False
5494d1c5-f0f8-4321-9b80-fead83256723,e5e808d413258cc7,IN,False,False,False,False
2cf66c92-a8f8-4505-8914-9868acaef671,b04b70839dfca1f6,IN,False,False,False,False
8b5ede58-a712-492e-9bb6-a123ea9a7ff1,ac2daf8f1ce3b781,IN,False,False,False,False
90a2f6be-fb63-4519-9eca-836ed39f5a54,4a3feaf15a8f4d69,US,False,False,False,False
1da57041-2928-4e91-b115-126a93f2498f,430eded2398a7e19,IN,False,False,False,False
8ca105f5-773e-49d5-b2d1-354cafe81c9a,e615fd058d5bfb6f,IN,False,False,True,False
f8912772-c98d-4b31-abc6-452257817a94,7693f33a30bb8b4f,US,False,False,False,False
38716d5b-87a5-4303-a378-c584ce0bb6b9,268b3c5df9885a35,IN,False,False,False,False
04844822-8d94-4cd4-9d40-63a451e3459f,c77290342e556b52,IN,False,False,False,False
1459bc9d-1f31-4d89-baf6-be8b2ce6b50c,957c1a4146e322be,IN,False,False,False,False
ba9fc3b5-acec-4a3b-94ef-dd6922c10203,2f797440b15ecb42,IN,False,False,False,True
c75fa617-fb9f-4074-8636-5d4f3512341d,c193feea194dba0d,SG,False,False,False,False
110f0f91-84ba-4202-885b-b3ab310698a6,ad87b0f3bda800c1,IN,False,False,False,False
8c23d831-fc38-4ca7-82bd-14ceac51c5ce,020606a06b74f098,IN,False,False,False,False
0f64d32c-e945-4418-b4de-6ecfd680c4e8,b2a01db70d1b656d,IN,False,False,False,False
c4aae9fc-d660-4966-a241-8f46cefe06f6,f65003e30992cdbf,IN,False,False,False,False
80ffb683-3137-485e-9945-f01d8c243946,dc3adcd1c08b735b,GB,False,False,False,False
e8a79c4a-3fe9-4f46-ac98-00c054bf3265,54a8c63bde4d426e,IN,False,False,False,False
5e63cda0-e951-44d2-bc84-f02c2aa69c81,f07ecfd49c66ff45,US,False,False,False,True
d36631a6-abc6-4d43-9010-3a25ae9c441e,529bddf4e233369a,SG,False,False,False,False
1962bd3a-c97c-4502-bb18-da9c5d0eb4cb,c57161aaae2fb78f,SG,False,False,False,False
474204d3-d326-4adc-996e-21ef87436574,956fb82535be85dd,US,False,True,False,False
85290aeb-dd4c-4017-93b9-4ddc1d64f516,8fccb55bcd2c98d7,GB,False,False,False,False
696c7cbd-519e-4bb0-a238-c95e81e8d959,1a780dffbfeed13f,SG,False,False,False,False
b0dc51fc-dbce-4fa0-bed7-99e5742a1837,03122aefbc36be72,GB,False,False,False,False
c0ad6c6e-3fd0-4e75-91f9-4890916aac3e,6c698ff75c94014c,IN,False,False,False,False
ec7768f0-d531-482a-99d3-bbee9c770dca,8b684bab99fb5650,IN,False,False,False,False
dcc33f96-722c-4f34-a4d3-35c8a54f02f9,5a6e153f01f4453a,IN,False,False,False,True
a1f93ea2-fe45-4570-9b7d-d0b5cfe8f43d,283b10ed5dd7b6f9,SG,False,False,False,False
59cc4a2c-e886-486a-9207-37e9f14c09ee,c43fd88b25e99e24,US,False,False,False,False
e32240bf-bb2e-411c-a734-cf63eae08e62,a139603d3317b1a5,IN,False,False,False,False
6c57ddca-6ab2-4313-bab2-69b8ad9f7409,a7a8ed44e532ef6c,IN,False,False,False,False
51f290e3-7534-48f8-964c-a0cd5be044b8,db3e8cf084ae2eec,IN,False,False,False,False
6abd6c00-4075-4387-b083-e6610ce20e5c,f6d067b6c27c547c,GB,False,False,True,False
179dddb0-64b5-4269-bfa0-68700bf15ccb,25495750d141b244,US,False,False,False,False
e7454f0a-c8c7-4252-ae53-dcfcd352c45e,429c75ee0ba0da19,SG,False,False,False,False
f77b6d94-574f-4f50-a82d-b933878bb784,8bd10db99611d66f,IN,False,False,False,False
9cfa6244-aed3-41d3-b6c1-f04fbb7ffa42,c4e99d96ed85c253,IN,False,False,False,False
f3156a13-524d-4795-be50-34c32661f809,4b5cdff4dec598a8,IN,False,False,False,False
03abf602-7933-4873-abb2-d9ed35fd109e,64962ba36238f16f,SG,False,False,False,False
da68a666-b491-45fb-b396-0440ded7392d,3881f54a1ea39f71,US,False,False,True,False
789a7457-fce9-4b34-8a5e-3f677dc40401,5ef0ad5a8847456b,US,False,False,False,False
aece0efd-0098-4e16-af8f-0b385d215102,cbfe2bad770bf7bd,IN,False,False,False,False
f56cdebf-f811-4366-8605-c6a16fcf6c80,f4addc16f49fb5d7,IN,False,False,False,False
e7f4e263-679b-4e1a-839b-0d788e049124,681ceeca02e70cc9,SG,False,False,False,False
cda5231e-1532-47d6-b709-6a5f74604e5f,1c5ea4c407d8bc8a,IN,False,False,False,False
2cb23154-2c88-4caa-86af-7eb888a3ba2f,0b158749b9e65f4e,GB,False,False,False,False
bcc4f32f-0e9d-45f4-9df5-c48cbb018117,bb3c48c256e353de,IN,True,False,False,False
f6ea78cb-95df-4eea-af24-61d982528d06,5e4f09307a241425,IN,False,False,False,False
29c67e92-4c21-46c4-b531-c2ac1d4669ff,bc8ccf590ba3357c,GB,False,False,False,False
b814afd5-8281-4e3e-ae44-b7588026343d,e4033f4d920432bb,IN,False,False,False,False
85da628e-5269-47ae-b7fe-856e72a1451a,92039f9e36476eeb,IN,False,False,False,False
3a5c3ff7-f31c-4276-969b-76903a0fadcc,be53702cd930580a,GB,False,False,False,False
61a5ea1a-1c7b-49d7-844b-6456f3ac91e5,b298a44b630cfa71,IN,False,False,False,False
d513eb99-b38e-4502-afe2-14093feb8515,8760331d9c12b477,IN,False,False,False,False
26c5f51f-1522-4d45-99ed-ad7aa4dd3242,ba4b842b1578c17a,US,True,False,False,False
8f75b749-1d7c-4b73-9f1c-1f4f5f8ad7f7,4e560eecde14e98f,IN,False,False,False,True
886121b9-c09a-494d-8c01-f202eee4227d,3d8085cb42928bd0,IN,False,True,False,False
d54875b4-6c0e-4109-96f8-fabf84ec26c6,68d75f359da0e3a7,IN,False,False,False,False
07ed3ac2-8c5b-46ec-ab8b-95d093f897b2,69fb800bcb0a0929,IN,False,False,True,False
e37fe6ea-5a36-4378-b1ae-2e265016956d,a3faa4f183863e04,IN,False,False,True,False
62c71bda-f446-4591-9c54-ffb0cb6c7e23,3f93c0d86491cbf4,GB,False,False,False,False
3df9f62e-153a-4618-a5b5-5327336ebaa3,051c7484ea502f44,IN,False,False,False,False
d6bf27eb-0b92-446a-ac01-b18bfa144fcb,a3679af4f618d8d7,IN,False,False,False,False
fe0f0d28-0320-48ab-9b32-907e905158d6,248690716cf279f6,IN,False,False,False,True
23d46527-ae49-4c1b-85d5-552d37eb4451,2998a02d9d6a8a82,IN,False,False,False,False
d73b5992-524b-470b-95fc-ce113d9262e8,bfa4c5137bad6c3c,SG,False,False,False,False
c57dc359-7a07-4b44-ad57-9a47f0f55c2f,016b392948ca9974,IN,False,False,False,False
2135900b-a019-4aee-9426-7351b8624075,260c8cd8861093c0,IN,False,False,False,False
4d2a96d0-8f72-4245-9952-33cdf17cce8c,b938cb4a71d1c044,IN,False,False,False,False
f6e4870e-e18e-4175-b2fa-3e8381f22fc4,1638bc288bfb539e,IN,False,False,False,False
9fd264b9-2384-4aca-a28f-d4b23b7a4eec,27d6fa5efdb246ce,IN,False,False,False,False
d20ec3fe-693e-449c-b306-1daa06c26026,a527b4e51515b0b4,SG,False,False,False,False
20a0fd21-5929-4712-8f54-48175d2fa3a3,6ae09c0076573943,GB,False,False,False,False
a5904d8c-3a0c-4cf8-80e2-56207fa44819,9e877386740d230b,IN,False,False,False,False
8c3d1fe2-8e72-4171-8f4c-0892d32de98f,a1c286c13609d9d9,SG,False,False,False,False
1b0c8589-d2bc-4a58-b11b-6a0b93eadad3,7d83341f46cdfa71,IN,False,False,False,False
6c76ee27-b14c-4647-b737-48e43daeeab9,48b80dd93b6ec4b3,IN,False,False,False,False
d1b68b6d-c666-401d-a88b-58f51f427c01,2541aa0fc0eec0ab,SG,False,False,False,False
dca6a5e2-eaab-4b1b-b875-63a84c85067e,74704292a6e245ec,SG,False,False,False,False
efc83df3-28d6-4cdc-a267-84352033d4a0,03c2e4c36f0ec6f8,IN,False,False,False,False
591e13af-d987-450b-a571-fb302ab692a2,65dc63e1e9a4ce49,US,False,False,False,False
e6deeb29-9b85-4cb5-b7ab-e546319a9866,f0df840ee796208a,IN,True,False,False,False
c4a5b74b-c2eb-4d8f-a727-d2b395658318,c1107596adfd877f,US,False,False,False,False
702c021c-3134-4c51-97a7-0495ba4efb79,795936766d4ff150,GB,True,False,False,False
1362b8e7-ef5b-472f-bcf0-1153c7690a96,87a642d646113290,GB,False,False,False,False
701e8b6c-db94-414e-aa0b-5be56b1dd6bb,76ef27e88fff4a17,US,False,False,False,False
58ccb6a7-68e0-4d15-a95e-3f44850b4c28,5d26cd5d58fc6f9e,GB,False,False,False,False
33eebb2d-8824-4471-ba8b-ba2cee91ac3b,49fb67f5882a9d53,US,False,False,False,False
d6aaa554-9cfb-4650-b73f-c8e04b23b8d5,fea0f209f6c4e4e0,GB,False,False,False,False
db65ecdb-94bb-4642-9f6f-bc88df3e8f70,5f411805c0d0b1da,IN,False,False,False,False
e2948010-c6f9-4ece-98e4-4ceeb7a5d5e1,6ffa07ace74f3c83,IN,False,False,False,False
82b73f9c-b121-4995-967a-bf040924eb26,ede04d4ae12ba03e,IN,False,False,False,False
12fa06d2-3d61-40f8-9e2c-594222eb64ce,4ee192151996f6a2,US,False,False,False,False
1cd75c62-e163-4765-87cb-279e4644d4a3,df4456b3ba4917e5,IN,False,False,False,False
ffba208a-96e3-4470-b240-20fd66c03205,eb7826658c9860f7,IN,False,False,False,False
d82d8eb8-cd26-4618-9f1b-1d25a18d0dda,450984f8110d879d,SG,False,False,False,False
2eaf1be1-9c2b-4690-9a4a-49c87ec2037b,f36035f2905fbd4c,IN,False,False,False,False
985277a2-16dc-44fa-b733-27ee05ddda59,4ae41dcc1762ccd5,US,False,False,False,False
9b76f946-12af-4823-a81c-a0844123ea36,f29070193356c3bf,US,False,False,False,False
41849832-f1ce-4ff4-abb1-ab8090743bfc,1fd7073eda2ce91c,IN,False,False,False,False
db35c62c-bba0-4418-8132-fa28e1998e59,89655d912d4bbcc1,IN,True,False,True,False
b5d1dec4-f7e7-412e-aa2a-92f6474d3802,0c920bd57d8a5226,IN,False,False,False,False
71ec1b31-93be-43fe-a3b5-1eefcaeecc4e,19bbb8bc5daf5d66,IN,False,False,False,True
ca9e3de9-ffd3-4d0d-8cb4-9bf6719d32d0,adb814d1506a0443,IN,False,False,False,False
2adff1b2-3fc3-4626-96f5-f63dd1a2e790,722d9f4ce9ca31ef,IN,False,False,False,False
480f8442-dee8-466e-8409-f5dc51e2a2fb,0e947cd5b556aac0,IN,False,False,False,False
95e3d94a-c9b6-4b1d-8880-9c673d2800fb,8e939671453983dd,IN,False,False,False,False
6107abba-e783-4d7b-9cb2-afc11fddf6ee,6c2f71ee2887246d,SG,False,False,False,False
1b26c2f7-805c-406d-adf6-54dd8e6c8fdd,126660dfd041a36c,US,False,False,False,False
8496c91a-b53d-4788-a71b-2f8cf1471e58,f3ba674f6d8cebf2,IN,False,False,False,False
aa85a6bf-c941-4fbb-a6a7-04ffafc46162,d5d0110bc9b3b632,US,False,False,False,False
59687e89-d040-4f65-910c-5e853a9aee23,0756869db3647100,IN,True,False,False,False
e629dd56-c5d8-40c9-bc41-d0c47d5e5b3a,a01c7719a7af7c47,IN,False,False,False,False
44aa342f-199d-47cd-8a1c-180e55e30c27,dbd31cbece09ec26,IN,False,False,False,False
986724d3-1f08-4470-b490-310170d1e8dd,f70d7b4ac4cbb189,IN,False,False,False,True
30a0034c-61a3-4264-a7d0-feec9b4aeee2,8852b58468315ef8,IN,False,False,False,False
c1d802aa-87aa-41a0-808f-7fbf1e3b5a7d,f1703602ee03add3,IN,False,False,False,False
da20e35e-71eb-4da9-923f-3bd32b2a257b,7ec9a64adae78c5e,IN,False,False,False,False
04bda61a-abdf-47a1-8d3a-daa3e75eaa61,1a04943d9b678e8a,IN,False,False,False,False
d6cdbdec-b20c-4d17-9b2b-6f58e18db40e,f45ae99b65a746b9,US,False,False,False,False
2c94b682-269d-4aa5-afef-864b15f4fcb9,516456ae5272c3ca,GB,False,False,False,False
aaf37ba0-32be-4b83-8d3a-23f6d82e1ac4,09c711fca886e7aa,GB,False,False,False,False
afbbfa38-5890-4dea-9cae-d1ce0031a130,1505190ab15e682b,US,False,False,False,False
72254ba7-09eb-436a-aa04-f578a8bd1588,a432a6991a605022,US,False,False,False,False
6f830440-b7e6-480d-a517-133de1362104,031601cf98496d52,IN,True,False,False,False
b5f02013-7ee6-443c-b2e5-c2434e386325,c018d176079fc0f7,IN,False,False,False,False
4e681468-822e-4031-9268-3bf9e008ea17,46cba0511f639496,IN,False,False,False,False
5006328c-8f0e-4a1a-a213-e229ab2d2009,35ff4c094e6eec38,IN,False,False,False,False
261cc501-2452-48e8-8805-dcd409c7f25b,4833be7bee2fd8ef,SG,False,False,False,False
7486a66e-dbcf-4b34-b267-bf7fabd8b438,665777936b5a06f7,IN,False,False,False,False
741a4da6-dcf1-4f45-b066-8b9729fca183,fbefc42190535162,GB,False,False,False,False
7b7f60a9-a238-4f9f-b3cd-57cb0d98829d,db0a1a7bdecd99e3,SG,False,False,False,False
0c79f716-c3c5-4704-bc6f-41ffe2100013,d819636f8ae2511a,IN,False,False,False,False
16a54102-b5b7-4d0e-89f0-c74b459a760c,66fbf1e59b132ca5,SG,False,False,False,False
0823a61e-62f5-434c-bc1f-b5b008288450,7f9aafdd4ccdfc70,IN,False,False,False,False
133c5032-8cfb-41ef-8cde-e34635ccf6db,bc6b07f136964569,IN,False,False,True,False
6ef9e638-af89-4b39-acfd-091ed3a74e66,12b6c6c79a61f926,IN,False,False,False,False
5fda2c92-f126-413d-b128-fbc8dc2d1f6d,427a1d289a672d00,IN,False,False,False,False
3e9d9489-2a5c-4e62-b650-4fd7e2c9a3d0,d0fbe9af0f311293,SG,False,False,False,False
7e910697-0546-408a-8ee9-3a0b7277d921,06429cab2aa786c3,IN,False,False,False,False
8a7e1ea6-6e8c-4b9b-956f-3982a1c9de20,cbaedb744e342730,IN,False,False,False,False
2c68d944-dfff-4ecd-af12-588571f79399,a8fa6cc043a14472,IN,False,False,False,False
6d2f32f7-792b-4851-a462-c4de68fef317,d3c925ba4863cb3a,IN,False,False,True,False
11b6abed-1fb1-4b7a-b234-aeec1e174417,ca5ed856a75dc814,SG,False,False,False,False
01e1985e-78db-44de-aa18-e97d58e846cc,349c713d889b389a,SG,False,False,False,False
c1527514-84ae-4103-a40f-1b02e0ff6512,8d0622252cd84608,IN,False,False,False,False
526c2c2c-e364-4365-b0b6-fe64a4eb6d29,613c978f1ca213df,GB,True,False,False,True
a0a6cd32-e450-45bd-9d4b-da37fd1b240f,7177aeb08b1f472c,IN,False,False,False,False
e2a349f8-4f25-4685-b5f9-c0d56b202262,a1bea47bf15b706f,IN,False,False,False,False
b3107016-3fef-4008-aa93-c3f06cb124e5,5d46279de84ca7af,SG,False,False,False,False
270c5fac-2a72-420c-a9b8-98ed148e4762,da841342150bfb53,IN,False,False,False,False
0228b0d9-22bb-477b-abdb-5dd604e7cbe2,16a681707d9256c1,IN,False,False,False,False
f9286e28-22f4-4b59-b4da-0e66d55aed41,7e22d3fca7feb7a5,IN,False,False,False,False
2f7e80c1-3574-45ff-b634-8d7c4a410682,c255a4828b034338,IN,False,False,False,False
acf6b119-0ac8-485a-9472-9569a98d62e8,acaa6b3d9c41e0f7,US,False,False,False,False
4572e4d1-b775-4801-b13a-571293ba8af3,0648b724adadffca,IN,False,False,False,False
d8a7eb2b-9f84-467b-bb66-1a4d43d7e5f5,0e4a5fd9e734775f,IN,False,False,False,False
cb72c6ad-9df3-4bef-afb1-31d7a426019c,04827cbc2f64a79a,IN,False,False,False,False
c7a71c65-8940-4d7e-941e-0dd913229a08,c0d4aa50a1576564,SG,False,False,False,False
91070a0e-6eeb-4ea1-9c86-7df762ca4121,bc400d3fa504a244,GB,False,False,False,False
4069f890-cd9e-4b82-9f37-6cc44c8c182f,2d8a4500e68d730e,SG,False,False,False,False
47b0e931-ddc5-4503-8212-3210ee04c12e,ad7055b1c1c5deeb,US,False,False,False,False
51a707b1-1041-4c38-9b5d-99218e047311,3c7bed81c942588f,US,False,False,False,False
6e205370-0695-4b9b-92cb-6635e11b3e68,45838963f5c2f0e1,GB,False,False,False,False
100a8852-2d2b-4fe6-8b1c-da71f5ecaef3,350dd9412a11fc71,US,False,False,False,False
0d11dc8a-e7fc-4baf-a472-a4c7da13d209,46deb5aa2213dacb,IN,False,False,False,False
2962d5a2-9536-4dc6-912d-e4eed11779ba,e4910bfe4a14bc93,IN,False,False,False,False
e4e777af-8476-49ed-afcd-2998c90332f4,608105271cb3bcc2,IN,True,False,False,False
28bdf4c5-445e-4a92-894f-b293bfaf9028,e9b820a4d84947bf,IN,False,False,False,False
3287c179-fc50-4335-b3d5-4a6408c138f6,7b52601bbcbb5b84,IN,False,False,False,False
c7ac3597-da8a-4769-a63a-29ed15c851af,fdd7e08d61d13344,GB,False,False,False,False
dd8f5104-08de-4032-a8eb-b63f191cb4ea,65ef789c139bdf6c,SG,False,False,False,False
e48b7df4-58c4-4f0a-a61c-828656778af5,6130c94ed1721d4e,IN,False,False,False,False
ade08ef0-acd2-409c-a02b-b856b12b6723,21df3517871ec28d,IN,False,False,False,False
a198f6a9-63df-48d6-8b76-a85ee3fd852a,1bdfbdfd1bd5f20e,IN,False,False,False,False
f8dbe70d-9eda-4659-809a-40589fae4fd4,81b8aebd04e0cc69,GB,False,False,False,False
674d6093-18f3-4b34-89e7-4160046c8f47,82a4ba4d691ccb8c,IN,False,False,False,False
abe9e071-9b63-4d82-8b76-69db4102de70,0a7f32bc5582d75c,IN,False,True,False,False
1b7cf2e8-7d04-4d0c-be22-ae13ee08dca3,3eee486f4d006e55,IN,False,False,False,False
940bd90f-603f-4f5b-85f3-332d5e54799c,d890f506aa3eab21,SG,False,False,False,False
6d0ffef2-c219-488a-8e23-f52601243694,ba5b6d47b61b2cd9,IN,False,False,False,False
a1e810c3-5024-4593-a968-ea4324830a49,346632402bc91f5c,GB,False,False,False,False
60833270-af16-4fbd-addd-7d7a5384833f,a6b6c5b9cc3ae58f,GB,False,False,False,False
a23c9312-8b39-4971-a783-c3f2dab392d9,667f53d72e7ea498,IN,False,False,False,False
de964ce2-e53d-4742-989f-40adc66a87b7,c242d6a1ef44b37e,GB,False,False,False,False
999537e7-00ff-460e-bb01-f0cc88e85107,1edafc66c28ee56b,US,False,False,False,False
9808f78e-5ebd-4715-8105-3e0568ab9e96,0b1125940322442b,US,False,False,False,False
a5b95508-7204-44d3-829e-ff40678b271c,9cdf7af2d37ccb9d,IN,False,False,False,False
7ab33d0a-2886-48cf-921b-a314484ab646,2b284d781cc5625c,SG,False,False,False,False
c2585829-8ad9-4254-b1e8-c8c6a3f3eafa,745a62964c4f3be0,SG,False,False,False,False
e7520d1a-199e-4263-82e7-66918d4511b5,957a9d6fc10daa4d,IN,False,False,False,False
526368ae-2fd7-4ead-9e10-a59a29302823,9dcca4f36f3d7782,IN,False,False,True,False
09a5a099-a9a7-4ff1-9e4c-fe6cbfba4956,c181c1d44ec44d70,SG,False,False,False,True
7157aade-4f16-4ae6-a8ac-ba94ea1b40ad,5dadc210b395a0a0,SG,False,False,False,False
3cdb1a8a-48f2-4114-a067-e473c27635cb,39ea1db70d5485f2,US,False,False,False,False
52d5a0b3-972e-461e-8ae8-eb3d4ad440e5,8142360f240d92c8,US,False,False,False,False
89ae0d6c-ffd1-464b-b134-4e0da9764e88,25d44936fa2a1582,IN,False,False,False,False
34d162aa-f7fd-4369-8305-0c7f7760a7f0,36ee0b4b63a26365,IN,False,False,False,False
b1a1b8b3-5d84-4258-a328-0e71a6a92f1a,a8cb8240a4680c70,SG,False,False,True,False
7c8dc174-2a06-449f-ab92-b7545d36794a,a5f0c20738699255,IN,False,False,False,False
a0c9fb36-5684-42c2-a353-f889da10fd42,3c6c9ea8beb45ad5,IN,False,False,False,False
79338ff5-e5b2-4794-9065-dcc6477d10e8,0673db4fd0d4892a,GB,False,False,False,False
d988ee8d-438b-4832-aaf4-aa67fb5b3a37,1e9de95d594d30f7,IN,False,False,False,False
d1bd3c01-745d-4b39-b3b0-5904270f0632,49c823e7de3921ff,IN,False,False,False,False
a652e8a6-4bfa-42ff-9131-50542d34ab5f,58a53fd88aaa17b0,IN,False,False,False,False
ce4e53a6-9f6b-42ae-a2d6-5004537bfdb1,92a9033026cc358b,IN,False,False,False,False
867a88f2-58e0-474a-9a49-8f214b2a5562,c81cb42f322b7ccb,IN,False,False,False,True
1439a883-ff9e-4995-bfc3-757694e2ed68,04d864f09b04f8f1,IN,False,False,False,False
bb07bf0c-0735-4d17-b632-8fa01da8bb03,a31429b03431f50a,IN,False,False,False,False
3d3e86f2-ef0d-489f-b38c-670e21eb42b3,1cb25b69291d60f0,IN,False,False,False,False
6a05086d-bc7a-4bc3-8607-99672c27c4b2,783a1bb71614df35,US,False,False,False,False
d07359a0-7bbe-453f-9d3c-c2916afbe8f9,4354a1e40d58110c,US,False,False,False,False
fc91527b-aa1c-4eef-a0de-1bf58062216a,b3b9fbc1053e47b9,SG,False,False,False,False
7f230033-9c5c-49e1-9693-5cb91805e326,111ba5cc887eafd8,GB,False,False,False,False
61ecb7a3-162a-4501-92ed-a7662aa901a7,32480cd50eace6dd,IN,False,False,False,False
bc18f424-3e2a-43cb-8b6e-6372ad180cac,2722b7b944dd253f,SG,False,False,False,False
a6e81244-5e8c-4dca-be09-8cfe72e9292a,2539f5486b4440e2,US,False,False,False,False
a3c0af0a-7d69-44cb-b296-0551842b702c,6ccfa641727ffc22,IN,False,False,False,False
f3870d3d-fafc-4088-8e29-10691f5efa42,2807d5bdca778c64,IN,False,False,False,False
7e7a711e-f437-4617-95cc-f3457cf9331c,25baafb221da53fb,GB,False,False,False,False
e88e279b-2a6e-42bb-aac7-afd6e901477f,867d90ea1af2e137,GB,False,False,False,False
10dafc66-6175-47bc-80f1-63fb787a2604,00029d4a34b7694e,IN,False,False,False,False
d04f3bbb-d947-4cbc-9d0f-a9771b0a7a0c,d46348370f405afe,IN,False,False,False,False
c87f4ed6-82ea-4bbb-9e8d-1c44645aba6c,e9e60c69daa83bef,IN,False,False,False,False
7d489bcc-3519-46a5-b6a9-114dffd88c6f,c7f9527687d86ec7,IN,False,False,False,False
cf138a7f-ba8c-43ad-92ee-0a60b0ab3d6c,32c30267a7272fd0,GB,False,False,False,False
5a47bc9b-f43d-4689-850d-7b420e96745a,b943050e99e81e4f,US,False,False,False,False
8490edba-7ba6-4dc3-8f64-1dd0bd8137ee,68eb986fc5f1caf5,IN,False,False,False,False
b3d13902-cd2e-4d34-85bc-9ba096d70e21,9d63a82f68c5e75e,GB,False,False,False,False
5848981f-88db-4360-862b-15d821c7d22a,e5431448fae6e1a5,GB,False,False,False,False
2eba63da-099d-41fb-9c76-078803fabdf8,cd6d09a39fe61aab,GB,False,False,False,False
b14f76e1-e6d3-444b-9f32-2e3f1ce20b7d,8b5173b9dac306f8,IN,False,False,False,False
91edbb42-2d64-4ae3-b52a-b858170e4c75,62809cd4d3e55c4b,US,False,False,False,False
5ce50ac5-d7dd-4921-80be-95dacfa520db,256950d290ceb0a4,SG,False,False,False,False
0ac6743b-3bd5-4ab5-a98c-ec1f394a3d37,b3aca0e214fd055e,GB,False,False,False,False
133902e8-37b4-4456-9485-e7bdd68a2c73,678fb2090c68edf8,IN,False,False,False,False
63187e83-1255-4b1f-9238-031828fed3e2,0eed7f7afa5cf1db,IN,False,False,False,False
89fa3a16-214d-42c4-b7c7-df5a3a9a3bcc,7e782c481b80f65d,SG,False,False,False,False
c99396d0-8d65-47bc-923f-f798e6b7e78f,ccf1eb815e37d2b4,IN,False,False,False,False
83fec38a-37e8-49ea-a7f0-f43da757e159,dbf80f10da83a3a9,US,False,False,False,False
d3aceb9b-d7f0-44f4-a091-e8dd015e5b00,4ba4537cbc8f3c0f,IN,False,False,False,False
ca74eb80-7961-466d-b9b0-f12723612b9a,9684c70d7a0ffc6e,SG,False,False,False,False
28780cea-059f-4544-a229-8b3965afbad6,c93ff80d120a6856,IN,False,False,False,False
8b2cae23-6b5f-4fba-954c-adc3becd71d5,088cf302a7962be0,IN,False,False,False,False
08a88463-cffc-43c8-9c4f-13e73e8952af,d885083385861836,IN,False,False,False,False
bedadec2-a902-48de-bc16-46a2c78a8919,740095052fe50be0,IN,False,False,False,False
b0264b78-4298-43d8-a558-2ac7a9e1beed,385d674173adc15b,IN,False,False,False,False
02fe1c02-b7ab-420f-8cf5-dff6cdc2d412,7cf3beb9e72dfeef,IN,False,False,False,False
0432d6c5-90ab-4a58-9492-7fd569f73f07,ec18d5acb90c2bdf,IN,False,False,False,False
3b01af1e-2ca5-412b-8bb0-d2f246e18d4d,6ffa5cb1cae6d6bd,US,False,False,False,False
7d3ee2ba-e11e-4484-8170-1bf2f44a3de7,15b8cda9f793adea,US,False,False,False,False
c8208dfd-0af9-4fb0-8a01-eb7a7d33314e,ffacb1d4d08f89ed,SG,False,False,True,False
5230ce05-6138-4a36-8f8a-25bcadd52b40,0517966ea4657052,IN,False,False,False,False
35002f6b-7ae3-415e-9480-97408530b418,ac2898815ad0ac17,US,False,False,False,False
6256986e-3f77-4994-a471-2dac63ff4263,3c546bc0c51e4417,GB,False,False,False,False
8a7932bc-1bda-49f3-ae14-8b680b353aaf,2f19c64e1b834591,IN,False,False,False,False
f888bab6-ae47-47ab-82d2-6ecbc46316cb,1976d37d45d5c615,GB,False,False,False,False
f134155c-ddee-491d-9ef3-5d728ff6dd4b,3196b35eb4562cee,SG,False,False,False,False
e86e0403-02b6-4c1f-b454-37ca665cca9c,8455b45acbf3aeb1,IN,False,False,False,False
3a9b50dc-3504-490d-ab78-349c37595cef,19e6d35232a9e603,IN,False,False,False,False
42ca483d-b8dc-4325-bd26-1ecbd94b7284,319509647c0cd897,IN,False,False,False,False
de06548e-17f1-4595-a1ad-5e8a1e31a275,929c26998bf1bd83,IN,False,False,False,False
de1b572e-6ba4-44f9-999d-5f13122161bf,4b81bef50b9102ec,US,False,False,False,False
7ae4ad72-2819-4af0-99ee-69efed1d8844,ac6c21014a726a8d,SG,True,False,False,False
35b6a4cf-3200-43e6-af26-a4b1358328af,a65abd999296605a,US,False,False,False,False
27c18eea-5a86-4d42-ac1a-7680237537de,43ae563cc8afb992,IN,False,False,False,False
28871e9f-c755-49d9-bec2-fccdc4bdc8f9,eec0445345ea19b7,IN,False,False,False,False
9fc52ff1-6d40-4fb7-8327-e9ab6661a5ec,a7aa05c8c33e8b3a,GB,False,False,False,False
002d2eb6-f076-423f-991a-b03f3e565cb8,3230ba0f045c797e,IN,False,False,False,False
c01cadf2-873f-4c8d-9ee4-d6f821d2ae6a,279f3d97986daa2a,US,False,False,False,False
777a70c7-3daf-4d25-8a45-124180aca47a,3c53c2e27818f188,GB,False,False,False,False
0c7bf6bc-a7df-411c-9fab-2e9aa84c1d06,06a72514b6721464,IN,False,False,False,False
b177c163-082f-4821-b9a7-ac4995cfe725,0314f609642c4431,US,False,False,False,False
c0f1bc15-4b35-4d67-b08b-a2836a4984ba,11c908b9b339f2ea,IN,False,False,True,False
fa574e81-af9e-4bf4-8a58-fa3b37efa1c8,3641853b68cf8ffb,IN,True,False,True,False
552fcdb8-aa4c-4574-86cb-88fbe7513f20,291c9a4fd9835674,IN,False,False,False,False
b64d13bc-691a-4e14-9400-b4fd7ce0a6c5,3318fda794e27a8e,IN,False,False,False,False
69efb29c-bb36-4387-9f6b-7bb357018842,94d9871317f53560,IN,True,False,False,False
c8bc84f7-90d1-4389-b666-a9ae77eb5e9c,e80f6a3a076166db,SG,False,False,False,False
1e574bd4-faef-4acc-b324-6fcdd9cb6ae5,4cc39de3c6399fa1,US,False,False,False,False
c7cc56e5-c414-4895-b822-02f42bb98939,ac4a636888f6017e,IN,False,False,False,False
c33afbdb-adc8-4f9e-8be1-684977e8de60,35d04aff26335242,SG,False,False,False,False
ab239588-c1c3-4e02-a2fc-40e3000c2331,75886dc89deba1e4,SG,False,False,False,False
7ebb0cc2-0d43-4846-8bfd-bdb74f398e7e,ab6a961e58b357d6,IN,False,False,False,False
aa53b4a4-ab8f-4715-ae4c-4b5ba495ec2d,d9278ed2174db206,IN,False,False,False,False
ed30045c-e2ba-4415-90e9-b4bc0b1811e9,179c5ac69dee8da8,IN,False,False,False,False
b40e7e55-d9b4-4455-9ae2-d4525d821804,ad628b7476f47227,US,False,False,False,False
2a04266c-9df2-4e66-ac3d-ae656a8db612,dbcf0e612a6e773a,GB,False,False,False,False
61138b08-a307-4af0-9ed2-0ba046605198,1155f29dee91d401,IN,False,False,False,False
3ec218f1-d444-4c95-af0c-2e16c5495707,3ca0c07d0008b43c,US,False,False,False,False
d00b19fd-3fdf-4a09-a29e-8a228377a114,a72e397b71355776,IN,False,False,False,False
1e358795-1b24-4dcd-a90a-26f6c763eda9,cb72f978efd245a9,US,False,False,False,False
84db74e9-9d42-4ab6-897e-b48e63874e7a,62ad6dcdd1b02150,SG,False,False,False,False
9e1a6803-b994-46ea-ac51-a8bc55d43ca5,dee510821f656d90,US,False,False,False,False
702dd542-ce43-44e7-8185-164229141f78,a615ac1d87fabb58,IN,False,False,False,False
ff0bae12-a6f1-45ed-a0f8-22e662f0ebd5,4b25db1cc38f7cdb,IN,False,False,False,False
dbe0320f-3a73-444e-8f57-ffe27d898a5e,a757ff0126286dc6,SG,False,False,False,False
46746606-17cd-4025-a1ac-a8659930e93e,29dd10cf1cf624d4,IN,False,False,False,False
d94e3255-04d1-45a1-8c05-6e488c2daee5,d4d0d67baebf9019,IN,False,False,False,False
cb51c4c4-9217-4460-95df-925de1c738a2,878ef482716d5c6b,IN,True,False,True,False
8b949bd3-bec7-4f6e-99d3-0820eacbb12e,dbfe8dfe8da0c720,SG,False,False,False,False
51bc57ba-340f-4d90-b582-51006da6758f,b2033473551290e3,IN,False,False,False,False
a592cb23-2334-4ca1-81af-f4b65c0f8618,cdbd93ce6de86c14,SG,False,False,False,False
79dd7835-722b-485f-bf92-662cdad68f9c,283a57777ea10f9e,US,False,False,False,False
4d212299-16ee-4657-bdd2-c887082d95f4,4888e7e0862f7fe7,US,False,False,False,False
c7aeb062-681d-414e-aab5-75e7f76dd678,8e696234199fc589,US,False,False,False,False
9b250f58-ecf2-420e-a2fb-83bfda802afe,b5de26dd5caaef47,IN,False,False,False,False
8923f07c-b06a-4d89-aa13-49b6b3189906,9442d89f17000535,US,False,False,False,False
d244df67-9262-4ca9-8541-b075c69051f6,fc846ceb75056f18,GB,False,False,False,False
db0c41b8-3660-4b6f-80de-ad20598aed74,5d4666fa4c1f6e92,SG,False,False,False,False
ce931dc2-e4c9-41ef-8bdf-bcf8aa251a48,13725b9092183a2d,US,False,False,False,False
0b4daa21-d0d0-478a-896b-c9769d8f2b64,4f0fdcaa7f47cf89,SG,False,False,False,False
56208a25-7e09-4312-abcc-80c7d0b50ac4,0ba95d06632bb23f,SG,False,False,False,False
b5d075f3-8476-4e24-b33a-67495489e1e8,7f4198d729d84347,US,True,False,False,False
2c33b0fc-8bae-4028-9f03-692745d7dd01,f05299af20a202c1,IN,False,False,False,False
7ae60a15-a585-4955-a47e-b8637e3fe8f1,208601dd7132e9da,IN,False,False,False,False
f47f3766-40c3-43f5-a004-a5cb41bc91e5,e22fbc5267b0aae3,IN,False,False,False,False
bdf3a1b9-36cd-4802-9f09-4295052ab0e7,4c3a9ed024351a5e,SG,False,False,False,False
20e0028f-8331-4e2b-8cdd-dffccca70d0e,54d6924c9870bc24,IN,False,False,False,False
74b37480-abe2-46e9-aa11-12ba2e1db472,77c35e2b951db6c1,IN,False,False,False,False
545b2ccc-6f52-49b5-9c42-885a740f1450,9195a3947157814f,GB,False,False,False,False
ee049832-26df-45da-91ae-e8f2dde04dab,0287e6c3c3f0cc8f,IN,False,False,False,False
21dffdf9-a22c-455e-8f23-89e872b890e3,258d0571fff22a63,SG,False,False,False,False
abe12b09-e56e-4950-b05e-97784c5f847b,16407be603120606,US,False,False,False,False
a53f8f22-3347-4ea6-afea-2be825f66a90,702cdda3065cd022,IN,False,False,False,False
919813e5-b434-4016-bb4d-2d9671189de7,f563434c469b8e22,IN,False,False,False,False
d62b7336-c6c9-43a8-8180-d52c672d4bd0,e28e229c68c6c661,GB,False,False,False,False
b7f118a7-eccb-48b9-8912-93f274ed8164,1d1f8b9b53ecebd6,SG,False,False,False,False
41de1159-8697-417f-9466-25ab33171cdb,459f0408d5c5838b,SG,True,False,False,False
544a3e3d-bbef-46a9-92d1-a3c2f05d760c,be0583fd59cfa353,SG,False,False,False,False
3a4379b9-28ea-420e-8493-2b02a04c7e86,9dc10602f70e89d6,IN,False,False,False,False
6dee9429-8041-40a8-8a45-c11b6bc1b398,0c2ae253b7764d9e,GB,False,False,False,False
a7eb5fac-1345-41cf-8075-dc5c949640d0,e03d304e1762e019,IN,False,False,False,False
749f5732-7796-44f0-8974-b2af9a06175a,35a34560c158806c,IN,False,False,False,False
cb9810ec-658d-478f-b451-461b5f5f2797,17f8fcf923a81728,GB,False,False,False,False
b723db1b-12eb-44c9-9aed-af514069e2a9,ab8de79cbc0744ba,IN,False,False,False,False
7c5f3b89-0202-4052-9d8b-bb8e4e2dd99c,f4e9439c2b56bdf3,US,False,False,False,False
d394926f-f220-4a08-be44-08e0325fb100,dd71208a94d7c0f4,SG,False,False,False,False
958f84d2-e915-43ac-afa1-d8b073b34a55,d228584a71de9f8d,IN,True,False,False,False
97494714-f406-4abc-98d7-ae313ef30179,f01cb419b6ba4514,US,True,False,False,False
98560694-ccd8-4945-8df7-dff25b8ae686,afe0d316ce907c0e,SG,False,False,False,False
00d349b7-033a-4ea2-a4de-dea009c57a34,c54682ac3bca122d,IN,True,False,False,False
8ea3825a-cb7d-4f47-8a3c-0ba03e704a06,bdb4e0a07be66ea8,US,False,False,False,False
5bcea0f3-d63a-4e94-b0f5-f93b942a23f0,d993cdc8ec47ee28,IN,False,False,False,False
469b3aae-acab-4679-b221-7b489b69d419,ddf4d048a03229dc,SG,False,False,False,False
4f75a889-73f4-4a17-a655-2053445b7d90,69bfa4ae242ce663,IN,False,False,False,False
54a57040-28d4-4bc6-958f-12bf14253aa3,4bc7f2d91eeaf3bf,SG,False,False,False,False
49619f61-bc77-4702-8b51-1abdb70aa732,9d47f72f4bd0568e,GB,False,False,False,False
833f3659-a659-4a03-8598-7dcbccb8da4f,296475aafb79ff75,GB,False,False,False,False
28a41857-b96f-4ff7-91c9-761a8aa38cf9,d44fa92880910e87,IN,False,False,False,False
199fe993-0a9a-4329-b7d8-cfe0efb92bdf,de6907aaa1ea81a1,US,False,False,False,False
410e2e49-2f2c-4788-b352-86de0dfa93e4,4785cd20b47c1aa4,IN,False,False,False,False
487cca00-1472-4bd5-a5af-5e35887568a9,c3fac4e2f3bc8510,IN,False,False,False,False
9f635937-1133-4b20-ba78-9582df587625,c33cb1148ecee8bc,SG,False,False,False,False
1bb82a5a-c389-457b-9c8e-046019f56394,eebda4c46daf973e,US,False,False,False,False
ce2d9f6f-7ffd-490a-8d76-1f5d1304686a,5207b22d371dae8d,GB,False,False,False,False
59c40d4e-8eb2-4007-8f24-1734e747d386,a0fe3b707aeb6273,IN,False,False,False,False
a0f709a3-7152-4500-9857-a22999c8ac4a,1b0ceffc2c673b27,GB,False,False,False,False
54bff1e6-af3b-492a-9b02-4fda5f524299,2f69121038039e14,US,False,False,False,False
b73f44f5-83ca-4164-9c5d-7e01c100cee7,b065bdeefd0ba523,SG,False,False,False,False
bae4767a-0ee4-4063-9439-66a3c7e0ac0a,d238fe11ad6a2d73,IN,False,False,False,False
ee3d3b2d-f2ae-4885-98c1-983ee94a4208,14228260f9a5c797,US,False,False,False,False
28f30fc9-3b87-4564-abc5-ddede5fc89f3,772acd296eae3118,US,False,False,False,False
21db7ca8-2dc2-46a3-9a65-6e7ac72000e7,5887fd6c2bba72fa,US,False,False,False,False
69f43769-03aa-4670-939b-83c1cea28232,e0330bc57fa99ab2,IN,False,False,False,False
4564df00-178b-40ee-acb0-97d065214fb3,1bb5618ba5ec83b2,IN,False,False,True,False
da758642-fd0c-400d-8ffd-b198fa106c8f,8c0db67f290ce305,IN,False,False,False,False
fb8c7990-e8f6-4948-acf4-c01bb2ca26dd,b78dd03d3030600e,US,False,False,False,False
88d40d7e-f9b4-4c3b-85b7-9263f992d0cb,0bd13045b3a833aa,IN,False,False,False,False
1a7aea81-292f-4321-9297-2ec65617958a,e4e630b76fb2bcb7,IN,False,False,False,False
d0608d3a-5fbf-4bcd-a4f0-1041a95440e4,187c40eed69d0f24,US,False,False,False,False
94b56a9a-c786-4769-930a-4523b074d406,a0b0dbc8e8607898,IN,False,False,False,False
1ce9f30b-81a3-427b-8e78-f371bcedeb17,38e92ee26b731f72,GB,True,False,False,False
717b08b8-7487-44b2-b352-e00e53010507,8a8a1df5bd326beb,GB,False,False,False,False
9d384e26-617e-4b56-91ea-be7da1ca1b0f,68a3403385280fa1,IN,False,False,False,False
c73a68fc-b5b1-478f-b68d-af32b8b6d622,ec71fe5b8be5a5f7,IN,False,False,False,False
bb1f15df-bed5-44a4-bee4-4998c4892158,8468491b582cc3d3,SG,False,False,False,False
4a84f8bf-2edc-46f1-b241-b866a13c1499,a23ecaf3c574cae3,IN,False,False,False,False
72b77cde-0325-44d0-8d55-a8248bb1550d,6f3c75052d17c4cf,SG,False,False,False,False
65d06925-9dde-4f93-bcef-6f344562445a,c85fea9ffae46770,IN,False,False,False,False
5fb41608-4796-41f1-a632-6f6fae0edf73,4bac429926c05eab,IN,False,False,False,False
c4c3a0a7-b7ae-4a20-b627-5fcdf62568cf,526a47649cf7cbcf,IN,False,False,False,False
01f8c716-f4e9-4670-a2a7-0ba3d867235f,37199d46da6c3323,US,False,False,False,False
79b561bb-c36f-4247-a069-d19edb93401f,7336d6a1affac9a7,IN,False,False,False,False
a215657a-9818-4f5c-80da-8eddf2336b09,3ff5190314baa116,IN,False,False,False,False
cecf0262-f24c-4e6a-933f-c465fe195886,c9280fa0d6c3a534,IN,False,False,False,False
fd2162f8-91fc-4470-b1a6-7f9f4379027f,e50ef81c05f27fb2,IN,False,False,False,False
f0acb9b4-890a-4d90-9d60-b5184c25c0e6,0bd1e5ea53905b1d,IN,False,False,False,False
c6198504-0aff-4c19-a690-22dc8a6e48af,3bd4bab06ca893f9,US,False,False,False,False
80f53238-329d-4b73-acc0-507f597491c4,02d0277d8ad27887,GB,False,False,False,False
39729e74-77f1-4f20-96ce-55fe3c176552,dfee59c6309c517d,IN,False,False,False,False
64da3b8d-2e87-4f3e-9e5b-2566d242b7a6,e44146f4d713b199,SG,False,False,False,False
1fe2d8b0-9bff-4927-bd90-d322725dfb5f,32cbedc4b4139f7a,SG,False,False,False,False
059621bb-926b-4873-939e-07ac6f66d0e9,8c2ff865c425f9cd,GB,False,False,False,False
b7857dab-a25c-420c-961a-dd4e36103ca9,983b48fefd6a8b52,SG,False,False,False,False
5c196daa-f02c-45bd-a128-46df185d0501,12ab0b1ecc24a85a,IN,False,False,False,False
47b93e8c-45d6-42a7-a031-b6eb7c5e387b,a432522e07cea024,GB,False,False,False,False
a9d1a6bd-a3d8-4ee6-9157-725d4f689deb,fa27d3e073b03a7a,GB,False,False,False,False
bed124a6-9726-41c7-af2f-1a4ee1a19b97,b0cc7f280a85e439,US,False,False,False,False
ba79b5ef-ca41-41b9-9990-13a35f5793cd,31550cf40cfbbbcb,IN,False,False,False,False
659640f1-73cb-4e79-8ba9-707e6c243d78,c5f3890f4dd780dd,US,False,False,False,False
1aeef70b-c840-48dd-b3f0-6c234ace5aa8,969311144683bbd8,SG,False,False,False,False
d006a6e6-1501-4473-9c27-97cfcdfd14b6,d9d21002ffba8524,SG,False,False,False,True
456174e0-4e09-4ad0-a2f9-248dc4ea6c60,b7d94e4b61521389,IN,False,False,False,False
130b7b5b-c47b-45f5-b33e-1192a2343061,df27a3c7cbfaf6a7,IN,False,False,False,False
618c3c93-b1b5-4d02-93e2-56915abf598d,2ec7c8d1e87a2aa5,GB,False,False,False,False
3140b52c-83db-4b38-9b0a-1e9bc14833e1,ffdae511d1f42540,IN,False,False,False,False
a80e9f4f-258b-424e-8dbe-d0fdfe55aaed,b2c287ea18392260,IN,False,False,False,False
ed339afb-a64b-430c-ae49-5be22dd6aa7b,e2f0a66726644171,US,False,False,False,False
0fbba912-7c3f-4261-ab46-00c901085c82,c3c5bf29e9076da6,SG,False,False,False,False
44d07796-4d71-43d2-bfe9-b85f2e3fb106,8ea332bb048d8588,IN,False,False,False,False
77c94ca7-5680-43b3-9d32-aef331b2bfd1,8f1bbadb6aa5b8a3,IN,True,False,False,False
47487270-9859-47f4-bff8-0a75023cb89b,a71f6ae7dae87cd6,IN,False,False,False,False
ca3bf3d2-449e-4dbf-bf64-06df30ac0b4d,f7629129be32d71f,IN,False,False,False,False
8ed32cee-48c6-4166-8b31-52ff924bb384,5cbd7b2290890a55,IN,False,False,False,False
f1cf5ce4-da98-4d09-af02-8523edf0437d,4dd50da109c031a9,US,False,False,False,False
21dc9147-080f-47c3-a9de-ba6ae91c7976,143814f125293c48,US,False,False,False,False
3d3f34ab-a944-4369-b32b-4c8b49a2c6a2,56e87bb44374cfd0,IN,False,False,False,False
a0e75340-f81e-49af-9f20-b79c170e9c0e,a9d3507ec040a11a,IN,False,False,False,False
527a9183-c02b-441d-9422-87e3c9124d96,f8fba0c5cc48f028,GB,False,False,False,False
1c1638cf-bf9d-4ce5-8a3a-83c9c87ee05f,a4227ba87308f917,IN,False,False,False,False
849f665c-5141-492c-a1bb-9b2128aaddf0,8b731ca77db54b64,IN,False,False,False,False
ed7a1ee2-7f60-4812-a665-24c3f5d35973,15c69c639ce661a8,IN,False,True,False,False
9d2b3910-6df4-44cc-9d69-8093bee9e30d,7e257237c675c60a,SG,False,False,False,False
027ddec8-fe36-48bb-b2e3-87075de9809a,13bb927275cf6d14,IN,False,False,False,False
15cf2cf9-69f9-460a-9f44-5509d200a937,e7185739e7d049bf,IN,False,False,False,False
82022baf-fb54-4090-910e-6561b286ec31,2553a2d700a1130f,SG,False,False,False,False
1ffd9853-e3a6-458b-a541-9b49931a383a,7c258e6416b83c43,IN,False,False,False,False
9bdf5bda-822b-4c6d-8cf8-ef75075d65c4,2ece1ed4497468b9,IN,False,False,False,False
5d56625a-e0fb-4496-9ad1-8a59db6d88dc,4d650217780853b9,IN,False,False,False,False
151119a2-476d-40c0-bd78-b0037b3a4e00,1dc4fb679016e819,GB,False,False,False,False
aa50a8bc-f18a-4501-9427-2ec3c49cfdaf,4b0ed60d86a24c71,GB,False,False,True,False
383de2d0-9526-42f1-af08-56a41724f28d,110b7751decca6fc,GB,False,False,False,False
8415dea9-253c-4e12-8f68-a87e4c233688,c891dd1f17dacfd4,IN,False,False,True,False
e80a6f0f-1f49-4ab6-b560-601950c44602,3d974938fe134fe1,IN,True,False,False,False
65c2366e-6f1e-40f5-814d-2227faad5d87,45ff6d7584219100,SG,False,False,False,False
09297c7a-b668-4a0b-8dfa-b53c1d9d06e0,14f7425e08c0482b,GB,False,False,False,False
d1d04ba5-e087-4255-93f6-e7a57239498d,0844df9a61e7229f,IN,False,False,False,False
98b87447-301c-4e86-b58b-ba4f82e5a2c5,2ed89bcf6ecf7c0b,GB,False,False,False,False
a09fcb1d-f29f-4609-aabc-0b2eb644aa74,514008d08e20080b,GB,False,False,False,False
b54ae500-82b3-4f27-82a4-0ddd1244131b,e9f6dfa8097562af,US,False,False,False,False
08b26725-9aa5-4e60-a5c1-04262e313863,24b1989085f1c596,US,False,False,False,False
04fda810-bce7-4a94-9270-c1ad52c3364a,d7ead0e785982675,IN,False,True,True,False
5f008849-eaa2-499b-a5f0-c0ddf04541cd,8d64c68522699fc9,IN,False,False,False,False
518a8415-3f5a-4c8f-8b10-229e77914b38,681a6be1af281be6,IN,False,False,False,False
adde0386-1d85-47bc-b91a-d422c08c539b,9ffac6f44b42c0ee,IN,False,False,False,False
2184c190-5f44-44fd-a91b-2d24d7d35a35,e30b3f8e34657f9e,SG,True,True,False,False
afcb8600-dcc9-40cb-be36-050ecc7a9656,beacf75096a542e3,US,False,False,False,False
e0a6809a-7183-44a4-a1cf-0416a5c5bb58,aedb52ae3f99421f,GB,False,False,False,False
2a829445-c560-46b9-aa84-90fb9f3c6fb9,20da281f803a0673,IN,False,False,False,False
46c4b53e-b0c7-453a-8473-85023e644080,903162a1c3cfc424,SG,False,False,False,False
3b17a9bc-57c6-47bb-8687-2838c0f966f7,bab7303516418f2b,IN,False,False,False,False
cd266443-7ffd-4180-9d70-855b61319463,d819a0b1d0685aa5,SG,False,False,False,False
1a1e5a73-eac9-460d-ac0c-2128f265eac7,99573a17967ca861,IN,False,False,False,False
21564de0-eac2-40fd-a395-87423dd7c9e9,a29259b0cb211e79,IN,False,False,False,False
92c3d02e-a915-4dfc-96d6-02a49653f157,5797edada3ea2b2b,IN,False,False,False,False
46d011e3-d6e2-43ae-8ff4-c94ec3bd87f9,eb807b5251df6d54,GB,False,False,False,False
cb74c27e-0a03-46ba-bb44-ed94651b2cc2,81a3dbb8d47bac74,IN,False,False,False,False
d11435cb-ddb1-4b3c-8ae1-9c788c69bff7,89865f2fb2af5b0b,IN,False,False,False,False
d5b8c171-d90c-4912-a7f9-ac750a9608bd,3495f5883d9c28d5,IN,False,False,False,False
b28e1ac2-1e82-4708-aa46-ce0f585a8618,7421e13c96f179d1,GB,False,False,False,False
59beb024-bfa1-4d3c-b127-836aa8fff0d6,985beab72b12d918,IN,False,False,False,False
d16a7074-b046-400c-8e03-97b6bbc0fb1e,d816eca4db2ee333,IN,False,False,False,False
dfed9eb0-0cd5-43ff-bebe-e6696aee6d80,31db7cb5ad3f6167,IN,False,False,False,False
dc927800-4415-467c-b942-22ad513bf7f2,7f57c0444fd254be,IN,True,True,False,False
8c4be2d4-cc85-4f2e-859f-700498304ddd,adf4d1cce1dba119,GB,False,False,False,False
c25ce493-0fd9-4ceb-a914-a04fba0e5507,de6e55a009660965,GB,False,False,False,False
0f4f7639-0c6b-4262-b6ff-0fe6a952e194,3c1c3f3f0f42e732,IN,False,False,False,False
2866b6f3-0fbe-42a4-8591-0cf64458d8d0,1beff456147de26e,GB,False,False,False,False
f2b82303-cc0a-4434-bd50-4bfcd6f26e8b,b587645a9ba73744,IN,False,False,False,False
a30656e5-a865-4981-a675-7447a75edbaf,b3bdad84605b1b63,US,False,False,False,False
92ca89f6-ab76-4e64-953f-6457127a5c4d,53cc74c6bbd18e6b,IN,False,False,False,False
7f98bd7c-32fa-4b20-a18b-11c1f3c5694b,bf8e8c748f0edd77,IN,False,False,False,False
e6776cdf-2feb-4e91-969b-dd1bdeba2ecf,c1cca49f0a85dc54,IN,False,False,False,False
50fc30ba-1eda-496c-852f-00a48c904311,624e05048f3afb88,IN,False,False,False,False
52ed158f-1702-4e5e-b3b7-c5d74b2f5980,35240413c2d2a51e,GB,False,False,False,False
44963bba-b0b6-4c15-82a6-dd36cb14a84b,855ddedcae7d3418,SG,False,False,False,False
cb4ac809-0cb3-41cf-923b-fd145358ad45,d7743f5b2c20cf56,GB,False,False,False,False
5b3488ed-5b46-4b03-8a6c-c76e539192c8,dd4eaa4032ff6c85,IN,False,False,False,False
10f61b84-7753-428f-af08-3bab1b6a6287,d29dac522e192b22,US,False,False,False,False
55a51244-0b1f-4e09-befa-d17302035660,4b384119a1e2e9c6,IN,False,False,False,False
b0c18671-32f4-45e0-8afb-59f28dfd6e9d,e6147e2047fe442b,GB,False,False,True,False
4d8ec8c7-f2da-45bf-b6c1-ab69edc04795,750830e9238b24dc,US,True,False,False,False
54bc25f9-d4bc-430d-9970-4b7510cc90e6,05adab74f0c60a8e,IN,False,False,False,False
b186a947-8958-4056-9e78-2f5302c79684,32690eebe6dbb694,IN,True,False,False,False
1a9ccd81-e1b1-42f6-a06b-04036bab9a6f,93154874d496b275,IN,False,False,False,False
93dce855-dfe2-4f3a-b867-892dc6ec0168,300014951c570101,US,True,False,False,False
b2071489-51fd-4a8d-888d-4add00845019,81a894262fe2c618,GB,False,False,False,False
25783735-aa8c-4d37-81a4-63bf6a415807,6ec03a49e81c86cb,IN,False,False,False,False
932954d4-cf8f-4eb3-b3ed-47c834706ae8,da18a84a89c05019,GB,False,False,False,False
5219a93e-2ada-4e95-96da-1611307cbbc3,45a03b09edc15ca9,GB,False,False,False,False
b0b6f69c-bca1-4c54-8f3b-1295c9ef4e3d,85d7d2241eb6a1ed,IN,True,False,False,False
40bc394f-1c01-4d52-ae67-0fe996e1572c,bbaa4f1f52e4352c,SG,False,False,False,False
b5a0a30a-3faa-4c19-80ed-45924d2c9e7b,854f2d078d7c3ebb,IN,False,False,False,False
78619bb3-48d9-4df7-98da-4024879d2743,4be23edb4f0ace6e,SG,False,False,False,False
d00f65d8-9d18-4230-8c1a-bf4efcc6b8d8,d09aabac777a9f0a,IN,True,False,False,False
a6802da3-8de3-49ab-be6d-1f7f5e8ae2ea,140ff28c14fd0a46,US,False,False,True,False
667a9591-ca99-4e81-bef6-c6ed8666797e,ca91cce285fc811c,IN,False,False,False,False
e1997116-6722-4afd-956a-b1b83c719c1f,cfab68ca9c39fcf7,IN,False,False,False,False
00cab7a7-5918-44eb-89f1-2345c4e46303,28836dae349d27f0,IN,False,False,False,False
14d78b04-a9cc-4be8-8e80-634f6f436ffa,2ce7c9de65204135,GB,False,False,False,False
4f041718-1265-458b-abd8-c113d6ebea55,eeea692f779c2f11,IN,False,False,False,False
abe60792-bd04-4e0d-addb-9f1b1ad6e0d6,5b6c819df1105982,SG,False,False,False,False
b71f07d9-7947-478a-a79b-fd591988bd70,2cca93fa9b34ced1,SG,False,False,False,False
f2c09a7a-4ad1-4e2d-9f30-f12c2e20c774,17ac9fdffb5ca3a6,US,False,False,False,False
53bdc2bc-e58e-435b-843f-8a276b416868,a13f0ad8a024eb21,US,False,False,False,False
b13adb8c-0d7c-42dc-9985-30e46009f770,336074f85f2b88a9,GB,False,False,False,False
8e0c6dda-286d-4b60-b7ec-2f00f07bee7b,b126fb704134886d,IN,False,False,False,False
b2e079ac-1bfb-43aa-9aee-efd41fc08379,dade23109799cee1,GB,False,False,False,False
51492f13-ddc7-4d4e-aa6c-3cc9e8d46a10,29481685218171ff,IN,False,False,False,False
644f7e3e-5658-4f84-b34a-d69f3ee9f18a,2e305a5f8419c844,GB,False,False,False,False
b886dd79-0caf-4519-894f-adce42b12517,8d09e7f1e6e40131,IN,False,False,False,False
e3524188-f659-463a-8808-5c665fa203c1,d5a558c1b06c7881,GB,False,False,False,False
39fc8f44-fe95-4dcb-b5c3-6909ae77f03f,e207f436105c1c3f,GB,False,False,False,False
b6351510-e16d-412a-a885-c0ff8441630b,74ee9c2543df6d94,IN,True,False,False,False
2b4da76e-272a-4bac-93fe-f92f984fb9b6,7803c4b9dd680a2e,US,False,False,False,False
d755d1a5-c403-41d7-80c5-fd6d5e864ae3,35b70d416cf3d92e,IN,False,False,False,False
2bd1a7e4-3ac2-4abb-b84e-8ee53fe43578,5dbd2594f95ce2cb,IN,False,False,True,False
4d3255f9-63ff-416a-bd32-a12e48e1c1f7,97467e545f7b6338,US,False,False,False,False
32389a60-b7e4-4957-a245-886605a7e790,7bf915e5ab8bfa49,SG,False,False,False,False
9d601d8f-0d13-4c92-8c1d-a28a22c5c8b6,c3b0cf7bc0b5dd23,IN,False,False,False,False
63e823d5-cafb-46ac-b273-f7ae6d69f7fa,59063f83aadac5e7,SG,False,False,False,False
90edf54b-f304-403c-b3b6-00c54ce676bd,4dfcedc7946b80b1,SG,False,False,False,False
916963c4-9976-4bcf-b79f-42fa1360b489,d4c9cd1350b4386d,US,False,False,False,False
496b53a9-cb1b-4523-b31a-af408cb42058,30ca71a24cd14ac9,US,False,False,False,False
2b13d71c-df2f-4100-803f-c7f76144ee98,1cae53321459bd3e,IN,False,False,False,False
d6b49c14-700b-4131-bc53-27ffc88fcaca,e4bf4dfb06e9a89b,IN,True,False,False,False
a4da14e8-d134-40da-8a4b-ad006fe794bd,32eb10e0e4ded6ce,US,False,False,False,False
6a1346f8-13a8-487b-a896-4e27fd093bea,47fbd7d5d0366db9,GB,False,False,False,False
6370cebc-4de1-4f19-af98-fa4765ef397c,37e86bd5f4e152d0,IN,False,False,False,False
fa175908-0b24-4b79-b0c5-994355dfb996,827cf4a413a7f447,GB,False,False,False,False
47b37a10-bcec-4bd6-ab30-691a12456ee1,9aa5a43e43cff8b7,GB,False,False,False,False
9d3b3b8d-3037-44ea-829e-6ffa00ba4c90,b33fd1160474315d,GB,False,False,False,False
4fee3256-0492-4fb3-afe1-2a63a67f65e2,7e3aa4db88194a26,IN,False,False,False,False
6e12e8c6-e984-461a-bc0f-836dbbd357ad,5304fc74e5eca6a8,IN,False,False,False,False
f12f6669-aa93-4ed6-a72c-9b114ec5a04c,9aa567c04c21a58e,IN,False,False,False,False
58baf368-de7a-4229-9296-b3f43e13f965,5145adaa38baa9c6,SG,True,False,False,False
6110a4c5-1316-4c0c-ae37-1e4ae3d81dbd,604a21cd291f831c,SG,False,False,False,False
1bb96bf2-78ba-4e7b-a3f3-0540afc68458,7f4046d2f253d16b,IN,False,False,False,False
92dff098-e33c-4213-b728-2ef50c67028d,31fa9973b56f4827,SG,False,False,False,False
46c17a74-d3de-4826-a7ed-f2ab9a8a6b9d,977dff72f447360c,US,False,False,False,False
75314229-282d-4846-b56e-3d0212d01435,784fda6a1402a229,IN,False,False,False,False
49011081-2c9d-43cb-8a48-65551b866576,2e155670ac455f29,IN,False,False,False,False
d1773a22-2a97-49ab-a5e8-b7fae84d9212,4bc4d36314d4efca,US,False,False,False,False
26803606-b5c3-40fd-ba38-c2536c8094cd,1a62689e9e7d91d5,US,False,False,False,False
ce0b51f6-d147-4051-9217-a023958b7ecb,996b8e2485e51f0a,SG,False,False,False,False
98949571-0282-4e2c-97a0-15a5e18fe282,cfe0a368bcce6eb5,GB,False,False,False,False
639d44bd-4696-4475-8b77-4a67ec45dc58,f2247ab7054e46ff,IN,False,False,False,False
72bfa63f-1c2f-40b7-a763-fa9244e12d63,ef1100a4355cd26b,US,False,False,False,False
e4d5fd6b-ce49-4e61-822b-94a8769e7ccf,a02df9d54397e299,GB,False,False,False,False
cfe0ac50-17c0-43c7-b03f-23ecb036c8fa,e4f81c8528cb82c3,IN,False,False,False,False
844e4e7f-6904-4f46-8cea-e7dd3c57a07a,b385c5695c664964,IN,False,False,False,False
c3e08d03-544a-418b-b691-3626a749e509,98c5a5adb309bc29,GB,False,False,False,False
a11016a7-e701-405e-b04c-432176e292b5,6fe6caad5d7e5b47,US,False,False,False,False
668a88c9-0b31-48b8-b403-b0725d6f12db,75a3380ce95c41bd,GB,False,False,False,False
db5c9434-0a44-414c-b1d1-deab578e2b1b,fed4b285cb023e48,IN,False,True,False,False
b0335bee-bb9d-412a-95b7-476cbc0e6a7c,3bc998895dc36778,IN,False,False,False,False
b0b41b3a-51ca-4a74-bc46-e87d0d868263,496b95f89ec3edea,US,False,False,False,False
d5076a39-3355-4c50-ad30-e66dfbae188e,f3bafd9765fc2278,SG,False,False,False,False
a0da78fc-bb8d-43ec-89ab-0f776514d3df,3c905b8c560085a8,US,False,False,False,False
d5cbb87d-d499-4787-8903-783c42a87cf9,095180ddd55d9d3c,GB,False,False,False,False
53497397-d3f9-4339-b8f5-152d24573fb8,bb26cff5f485406a,IN,False,False,False,False
030f9792-2612-4c01-a548-721b95fcd8ee,dae995e30a6d96e6,SG,False,False,True,False
da48a83c-4f8c-4ee7-99b0-7fd7aa9026c6,a1170e5a3715af21,IN,False,False,True,False
db49380d-86ac-4ad9-b2fb-b6545b04affa,e47c9486f0667b76,SG,False,False,False,False
c2c0f1af-49ae-40cd-ba0f-59bd1fe70361,166c3532aae0f5ed,IN,False,False,False,False
220aba98-7d47-4944-99e8-4f6514afe4a3,ba168706813cb07c,SG,False,False,False,False
c7913001-9a5c-4dd8-a470-4a3594c200fa,548304055ca3272b,SG,False,False,False,False
a3a84ed2-69e1-4952-9de9-faa78494361d,6cd4f9cf661d0c6d,GB,False,False,False,False
b17370ec-fc1e-44b5-82e4-c44e5e170768,9833fd608f52b45f,SG,False,False,False,False
e6a66dcb-28ce-4081-9437-d63a0cdb3729,ae0a68daa4bc6186,US,False,False,False,False
fa9b7fe7-3446-4656-ac67-cc4518c09f22,e2b99ee1d622e982,SG,False,False,False,False
f79214fc-c895-4e7a-ae44-67a1c0c331fc,001ff1d0b5c67486,IN,False,False,False,False
16739fb0-712e-402f-a6c6-057aa66777b4,411939f86b52ddfa,IN,False,False,False,False
8406440a-d002-437b-97e2-0d353b613716,75d01dc763190024,US,True,False,False,False
8a58415c-ec94-43c7-b0cc-a80583bbbaee,adc58631e343fbef,GB,False,False,False,False
f48c1a0e-af72-4007-9e4a-ebec90d0fcf3,3a3143f41627e4ff,GB,False,False,False,False
83a1b216-dae2-4287-b42f-be92262570b1,0dfe1a93b03dd007,US,False,False,False,False
753cdfba-88a8-4f3c-825a-b8a33b2be827,4516bb8c744944d1,US,False,False,False,False
3b8bd834-31bb-4588-b056-ba6d1593b15d,82d40ef2ef284da1,US,False,False,False,False
46964a36-375b-457a-84ca-4a9b17cc760b,8d34bcf47eadb51b,SG,False,False,False,False
c970ff91-8197-49e2-9346-bc23b7f948e2,b00a9fa2c5a22dc2,SG,False,False,False,False
8d54f172-effd-4f90-a8a3-3c3df21f4a6b,e5abfbee15de47df,IN,False,False,False,False
12131d26-7d35-4731-bfbb-3644e057a0b5,b28877ebdea5b416,US,False,False,False,False
89e3bc25-8718-435a-99d8-2e9316c314c5,503bc9249e1a0455,IN,False,False,False,False
2a04362a-d077-4ca9-aece-3923867d2a22,1152fa4c4b533d80,GB,False,False,False,False
cf0ef634-7860-4b7c-a03c-2e3bc400e614,989ee7eff0f15181,US,False,False,False,False
e5d7020a-a9c6-4091-8cfb-e506020ae899,762a9a4092a188d5,SG,False,False,True,False
91bdbcc1-ce28-42ea-8859-904d1fa54a6a,78deb8f3ab6db213,IN,False,False,False,False
d78bb3f7-04e4-4749-8c4f-047b9decd5d1,8c27eb820c07c530,GB,False,False,False,False
eadf8197-bdaf-455b-ae5a-e9d02b1a2e0a,fefa61bccc1cd3ca,IN,False,False,False,False
7af980da-e73e-43ce-843c-422651ad19ad,c24e23a9686c547e,SG,False,False,False,False
d0f13fca-e2f5-4e56-9df9-6d440ba64629,3675a9ee1b2bf3fb,IN,False,False,False,False
fef2527b-57e7-4724-be15-9904d7585fad,a30924230f10af34,IN,False,False,False,False
5f935a15-3329-4ac6-8a13-9e7d499b5a75,d6d9ec4126387ca8,SG,False,False,False,False
b3643ef2-a137-4d10-8b3c-3e2f86b4722d,c647f0439fb9936a,SG,False,False,False,False
24f5ef8f-c15f-410f-b08f-174117fdd766,3bdf1bffa5c67fbc,IN,False,False,False,False
0dfe7315-8ab1-4a4a-b10b-bf61d0f12aa8,97bc985a3c27da47,IN,False,False,False,False
65fe01bd-00cd-45fd-8b00-c276ebcde79a,bf2f21a97d0f8150,IN,False,False,False,False
1c16d6c7-c22f-4c6e-a398-44eae1c1f542,8a9b7b1a3ac190ec,SG,False,False,False,False
6f0a199f-1152-47f9-8aa8-5abb0799ced9,08a4cd5d5dcf64bf,IN,False,False,False,False
699d448a-2fe7-4af9-858c-b1b17094f89f,aa3283830cf1fef0,IN,False,False,False,False
106b0a9f-6aba-4ba3-a445-bfc16f643268,54f9ec3d5c38449e,IN,False,False,False,False
110ca6f5-dbf7-44d0-8b02-fdd56955e446,a44f5a5c43aae511,IN,False,False,False,True
1480b2d1-9739-4234-ace1-263bcc7dc576,7e00e369f06bca01,IN,False,False,False,False
d51a460a-18d1-4394-a69b-9dddcadfa3da,e6a28e6ce856d2ac,US,False,False,False,False
9f08c61f-d7b3-48ee-b185-ce0af0626b65,81f9bda5aca3baa3,GB,False,False,False,False
005e382d-5db4-48d9-a1cf-b81366cf9853,4a31e32f04c97203,IN,False,False,False,False
0acd2295-9467-48d5-b592-a1a61802e3b9,209a0dbc29b02ceb,GB,False,False,False,False
e4c56907-2f00-4d56-9d95-e5604a48fcd7,0baa185cad26788f,US,False,True,False,False
953401d9-67c9-4a5f-810e-660b5a6d9e2b,38d564b8365b2fcc,IN,False,False,False,False
95278605-4713-4653-8c67-f01b739be2f0,51ed2b2c2c8eb8f1,GB,False,False,False,False
e850c610-097b-4945-8b98-9589bd60eadc,80d6f9290e1bb99b,US,False,False,False,False
82fe9108-0768-4ee5-8ef2-e14d40fc7460,23aed314613961b2,GB,True,False,False,False
6f4fe25b-5215-4814-b196-d14c69aa851a,ab6fa995bd6b3cdc,IN,False,False,False,False
9cf82583-2dd2-498d-936d-36a6c71417ad,3d902ae5e9c38441,IN,False,False,False,False
4a64ee95-d7bf-45d5-92e4-926065c37dc9,4ee868d03bca8a70,IN,False,False,False,False
aa12fb04-0988-402b-82e0-daf2b01bddc2,a0009e9a171868b1,IN,False,False,False,False
ecfd2faf-5fe9-4b40-b4c0-60e026996f15,7a8795627ad846f7,SG,False,False,False,False
a37e7331-ce24-4e6b-9bfc-977c05b385a2,1db2897a09e4216b,GB,False,False,False,False
39ce0dea-3905-4f16-8cd2-7a53a802f7fe,ad0ad5ca8327783b,US,False,False,False,False
79c1332f-02d3-4f15-a1c8-3b68de90da1b,6bffef2f746d52df,US,False,False,False,False
3214c6b8-8f60-4c25-a749-31a5ca280754,f6b1f761fad72e52,SG,False,False,False,False
3179e9ad-bf18-442f-bea4-be8b959e9b70,0806b7c00da0d3dd,IN,False,False,False,False
dc15ca5e-8847-4cc1-9f28-75c7c5825ead,e9de5f2872275e45,IN,False,False,False,False
edb460b5-6c83-4bf5-be6d-170f1ecc93ae,57e5b837215c66e9,IN,True,False,False,False
fbe528b8-c4c4-44d4-b1f9-db49adb234d8,7fcf8b84f75a0f5e,IN,False,False,False,False
b9107b83-cac5-4fb1-a11e-c8339958d9bd,836536fcc1d9779a,US,False,False,False,False
3131b005-d6b7-4d5f-ae1e-88d67e48cf34,ace53695b38f5385,IN,False,False,False,False
dbbc567a-afb9-40a2-99f5-e81a9e0e470d,c4e84d073f627f6a,IN,False,False,False,False
6fc4dec9-2dee-444b-ad32-d236634cf3a4,4f6bf8158eb31b1f,IN,False,False,False,False
538232c7-81a4-4841-ada8-18400f893436,ed83da002d7b8a8f,SG,False,False,False,False
baa73572-399c-418f-8672-cf168b3ad0b8,c922f6d50a4e448a,SG,True,False,False,False
fac0c057-bea5-4e55-87c0-95c93c8e7f76,98108775f37696e3,IN,False,False,False,False
af806c55-1272-42d8-ae6d-593b50e57893,ebbf1ca7f25675b7,IN,False,False,False,False
dadc1869-22ef-4810-9493-55fd4ec934ed,c48074b741a408a5,IN,False,False,False,False
239fbf1a-6437-4034-b971-35067e8c11b0,b2ff0910ecb18ccf,SG,False,True,False,False
fc541927-5989-4a3d-b76a-db4ecfdbc2a8,7c7a17cc3abd5830,IN,False,False,False,False
27ee22d3-4170-4262-96a7-e7b930287d74,b14001a4c4c145ea,SG,False,False,False,False
7df1cb5e-670e-4449-9f80-6f3081d92f30,508bbbb7bbd5f1b4,US,False,False,False,False
02345507-30d7-4930-916d-200f0c2b621e,4450ed4ac18ae13d,US,False,False,False,False
2a981675-c418-4501-82e3-04b7f728e42d,8eea374959d20ce7,IN,False,False,False,False
49a45fe5-2278-4137-9f22-ae297c5b6c30,5da17b8490c8f684,IN,False,False,False,False
bfd02c38-f31e-45f6-846d-dba7e050f191,b210fe2e36d6cf12,IN,False,False,True,False
98b330c5-da43-46d6-a8eb-914dc5a67a38,61fc0b56ebfb0c79,US,False,False,False,False
e62cdec7-93f6-4d27-b9b5-431cc6c65cf5,e9379b99bfc48726,IN,False,False,False,False
4d1f4c7d-fe32-4484-9983-d7dfe546f19f,393b25ee390a9577,IN,False,False,False,False
01898224-b8dd-4586-86a9-0af1430fc42c,6b004494d3956a47,IN,False,False,False,False
eded458f-ddc3-4f6b-9899-9f3c19799a11,6ce07846936ad759,GB,False,False,False,False
50e7aee3-0b65-4df0-8444-252d4e334e1e,62fd497a33594778,SG,False,False,False,False
ed75f339-5335-4ed2-a180-d0f5b18a1df3,102c8782d73f7484,IN,True,False,False,False
639afecd-c46d-4913-9ba0-5102eb429174,9a0e1f765f3014cf,US,False,False,False,False
b344f7ce-feb3-470d-994a-0d7cee8779e8,5d0d360c5b06097e,SG,False,False,False,False
7ac9e42d-face-4c52-8637-46400a34e356,1878250c528f5070,US,False,False,False,False
5acbc780-81ac-40f3-b756-89f338e70223,127e6f2a2901d6bc,US,False,False,False,False
06d7c174-820c-4460-ae6a-473b08b80dd8,4015abda6ed48c62,IN,False,False,False,False
4d19e43d-d7a1-4162-a9fa-0b5cdedf5bb9,adff1a72cae767aa,US,False,False,False,False
7747bfbc-1439-418f-9856-77dc3079917b,6fb45ef9131f2821,US,False,False,False,False
b9812ceb-d50b-4c50-b8ef-5b5599744d29,c7fbd007a586c3fc,GB,False,False,False,False
40068d3b-f50d-4068-b6cb-d26f7f77ac98,01e5c045a29c5bc9,US,False,False,False,False
6b9b3924-6f21-44f7-9c4e-bd50c86f3b45,c7bfbd12a6477793,US,False,False,False,False
f7a858d2-7dbc-4954-94d4-c3652db99c07,0ce1e51bc20c6b1a,IN,False,False,False,False
742de5a3-6ce3-449c-8a07-67dab20ab56d,d9075c410c595b50,SG,False,False,False,False
0e26337b-1b12-49d5-a89e-a0cfa289b6a7,698f272cdd23505a,SG,False,False,False,False
a2cd664a-64f8-4379-9956-39a42304a70a,30c14fe493c13f4c,IN,False,False,False,False
a2a88c6e-a829-4781-86d3-afbab279f400,4a153fa6073302fb,IN,False,False,False,False
6fae2e2a-2adb-4063-94fa-9face2e6a778,168a171bf74856de,SG,False,False,False,False
8b8bf1d0-26b6-4551-ab07-3fa47d3d62c3,d27b23d0186d62fa,IN,False,False,False,False
0f57032c-51c0-4bf3-b9f9-15f9cf49d790,61bff02f575d7c1b,GB,False,False,False,False
9ec12b90-4060-4b1b-9418-7d6d880003e1,b46bd9d63e0bc99d,GB,False,False,False,False
69e8c3d9-db04-404b-8705-05d178af9ae9,3cb4b2b0e932b3ed,SG,False,False,False,False
abfff6b3-def5-4249-8114-7d36c6e754b4,f50f6cf4dbd0b44c,IN,False,False,False,False
968c3d59-8852-466f-bde7-0518b143391a,c84c99b2fd802528,IN,False,False,False,False
a91401ef-50dd-410f-9084-47ed4e08ef45,5352bc4721c11c01,US,False,False,False,False
bb863de6-4886-4030-9fad-d31e55911642,6a9ecc2330bf3eff,SG,False,False,False,False
33659933-5a27-49d8-949b-fb5f2a563f20,9f24fc0b63fa5ae9,IN,False,False,False,False
d259f17e-61d0-41be-aaea-b5e20b96921c,99e4923d198df281,IN,False,False,False,False
6721e163-85c0-4a50-8417-7fd9a9eee66c,9c3bd6fe6058faa4,IN,False,False,False,False
63ba3b77-71b1-4056-9f3e-2633e7648f5e,7b96df1576d5763c,GB,False,False,False,False
414f4aaa-4440-41ab-8699-b08aa421fb8b,651ee12a2ce28679,SG,False,False,False,False
02d9c034-c9d9-4c07-917d-83545871e8d6,15272b76fe081dfe,IN,False,False,False,False
93ac1846-9d8b-449a-84ea-7710d3c10cca,471b5fb7cfe413d9,IN,True,False,False,False
6ab0e809-96f0-4459-b1d3-1b644bc41698,f46c7a15c8d4f48a,IN,False,False,False,False
3c43792a-bc33-4f81-84aa-5dc263710658,ae4c2809f70c3aab,SG,False,False,False,False
468b9cf8-ac6e-4c44-9a0c-628c6a7a9686,030f9acaccf422b5,IN,False,False,False,False
6682d4ae-ee93-4b9e-9091-d57095dd60f0,b8f8ef8028113899,IN,False,False,False,False
c7d1cea9-ef73-46e6-8798-95c6cf4ccdc3,a9708ef02bf234d7,IN,False,False,False,False
3354b297-55b9-4fd2-84a9-e30c62473374,2b63169145384c74,US,False,False,False,False
4e58352f-4fb2-4813-8380-fdc31dd34cac,a93a5ce6b1ff29ce,IN,False,False,False,False
577d55f7-4b42-4c5a-a304-218b8a73d586,61349def91ad05e8,IN,False,False,False,False
b11433b9-93ae-42a3-81d7-9b8df5c385ac,c8a13331df8cea78,GB,False,False,False,False
c5d15c04-8bde-4159-87c4-c1ff6e242471,c5acc9664852eaf1,IN,False,False,False,False
3cc7170f-cee2-401a-8138-4e748af3f48b,04ad87b759e7dce2,IN,False,False,False,False
1e0d6682-31cb-4b85-bf5c-e250ad12d584,9757e049c2db818e,GB,False,False,True,False
ccbebbe4-a6cb-467d-acfa-7757a4490463,a9c16d3386363c8b,GB,False,False,False,False
d372982c-a82f-40dc-83c6-039e19d5b777,5da9f966bb12fa61,IN,False,False,False,False
e55583e2-6e82-410a-91f3-e0a804eeb711,cc10b6dc6f1ae71c,IN,False,False,False,False
2abdb521-d8d7-4680-83c7-0f75ae161a0a,7e53eb1216231250,IN,False,False,False,False
9038e4a8-7eeb-4d74-9963-a76a12e60407,7d44ff552e40bde4,GB,False,False,False,False
b93645c1-6b51-4b0d-bf28-e4bafe37b91c,86ca9a17d60ae23b,US,False,False,False,False
9ecb47ab-2e53-49ff-bc44-ba74b9639b04,2fbdcc35c802af2d,GB,False,False,False,False
e78d1822-2fff-4a6f-9458-a263e80129f1,3002350ec9ba05b0,US,False,False,False,False
c2dec55c-678d-487d-851b-53600a264240,cf2b8018d8fd5439,IN,False,False,False,False
ceb51c09-d119-424a-8515-5cd149c4c819,3a3f27c241a9e164,US,False,False,False,False
f5e95079-fcef-4d5d-8dc7-794b3bdf4ddc,1d900ec559514114,GB,False,False,False,False
91a9284d-29db-488e-9622-8fb7bb794a2c,12f1c7f729eb933b,IN,False,False,False,False
9e2f744d-2825-4148-8b49-6bc85e261609,4d3a62b7fe7375a5,SG,False,False,False,False
d13db31f-9ffe-43ed-8d51-ac24007ac1ea,87c9c7d2bb7da35e,SG,False,False,False,False
f94c74ef-4405-4b3f-b611-9bc6cbf12454,a6cabbdf70b0bd5f,GB,True,False,False,False
624107db-4e2f-49dc-acd3-b6868af648e8,96c38b659b366c91,SG,False,False,False,False
6baf69b9-052e-4d61-92be-c1cb609f7058,e2576b34cbbad2ff,IN,False,False,False,False
e30670ff-cc03-49b5-97a2-d2c7fb9cf45b,9150542824c20f08,IN,False,False,False,False
7522bc5d-9cb9-42ee-b588-180c2b24efe6,9087e5d9c894d46b,IN,False,False,False,False
b9bbaf46-699f-4a0d-95a0-a67446ce5e01,d86bd5c9b4d1233c,GB,False,False,False,False
9d897047-529a-4d8e-9265-4c00d1186034,99b03f17f97fe5e4,GB,False,False,False,False
8bd1e07a-d00b-4a37-94ac-81ca67a3d1cc,dc381c0f8258a9a1,IN,False,False,False,False
ece9e3be-c872-47f1-b236-3db2cd9f8008,ed290738b4be4337,IN,False,False,False,False
eed6358a-1054-4125-a4cd-881805a4de9c,54dbe8fa5cc38a6b,IN,False,False,False,False
c35c100a-479a-4064-8196-56423277d91e,4db98067ab430311,GB,False,False,False,False
b05297b2-8f95-41f7-bd20-88f92751c8b2,5dffeded8f11c83f,IN,False,False,False,False
93497872-63f2-4662-a6e8-411ac436866f,44dd580625c02535,IN,False,False,False,False
b419c124-ab8a-4d2b-88c5-6713a61a646f,057694ea400293ca,IN,False,False,False,False
3e2a5bdf-3878-44b0-881a-59cfff178829,3c9145eacb803876,GB,False,False,False,False
c63cde1b-c1d3-4bf0-99bb-90a4ca05b1be,26660e8f63635969,IN,False,False,False,False
e132302c-8354-4114-b6f0-a459ae7d40af,e1fa4a822392a770,IN,False,False,False,False
dd3daad5-13e7-4a4d-b567-6f6bfdbcaa4b,c35685b7d1cdc169,IN,True,False,False,False
13565661-8f4c-49ad-a1f8-f137a44628cb,6673315c1f32f041,IN,False,False,False,False
5e102973-caa0-47aa-a30b-8a57a3ee9420,34f4908004e23438,IN,False,False,False,False
5c0c5188-4ef2-46ea-a645-b5b1ec4e624d,1b09dcfa0df345a2,SG,False,False,False,False
bf7ea612-5828-4510-b312-411181f45bd4,ff3dbf91b8f1d33d,US,False,False,False,False
1071509e-6866-4469-a8b9-94ae9a82fbbd,2be4639f08a776bf,SG,False,False,False,False
d75c33fe-9f3b-44ef-9e9f-ac0c18cce34d,106f1026b74b5e45,GB,False,False,True,False
d5e76e07-9733-4bba-8986-fdf309cfd594,c6652932a176ab2d,SG,True,False,False,False
5e365b54-9fd2-47e5-b168-061b1040ec8a,c8c8d275ee2b242d,IN,False,False,False,False
2ea35a24-96fb-4711-93b9-fd6a18059e10,02efc614c37b8d0d,SG,False,False,False,False
eb444f5e-53ce-4404-a03a-a50964051702,b96c04876ca5a1f0,IN,False,False,False,False
5a2a9b31-bf19-4d48-9255-ad0bffc382cd,06560e8350efe134,IN,False,False,False,False
2263d819-8d8f-4f28-8b4d-63db83fd782d,2fc2711c2843346b,GB,False,False,False,False
3612db5b-e3df-4b25-93ba-9c1f6c19bc69,1f4d09919b30e427,IN,False,False,False,False
e3a4996d-01fa-4b73-80db-a30190cf69d3,d14ffb7e3cc496fd,IN,False,False,False,False
c5fc3d87-dd06-4cf8-9e56-1ca97275f2ca,cbd68cebf172a5f1,IN,False,False,False,False
99e11c23-3a3e-4305-bee7-325c4704cf0a,051c4fb889f56753,IN,False,False,False,False
05d9ea8c-378f-4be1-a585-941bdfa2c54d,09e8f48c28713138,US,False,False,False,False
fa9e1566-04f2-4229-b1ac-b5ab88a0a7c2,72e970c033f2c43b,SG,False,False,False,False
d50e0d3b-3aa6-4165-a7d6-5a0937e9b6b3,ab1ba9159e4ec3a5,IN,False,False,False,False
4f890a5f-0c78-4ffc-891e-f5efa7a2a6d2,ab0026eee2117102,IN,False,False,False,False
87e97dc1-3739-42df-b19a-605282fbee96,3f8c8e91da95739a,SG,False,False,False,False
b264945c-0cec-4299-ac20-ddba6df4aefd,471edb187349c7b2,GB,False,False,False,False
74d78dfc-7747-409c-9dc8-3d5cf17e1b22,a204a714f989f5bb,IN,False,False,False,False
404e946a-5ccc-4e1c-bc98-3b6f12d5a275,6f1fc16f747398a4,US,False,False,False,False
3b3bdc08-26c7-487f-a450-b8e089759221,a08baa39d6879fb0,IN,False,False,False,False
0644e29d-b1e3-4384-a3e5-4768aea99e54,85731d36833d752f,IN,False,False,False,False
339680f5-e64a-4933-8dc7-15bc541d81d0,50ad55625e31d58f,IN,False,False,False,False
a2afa756-ae8b-426b-a75c-8390c3754c4f,a559b96ecf565528,US,False,False,False,False
e39031dc-feaa-49d2-88ed-c39ada32fdd1,ce1eccf1ae49c4e9,IN,False,False,False,False
eb1acd63-dc2a-4a61-bbc4-eb9fe482d405,84001f6c5a2094cf,IN,False,False,False,False
4e05e89e-a1bd-4623-8573-7d54b6c45d5c,ebf6d41b65d11cdd,IN,False,False,False,False
5b01687b-997d-450d-a6ef-8f7c307f1c22,a7a8eaa6a5582c52,IN,False,False,False,False
89915fde-883f-42ac-b5fe-cc19e0805c42,460bcae9ef30cbe0,US,False,False,False,False
3fd4ce01-8276-4899-b5b3-79ce626a86e2,1f3e5d40a0a34ef2,IN,True,False,False,False
5d1db9b9-dd6b-4735-84fc-c456d9a4cbb3,91d434642d33e560,IN,False,False,False,False
5888f4b6-ca22-4343-a535-816499ea0b5a,385a8a12dfb31bfe,US,False,False,False,False
a5f38d58-40fe-422c-b328-b0606804cd57,c2fb3713c40116b9,US,False,False,False,False
ad2e0619-d75c-4a5b-a5c5-72d17f3c4561,e770d9a3ce177997,IN,False,False,True,False
aaeefcbf-478c-4b2c-9f5d-2e95f600bf9b,5b9cdd7f2a8869c9,SG,False,False,False,False
fdec5b24-8ee5-40ef-8fdf-3f0bac6142b2,791336154dc30c66,SG,False,False,False,False
046bbcdd-4aa9-4f32-949e-4c0e2a836d14,210f2895f00624ca,US,False,False,False,False
5010e288-55f6-4f8b-a705-27a400bc23af,a0e1fc10c702543c,US,False,False,False,False
ddc57d11-bedc-4743-aa6b-e4a40e237154,5a576a48bc941075,GB,False,False,False,False
78845f90-ade6-4018-805e-4a247009f8df,f5f49338ab09addc,IN,False,False,False,False
4f9e8b17-7691-474c-a6d8-089e3b44e13f,f730de23740797e8,IN,False,False,False,False
29626b84-159b-46f8-8f40-693a470483a1,8dab27a75ea085ae,IN,False,False,False,False
19a8fb29-69b0-4d7e-b3cb-ecf64bf4093f,58b1022995d87600,IN,False,False,False,False
99a194d1-ea0b-4df7-9c6d-e4850ab94d1f,e5e3345a5b8775fb,SG,False,False,True,False
d27303f7-d80c-4746-9168-ce00bcfeb952,ad3b52d56c01ed77,IN,False,False,False,False
1dd86a4b-64e7-4569-90fe-3e51b6823e14,e8a6b7633837c851,IN,False,False,False,False
6efb6c55-28fe-483d-aa51-06a4515f2d17,3c180594c644def4,SG,False,False,False,False
2edb58fb-5f2f-4f15-9950-0b10538b4731,f69bd73c566c0ce7,US,False,False,False,False
4f8f5a09-c24e-4b0a-9d33-23a340436d0d,e4443a557a28d009,US,False,False,False,False
04aa1120-f1d0-4c31-a76e-1d61c78ad046,386d1ed3a0a0b3be,IN,False,False,False,False
581cab28-0cd1-4e05-a31d-399cb22e2793,48a57ca5041712bc,IN,False,False,False,False
8ceb802c-a2e3-41e2-aa20-22293987504b,bd4d6d4f74aec087,GB,False,False,False,False
326a0586-bd06-4d38-b565-ce9d3d8d93b0,7223adae1791f88c,IN,False,False,False,False
91d12214-28a2-41a4-9c2c-f54bbb3ef758,a99dcb1209a16613,IN,False,False,False,False
75f1b6a9-afe3-414b-acce-c29200c4eb11,8af0137c6ea00a82,SG,False,False,False,False
90dd5b2c-4f91-4380-ab44-1cdb607ce55b,6b4db482052fc052,IN,False,False,False,False
5fdfc188-9626-4c99-b754-2f8e9c2c3dfe,fd769baaeeae8512,GB,False,False,False,False
61a3a00a-9315-4c08-be4a-9db6b865bb4f,e10fd49867615917,IN,False,False,False,False
663b1b7a-8a13-4d62-b307-21bdc9ad9392,5278b69a62e90a1a,US,False,False,False,False
42429bb3-cee2-4dd4-8be5-4c8025468ddb,b51c9f3f8a5c1937,GB,True,False,False,False
dd770532-1ed0-40d8-b171-18671237af55,d3a7a280a920df98,SG,True,False,False,False
9ccdbb3f-cbe5-47a4-b304-c098d5061eaf,5f05eb541d1ea31f,IN,False,False,False,False
8b4d10e6-cc20-4cdf-b0d3-b967aaed2a07,dbb6f368397a5cae,GB,False,False,False,False
7e2d9d07-90e8-4f16-a995-8e7699c04508,9c207cb194abc409,SG,False,False,False,False
8fe76a1a-7b66-4f8a-a995-6987e4d634b5,39f7c2ce188e05c0,US,False,False,False,False
e2e6778c-5bc5-4e93-a31f-8eed84da0a5a,517a84b86cb7c514,IN,False,False,False,False
ef1fe93f-de25-4426-8057-be434e755e1a,d1e43f317f5d9d3f,IN,False,False,False,False
ae4186b8-dd49-42d0-9e19-7fd4b23bdddd,f781dfd4664d6d8d,IN,False,False,False,False
7929ee01-5843-44ae-b910-74e459097def,d78b36671e8dd59c,IN,False,False,False,False
f12b989f-8c28-4144-96f5-4257d85993df,b0b018fdfa190543,GB,False,False,False,False
5ee4be7a-3d58-442c-8563-dc74545281e5,81780d560dde8f5e,SG,False,False,False,False
00a5912e-aaf6-4994-8710-96a2b7014574,06b8aed7525304c7,US,False,False,True,False
d8aa3761-fcc3-4dee-974a-afc6c7c7a1e0,1367040912140b5a,US,False,False,False,False
aa6237dc-4c36-4475-98f3-67d4ddd33bd2,5791ecaed67490f3,GB,False,False,False,False
a5baf7e9-4100-4cb3-9821-ac48dc632f04,740e219972e748e5,IN,False,False,False,False
132e13bb-4519-4e06-b21b-6c82c4d89bea,cd6821b1092c3f24,IN,False,False,False,False
64c1f3b9-81e1-4df4-a43a-230b467d9224,6d48566db80211db,US,False,False,False,False
2c52811b-1ddc-4cfd-b07f-6f0ea7b6958a,d22081058e0da897,IN,True,False,False,False
05efa32f-8ccd-4b72-a7d4-e43515cbea54,6af673879f50626d,IN,False,False,False,False
34771d23-83b9-47e4-b177-5a1e5bbda2bf,27bd0b5c626cc695,US,False,False,False,False
2f1d53b0-5d13-4766-9aa6-201f6e895323,2f42c93226fd0e78,GB,False,False,False,False
d12cf537-ba52-4037-9dee-c8a117ed7d80,dff700c001a9c8aa,IN,False,False,False,False
2670aac2-c8d3-4c02-a5e7-7ed3542a2cd0,ca8b2271492e2b39,IN,False,False,False,False
1672a54c-f1f7-40e0-ac9d-dc38bae46c8e,7239c1cfc0e20230,IN,False,False,False,False
b7179dc7-8234-445b-a126-ec18713e6a2c,4aa92f80503d773f,GB,False,False,False,False
4fb7446d-b238-4737-827e-72683efc7a4d,e4561172be298167,US,False,False,False,False
c5d6f9a7-ac71-4900-9615-f2beb0bd3176,e9fd7c3d030e685b,US,False,False,False,False
44cb8165-e43b-4169-a8df-68865ba7c32e,abf5b192f23d7f18,US,False,False,False,False
f8193a1f-d7ca-4960-bb23-644448d0aef2,c24b8811146d55ce,IN,False,False,False,False
56825abc-d9ca-402c-927c-8a53205e6f68,6bc6d34294af42db,GB,False,False,False,False
a9da97a3-aeb2-45ba-964e-75b201c1f8fc,84556c1277f24fa3,IN,False,False,False,False
50440895-f143-490c-88c8-0f4cedc49357,802df520881421e2,IN,False,False,False,False
d984bcaa-bc37-47e7-8bdb-7802e79dfc12,eebd6b3bcc3dc3ee,GB,False,False,False,False
f40b98f5-74b8-49d1-85ad-98dc7c9a46fe,2a791a5759ea0f5d,US,False,False,False,False
e223e451-214d-45f8-9c0b-c4d04d2c13e5,287d3752cc20a92e,IN,False,False,False,False
7f81527b-7320-4eb4-9fc1-26fb8104e532,74e84f7441c704cf,IN,False,False,False,False
7fc63cd6-9564-4c3a-bb48-1ccd4c1ea229,8a3c4063d4bf76b3,IN,False,False,False,False
9a35e3df-3453-404b-8bf5-f72a55b2c460,8ad0250327cfd216,GB,False,False,False,False
dd1796e9-dadc-466f-9fb9-8a01dcc29660,6a46b0d48c7463c2,GB,False,False,False,False
971c4a84-4b3a-474f-9f40-30a49db90b06,e54129f078fb110e,IN,False,False,False,False
1103eb81-5c76-4d92-bcc9-22bdbfbd62f8,9b01595bdacf1a8a,IN,False,False,False,False
43b6ff37-cc09-4e1c-93d8-66d8e88f9750,47ed75d14456e325,IN,False,False,False,False
