pm_id,method_type,method_hash,card_network
5990ae7a-81ea-49c0-8203-faccaea847d3,card,b28bc8a9e20a1958,Mastercard
8794ea58-14e4-4f59-8803-18b98fc2ad59,upi,dde09b75af64bd4d,RuPay
8f5a356b-3342-4f97-953e-827b35cdabe6,card,c4f025208e435350,RuPay
ea57a26f-5b82-4747-b82d-b8a81c82e26e,card,69941f2513f7c50d,Mastercard
c47116cb-d821-43cd-b8ed-a89fa4a3a440,card,c4dcc5ae664d3b6b,Visa
47d6d8a7-6ef4-46a5-a836-cb529e3b807e,netbanking,3b421c024fff7592,Visa
97193b11-60cd-45c8-8ff1-717e9c513d9e,card,8ab247637d67aeeb,RuPay
bc050807-d933-4661-a886-76a2270b1dd8,card,af4127f2185d2de7,Mastercard
59b9c6e0-0cd8-4f90-9dda-876dbf596805,wallet,57f628dee8b1e101,Amex
2bc6d651-a3d1-426f-a5b4-0d804be49acb,netbanking,03f5d68963f75d44,Mastercard
f8d0488a-5d14-4b5c-9b17-2fdb45c2bc12,card,576ece7b1f864eec,Mastercard
982fd6dd-3aa3-426c-8595-dc900f784782,card,3b366ee4de0bef2f,Visa
6d42ee74-0a9b-4ad8-8ae7-eb52e951443b,card,cea17fa3b6c44bd6,RuPay
d43566ac-c2a3-4a33-8842-3cd9d7f1df0d,upi,bd790d7ec1454d5f,Mastercard
7ae92b61-764c-4c5b-8b8f-d67aee4aa275,card,bf29cf8395320305,Amex
636eacd8-8750-4a2d-8e84-1c3d812280fe,wallet,3a67dea00469faf8,Mastercard
363ce32b-7a65-4f87-a1b7-5ec530ed1ef3,netbanking,19b763ca46952fb5,Amex
bd437188-887f-4240-bdfa-42cb83411425,upi,e36431b46f7d4ad3,Mastercard
444da3fe-98b0-46f2-9220-ca5644fc719b,card,2beb8e285f87db02,Mastercard
f3558733-d7c0-47b7-aeb4-4eda723746e0,netbanking,1c50557da7efaf8b,Mastercard
7341a65a-03d7-4b2f-8c9b-4c7d5bba62c0,upi,3e33d69a2db3bc8b,Mastercard
81d2e3f9-33b4-483c-9e55-949a985526c4,netbanking,e43f6efecb335f6c,Mastercard
6894f5cf-ed97-4a22-af55-f84d1cce21d7,card,98d72abe55723fbe,Amex
9f728229-c8bd-4e0f-80c2-6d101017719b,upi,38f670dcf874924b,RuPay
82e92a04-81cf-427b-8e31-2efe7aae0ad7,netbanking,c5514e776020a25e,Visa
95e9d038-03b1-45c7-8451-933f72791537,wallet,918a1ba5318c65c4,Visa
a6546b96-4fbf-47ff-bab0-0f48b87d2119,upi,3cfcd2e190dcd5da,Visa
51e2d402-5e4f-4a72-8145-ec8a69e0492a,upi,04121356df79adcf,RuPay
0d4725fc-1239-4e17-9b09-ac3ac3c1f795,upi,ab2dea9820747f7a,Visa
32bc3997-6903-4aec-a967-acb0aa807fc1,upi,cf5bfe1b943cdfe9,Mastercard
92b0efe7-b481-4397-a464-9de1e213f97e,wallet,643337d8ed1e8ae9,Amex
c5e5df0f-2b50-462e-9186-614d27d4e8fa,upi,1ddd2f4008096bab,Visa
ce9f6c6c-6c5f-4df2-a70d-713f6b696004,card,3ea777412ac493c4,Visa
75e21779-2545-44ed-926a-4e7f0e467fc8,card,ddc3912458a97d39,Visa
55e852fd-2fcb-4143-be6e-99fda4449f22,upi,85e6c79fb5bf85ae,Mastercard
72e6aa4d-16a3-420b-9094-aa06f04381fb,netbanking,d10528e2cd58d374,Visa
ae52ef9f-1087-4972-9591-0fe228c1d807,card,c60bb64995d13362,RuPay
f720bd76-7cf9-4903-a283-615a680e8a13,card,c27f93201d677cdf,RuPay
2d715df8-3bed-4410-a476-3ff30df912b7,wallet,16bfa7782c05e6e1,Visa
b7d605d7-e2c3-4f6b-8a21-d85775b2b865,upi,f7a0b8f0ff0fc193,RuPay
1cd243a9-8a43-4311-adf7-5c5ae0649c55,card,099be61567a2a846,Mastercard
3c159b05-702a-49b7-b2a5-27ebf925cea2,card,8887cf4631d1d58b,Visa
e7db03c1-df72-418f-a27a-d1a17d2d1f90,upi,f56f6657ca771464,Mastercard
1e89b011-9c1b-49e4-b95a-e6557f2296be,card,c81516ebd42e12ba,RuPay
b79cc12e-2b6b-47b7-9579-6f56ad8c1cd0,upi,8894c9a3cde66d58,Visa
37717310-bc40-4c49-94db-3259388b6db0,upi,661e9c7bc16405af,Amex
c32b0090-5508-4823-9e0d-153466756f89,upi,3448f2f162b5fd25,Amex
40968c84-9403-4f88-92e9-fca1aa51f6a3,upi,064488f32d93893b,Visa
50123965-1680-4577-9e22-846f6af54350,card,ccb8b344abdbc729,Visa
5e6b697e-e77c-4002-89f7-3e71317f9692,card,46b856c090d0433d,Mastercard
0ac25c8a-9bf4-483f-b213-d41155dbcad1,card,c0364f914fda7db9,Amex
50b0d976-949e-4d77-93bb-fb342b63ee27,card,6da5dbbcad627484,Visa
0fb03845-f91b-41bc-8958-69a06de5bded,upi,54bea9c284322537,Mastercard
37c0e575-b6d2-4aa6-a04e-9f7d4997e5e3,card,9cf93516c2d0bfa3,RuPay
f87445c5-d9dc-4e31-8b76-7a9c1c9fe98d,upi,781410fe7c6e5772,Visa
b0afba00-a533-4432-821c-fa587c02b9ae,card,2d18aa0b36c6019a,Visa
6fee9734-03a9-4e4c-a8ce-d04e617e6912,card,fe562c6252d985d7,Visa
16b5eab2-253c-46e2-8f3f-20b5cd0ce92d,card,65d48daa05c3e5fb,Visa
036cdd03-d212-4ef8-b809-0c1b273afe30,upi,b080c4eaf3d86718,RuPay
86dc1dad-fbc8-496c-8863-534684560f94,upi,4e473d08e633d6a3,Amex
56206ab4-e9a7-4f2a-87e8-324e1b363d9c,netbanking,a78bf59ea9d954c8,Mastercard
629fdca4-8fe5-45ef-aebb-1d9c53706ac8,card,d2196e4af14ba1d7,Mastercard
fb523055-bf51-4f61-b73f-adc79d18d4d5,upi,fe97d6539e1265d9,Visa
666f4af8-69b4-41e3-807a-bcf0a1c515b4,netbanking,56cb58ef5ca7df33,Amex
c32c29f7-1893-4b4b-9375-b2ab279fd1e3,card,b2304f9b2d2ad9b1,Amex
574302f2-edc7-434d-b1ed-ed9839c8d0af,card,6f54eb248b994ca1,RuPay
52095931-e624-4988-a6b3-f82790866bd5,card,2f98c0ea0d2e8730,Mastercard
2706a0a7-d0c6-49aa-a52c-6efc2c2616c3,card,fa5250f8e15a3615,Visa
c693ae49-b878-4497-8056-5e022ee62487,netbanking,ef2d8fa3883f154a,Amex
29690030-2770-4c0f-b91a-6b3ac6545403,card,fe67dd72ce459cfd,Visa
f1938537-5673-4bcc-b441-1ccffffc09e3,upi,14eadbdd95a48640,Visa
e93a51ad-3409-45bb-82dd-49157629e42a,netbanking,f07171516c8e6229,RuPay
40e2d930-f4e9-4512-a00d-aa9ac29d7a0a,card,5979892aba469d96,Visa
51a738aa-6087-4ca1-a285-e44da208cb53,upi,746fe075f7206681,Visa
1cbe808e-9f7f-4ccc-802c-eefc34d797d0,card,62c918a635cf7726,RuPay
b2ec5408-fe18-4761-8e1a-1ad46db194bb,upi,ec6698c16357d12c,Visa
6cdc83d0-3154-4e05-b798-10685150ba5f,card,b9d75272459a444d,Mastercard
41f74ca2-b15d-46d6-a718-bea6d92aa021,card,97b1eaa6aab543b9,RuPay
db403518-66d1-4cda-9b9f-f944ae4c7daa,card,1d2663444f72ed10,Visa
3a8c9b9c-f720-4756-9fd6-2e88e0c17117,upi,1e69aa973ab5a791,Amex
f01893a1-df20-4efd-8e6b-66f89974a3d1,upi,ea3568b3542eb152,Visa
d07dcb27-3447-4b72-b779-af6749baa244,upi,ee3576389c85ecda,RuPay
5673cc7c-ccdb-4467-bad0-8b0db9b7029c,card,4de791202ea70cba,Visa
0eb62eb3-cc00-4ddb-b170-d2ad9804fa6f,wallet,a0c5f41fb4a3ab73,RuPay
efa4584f-90f9-446e-b59b-06c270e0c964,card,78e41b73fa6740e2,Amex
9a0efac5-cd63-4d12-8914-e422a3bba033,netbanking,10f60c162fb9fcaa,Amex
4cf14aa3-0e92-426d-b7a8-625ce592011d,upi,64bf20dd2d452773,Mastercard
b014a566-57d3-4ff6-a571-ebaadecd0ff2,upi,82f8fc7fb956ec39,Visa
e7cd7f25-df2f-4365-b914-0659bd8fc413,upi,0dd6ee8a15da9786,Amex
b741c7a1-b121-456c-b515-10f7e4da8915,netbanking,e2703b75f8be5eb2,RuPay
188e2f86-2a74-48d3-97f0-1130e5ad897b,upi,6d9d038efead09dd,Visa
5ad9a53d-a1b8-4a16-bd42-f1295e8a579d,card,66fb65df7f602d0c,Visa
bad0fad6-85ee-4bf1-8dff-0b9027a974ec,netbanking,944fb99855f495d3,Mastercard
3a2330bd-80d7-4bc8-9b78-21f0291e68fb,card,97f11821bc9780bd,RuPay
4fc6ca1e-884e-4220-8ac1-ea625d7b92bd,upi,d465848543c0b85a,Mastercard
2287659c-8a72-49c7-a5c7-4e279857a0b1,upi,8281b5fe9d1eb543,Amex
aea09ad6-ef50-4e3b-9d6b-1717683946cf,netbanking,bdd43bff23ee8149,RuPay
c165aa59-f787-447c-8fca-8193dfe33e10,upi,8942ce86f4263d19,Amex
b4adfe58-1b88-4bcc-9acd-1e76617af7bb,card,28501e463e7c9998,Amex
27e8e52f-9a3d-4ca6-9516-c29468a590bb,upi,f2ccb87e513a5b25,Mastercard
1f44cbc8-6bcf-4fee-9a8f-c3876f20377f,card,93452b3572eb498a,Amex
5f0215cb-cd89-4baa-8498-7a52020da9a7,upi,5900b21c418f0896,Mastercard
a0e5b149-b881-4313-98b5-f8f7de72d116,upi,5bb29a3a72525602,Visa
217415f1-f94c-4f78-b9ea-21584944d0cd,netbanking,491f918004f6387a,Mastercard
09c14643-f5a7-4d4e-8b5c-e53f24ea46d2,card,9f9d09077849cc30,Mastercard
0ec38c1a-45c0-4b74-8901-65a53d8efce3,card,9d538bb9a08309bd,Amex
5f68aa27-97b6-4657-b529-d6a069b3eb18,upi,0477cacfca369a38,Amex
28f1003d-558d-4439-be97-535b28caaedd,card,0947d8b0493e0792,Visa
1283bf4c-7a69-4b53-bf42-98874fd1ec76,card,affaab53c464e162,Visa
862f3969-469d-4f55-b62d-a15c63f31acc,card,c080b68680903e9c,RuPay
7b42caf6-0995-45fa-91b4-920c7d23d367,upi,e22dff842db135d7,RuPay
0eac77a5-3301-4d83-b58f-9b4c8160b3cb,card,4e4cdffbef153232,RuPay
190ee73d-3d54-4ff8-b8ec-7de727c6a82f,upi,000cd1758ea8b483,Mastercard
0e5d537e-1844-4fa6-9ade-34150f68bd88,netbanking,56581abbc522d815,Amex
bdfb60ee-ed39-49f1-9a37-1bc59a7da12a,upi,3dd682301c3c2bec,Mastercard
b38ea731-618d-4822-8f7a-25170268023f,card,faf3aa65c03efb1a,Mastercard
be51cfe5-7e9e-4171-ac64-8692c7d57101,card,f91a00f392aee010,Mastercard
fbf4c57b-c05e-45f7-b270-29ad5865fdd3,card,c0f02132558aa719,Amex
c206acc6-b9cb-432d-b609-2872f8351f73,upi,da749e15c1e65e16,Mastercard
350358bf-e4ab-479e-84ec-c41c7c155663,upi,1e264d9e2380aed7,RuPay
c007489c-f24b-4dea-b097-c11afb57835e,card,7090c9e24815f3f8,Amex
200c87a5-f6fd-45b8-abc6-b413af7a575a,card,0a50ce44d97c2176,Visa
3157c4e9-9ea7-4e6a-8a94-797592a9bcd9,card,e7e1a999f6fd0430,RuPay
c95f6bee-42a4-4870-82ed-ea8b9a4d33d6,card,74a6129452ecfce6,RuPay
f5918bfa-bd51-4581-ad4d-54eb6f3156dd,wallet,291ef99e23caaf9d,Amex
5329b017-3d31-41a8-8d20-ee0b368a740d,card,1a477c4734c0b8a2,Visa
bc1fa204-0b7b-40ba-99b2-4c7ae4859758,card,ac37851f49a77769,RuPay
a416a24b-848d-4962-9e64-20a487c54d36,card,f2105b3e6ba4a06e,Amex
715615ad-0c84-4f69-8973-e9a7aaaf26b8,card,838426334709bccb,Mastercard
9e2dfcbf-1e7d-460e-b5b3-fef35a4115dc,card,b1b2bd628887df14,RuPay
9f6c7d0c-32d1-4572-ae2e-782fb87883fc,upi,b734429c25ea00a3,Mastercard
ac2d8b03-4c7b-444a-9c5a-c7af7eadce6e,card,a9e5d8c352194d5e,RuPay
21f1f2b9-cec1-4d68-a9ad-6f62b7e5c4d0,card,468d969b0e4a0617,Mastercard
24caaf11-b894-4a9a-bd65-72b8d0320c2a,upi,9dd81b8624b4e7f6,Visa
a27c8627-de98-41a0-a7d2-d9b15d396479,upi,60cad07bd6fc1692,Amex
f9ff52e8-2a4e-4b3f-aa3a-e75da1b0a004,card,a5902659076d2596,Visa
ce440647-456e-4241-8d1a-371727aeca8c,netbanking,32cd230bd8acecd5,Visa
d912ecd1-16db-4324-9103-298b24edfbc6,card,58aee29ac0ae970f,Amex
c214d7e3-0e83-4753-87aa-dee0945f5837,wallet,cc3f0aa98e24c199,Amex
d8468223-cb67-483d-8df6-8a9c29b37968,wallet,952bc6a737f4f876,RuPay
1c718c33-f2a9-453b-82d0-128127f9b11c,upi,2e6e2d2950638d79,RuPay
e247c190-f7d8-47e0-bcdc-ad3498555b72,card,fc68dc36f5c7ce76,Mastercard
1334de15-d226-4c66-8cb3-4b6f2925b6e4,netbanking,5e2187255da5947f,RuPay
b60d9cdf-9bed-464a-8cd1-b572f46194d4,card,e181e0a850813c1b,RuPay
2615d4a1-0cea-42b6-8460-3068c22f3de5,card,03b4953e3e9b493b,RuPay
5ef0069b-8798-4f88-948c-360a46827c35,upi,a5ea78385da6d659,RuPay
2d48387e-2133-4336-8431-6351f1b69496,upi,49e268550677d03f,RuPay
693ed533-6164-4fd2-83b9-aad46dc9bc15,netbanking,d34bf7309cb5e016,Amex
f3b24618-c173-4172-9627-2255aa63fea1,upi,9f23f530ac25b20a,RuPay
a327eac8-029e-4348-a341-609a5693b418,netbanking,fe8d39ed8ccb8402,Mastercard
b0de3d60-6c85-4e18-87e4-ff418e769868,upi,4e611236eb19eea6,RuPay
946f4c21-2e62-4403-895c-7a1796de2f76,upi,ed6200a7b3fcdac4,Visa
2c2658fa-d8fb-4803-9a7f-e81da1364eef,upi,91af65b721b2ee6d,Visa
36ce4c6f-9eff-4fd0-8901-9c3335ea1fb9,wallet,53eee1d74560c970,Amex
7dc50ed5-a218-4b8f-9785-eb41c5874362,wallet,1f0cc80d7328db39,RuPay
6f7fc30f-94e4-4dbd-88cb-a942e26253eb,netbanking,f99d018551dcd318,Visa
0e49d289-4aac-4ef5-a371-f2e23f26de04,netbanking,1d9bb35616987871,Mastercard
8ef6370e-b03f-4c89-9f47-cdf15b8dba11,upi,17401652f4419d6a,Amex
6d459b5c-f17f-42e5-a9bc-3df60d5244ac,card,8f619489da9bbd90,RuPay
04fd6607-d653-4a18-b1ab-ed0430e5d4be,netbanking,abf62ccc3c94721d,Amex
cb62e746-cf0e-4dbf-8d4d-cc199345afc1,card,62d9e3251e4a02ff,RuPay
9f79f078-61d4-4ca2-8780-f540fff94fce,card,22d8475039e3827e,Visa
217cd375-0f94-45a3-bb8d-da87e2f907c4,upi,3e083508dd551057,Visa
b07a6c1d-ba53-4e59-add7-41154c7386fc,upi,baa45e4a0d7a8535,Visa
5f085521-6ebe-41ba-a208-8097b2c5e69f,upi,3615314c3b9799c3,RuPay
81f51157-fb78-4e00-b209-fda051b990e8,card,d03381cdfa012fc6,Amex
cd072095-4d9c-4ca4-920f-b3ae3580e46e,card,c0e7529abecfb3f8,Mastercard
ad7f1b01-97d9-4276-9819-6ad334ee9919,card,d0a0f348c5438a58,RuPay
57a73e8e-6742-4c7c-b722-0f382e0cdba4,card,308bcd5ce5718032,RuPay
79f9706c-5ab4-4928-abe9-0e1a9ce974fd,card,a4808ccf9c25f6b6,RuPay
682332e4-8484-4a3f-a0d8-1142633d2a47,upi,8e88191f05e8b873,RuPay
18531bf6-ca2c-43c3-9280-244c4d86e8cc,card,c7b2a504c83551e3,Mastercard
d02c0a14-6278-47ef-a54d-b43b53ccbf19,card,d10ba1e91cda988d,RuPay
c429e836-7fce-44f1-b2a1-de41c50029e5,card,9e973e95388e7a88,Mastercard
a7ede1d5-2775-4633-86f7-e1c349c6ac3c,upi,3fcbd0050bda017b,RuPay
79df3d19-924d-4bb7-adc8-70e6c86b4ca4,netbanking,670b392d6c589a0b,Amex
93b5ebf8-9329-405b-9f42-b59098d6f72e,card,fb067a8794beac2a,Visa
2abd23b6-55eb-4663-927f-423b833b76d7,card,b773f28a5fea6682,RuPay
d4eada99-4017-4e7c-8c8f-8df69b9844e4,upi,18407e6219ea5409,Visa
d86c3381-edea-44e3-ae30-cd4c71745372,card,77ce651ebd6b5a07,Mastercard
69f3dd5d-f6d0-424d-9da9-285f9d443c89,netbanking,5ab0e44404802abd,RuPay
54844ca3-a308-45dd-8abf-a2610729d413,wallet,66330294e63f07aa,Mastercard
694dfea9-96e7-4142-aefa-18e7cd749ab4,upi,8f7634d0ce71355b,Visa
3c3c9485-34cb-4e65-8c28-f43a17958e72,wallet,4f30fe4db754dea1,Mastercard
f06d02d5-8e66-4a18-8038-4f1022923a08,upi,9d9d0f8510447775,Visa
6997f6a9-6db3-45c4-ac6f-dfcc37b86a6e,upi,e47aec333097b6c1,RuPay
45f90856-f275-44df-ba18-91cc97f301ed,card,cef928faf5f36b1e,Visa
8e997210-4850-4ca5-bafe-3ed99f14d55b,card,afe1a18f9529cbe9,Mastercard
2295d26c-58ea-4cbe-a77c-730115cf9606,card,cbc29d4a44264500,Mastercard
acb59e1e-602b-45a9-a85f-2fc705ee5baf,upi,eb6391ee18241b51,Amex
ac4e0048-3199-40f7-9da8-4628a23a0847,upi,33a3b9a51d9df91b,Amex
896493ec-190a-4a7e-8da7-cd8845dbc72c,card,98718e53f335e97c,Visa
36c4024b-1790-496d-ab01-246615d84f6b,upi,ca9b901ce11c2d3e,Visa
74c73294-1d71-410c-b593-ccea1e01bae7,card,061509dbac515838,RuPay
d28ceb81-9a11-4a64-8192-dcf5ff9c448c,card,a8f23e48c1a1bf3d,Mastercard
3531c202-3250-4ddd-9b66-0bbe2aa051ae,card,b9a394981fcad9ad,RuPay
a3aaab55-0ade-4945-a954-046ba4e693de,upi,3633f068ac4aba63,Amex
14af71cd-4206-4276-85d5-6de9d4d39cb9,upi,96b9f05b88ed8daa,Visa
8bd27105-ab83-4a80-8966-d9065e700873,upi,f22377e5e0368def,Amex
247e762e-dce0-40eb-b8d1-f0d2063c30d6,card,8f50e62d17889152,Visa
dfa603ab-d9a7-4a77-b587-af10d368c42c,upi,8d872dd2897ab93e,Visa
829b246a-ae51-43e1-82f8-69a392612d89,wallet,7938448ddfa61d95,RuPay
945408c3-a384-49a4-a9eb-f299133baa85,card,fb990b840f15808b,Amex
145fc82c-a430-4ceb-b57e-ec9c81976857,upi,18ed342df92ee54e,RuPay
e1967e7e-faf3-42e5-aec6-2f4bf155c5db,card,69b1dfcdba97096f,Visa
4702f964-8649-4359-8908-f20aefecea23,card,6bf2789d8e8b46a3,Visa
ea0b1bed-b748-4e95-b144-32a189973561,upi,a414a7798b3e29a9,Amex
16b2ad4a-7ae2-4fb6-a212-877566389d4f,card,6d781e0f21f96c6c,RuPay
c422f051-1068-4a10-b1c9-9c6826b061d1,upi,8fafcd45b95c683a,Visa
62a4e22e-05a8-4883-b106-85b98bf3be45,wallet,efd4114023fc9b96,RuPay
0db0ae05-c771-4a76-a40b-03b011b1b05f,card,323637db6906fb49,Mastercard
bac1b527-3362-47f3-bf32-095d0bce5cf0,card,a9f1f33039134afb,Visa
d0008d75-dcea-494b-be44-2fce4126d423,netbanking,11857c3257ffdb17,Visa
7b4f4b29-6c2a-413c-aca0-72050fc9f16a,upi,99ea8d415ab2b2e7,Amex
2a74457a-cadc-4818-a0c8-351cfe575aae,netbanking,9c667b5a609d99c9,RuPay
e1c4bcb8-5876-4898-8de6-cf61c46bbbba,card,a7326530131d62ff,Visa
556d1866-2d36-44c1-9798-07585a7eab08,upi,c093a19d85d5743b,Visa
f9d98727-7821-4411-9cf2-9f26a843ea82,wallet,12de32db68d39afb,Mastercard
44969d5d-3f24-4766-9cc3-e81bce59cf59,card,ce3a2fe9e60997be,Mastercard
a6cdacfe-cc14-4520-bd64-9334dbea71cb,netbanking,4ac1077ec90d4d74,Mastercard
e183bd89-23f9-4652-a37f-48d26f367a12,upi,a1f9b5abd4ed87e8,RuPay
b1037a9a-15bd-46dd-81e0-9b808afbbe63,netbanking,50179e5aa6ec991a,Visa
786fb900-1098-44f9-91f8-64822b656627,card,783c51da18033859,Visa
891c3a33-685e-4ec2-b261-1e5a841ba594,upi,a222ee772ad4b0dd,RuPay
7e605987-ef55-4503-82b7-e8247dc79d8e,card,0e82d12c84a4a629,Amex
e02e40c0-63a6-4332-93df-fde3c6372973,wallet,8dbb2c10e21e2be6,Visa
683cca05-2d80-4716-bc98-94fcb1003d58,card,830a25794e6e25d4,Mastercard
d8b860ed-f36b-4853-a144-544de3cc1ab6,card,8a89e18e36861981,RuPay
1049bc68-9eaa-4087-a9da-17bf4c21392e,netbanking,19bb6d490df3a158,Visa
72b91263-b733-444c-94d3-48b1f09028ba,card,e8969c52934b2893,Amex
2fab35b7-5c3f-43e0-8550-a218e35e8fa4,upi,d6e512cf5e26ae02,Visa
a4e92245-7ae5-4497-9838-c8c1515a5135,card,172c7c760ac0c6ed,RuPay
fe0ce8f4-e706-4c90-b149-1327444d4146,upi,e4e53d945047e5b2,Mastercard
513f08ee-26cc-47ee-9dae-ac0d173223a0,card,ed9ca94387f8d633,RuPay
bfcb03ba-2c21-4f67-90d5-39a6b72aeb6c,upi,f902a37b921e0ac2,Visa
698e81cc-4671-4353-93a9-39c5836f2246,upi,5ec899ede393ac27,Visa
44debd07-fc4b-4fd8-b690-3203171937c5,card,87af65678fb0d96c,RuPay
21667d36-e722-46bd-83c5-78dc1569b1b6,card,0abb57bf79ef44ee,Amex
e96b2796-52d3-4c0f-b7dc-b84ecc055cf1,card,b3f9ab971f750740,RuPay
590503cd-4d0c-4dd0-858b-18cc05edca85,upi,80256940051ecf31,Amex
f3866441-5032-4ea3-a657-43a723fae6b9,card,1f6aa750b62dddb3,Mastercard
b71f9a3d-0824-4500-bb23-eb34cd942c80,card,98bfecf901d50c6f,Visa
853c58e9-0193-40e6-90e6-fb2bceec793c,card,26af6c0b62698273,Mastercard
635c51d1-b4eb-4f33-b977-417a2b051b90,upi,af245ddf63066146,Amex
e5bfbc56-c12c-4985-bae0-2e894c03b826,upi,f54bc8f7ade8d972,Amex
6fe65b48-45dc-4b8f-93a9-7f2dde3165d1,upi,ea55eeef13580fb8,RuPay
472c9a17-1d78-4ff0-b505-06751fddbb35,netbanking,60a8aebf9b4cc20b,Mastercard
dc01a5e0-1a35-4b82-88e5-ccc534634b3a,upi,db75339fa2172983,RuPay
c3564898-11e8-41ba-81d8-a46072e554c8,netbanking,26b2ff9526456f98,RuPay
a410a429-bcd3-4b0d-a010-acf94ec52856,upi,7bf3d80148ba6c8e,RuPay
1345d8e3-b762-4ba0-94ff-ab10e9a221e5,card,fd05dc0da60a456a,Amex
e58c6d3b-69b5-4ae0-9304-a2f99080315c,wallet,7fedcbf114e03a4c,RuPay
f8a4858f-3b67-4d8f-8443-b051c09ba1e0,netbanking,c43145c26061f31e,Visa
361e2fbf-0797-41ed-8388-ca87bb98130b,upi,7068e0510448bd32,Visa
288c5b02-f99f-4ff5-9171-81c2cc9f82da,card,6f8acc149915bd9a,RuPay
c5b57359-172f-4d8a-b4c4-34018422f93c,card,0353227f564f51b4,Amex
d0e4dec3-777f-43d8-a6c7-a69f6b22295c,upi,81934eaa23e94a0a,Amex
2020cfcd-8b0d-4787-b831-e430e249b540,upi,8acd5b4a87ce53c5,RuPay
94ebae3f-5ae9-4215-9a51-f8d27ec564d3,upi,5e6ac86c1f5354a5,RuPay
48601878-1df5-44e9-a1da-5f86094cdd85,card,7eff47090816d7c2,Amex
f4e687d9-fc1c-44da-bf96-051dbf46bbff,upi,f50f0a72fc855fee,Amex
c8180836-0818-42c2-ac1f-0c8344d77a8c,card,e08f48c95309f841,Visa
1efd9198-1f9e-4902-a93a-bf8f30d47290,card,6d190aa49d4c60a6,Mastercard
2e957ec3-0bd8-4255-a52c-15ba9a3261a0,card,fe61ab91060a8d1d,Mastercard
3206c067-78f4-49dd-a6ce-a6cc0b1409a1,netbanking,a1cbff832b93b6a2,RuPay
ee1555d3-a93b-429a-bfb7-e2d5e670e592,upi,d3c434f9841df9f9,Mastercard
74a7f67e-3863-41b9-982f-220dba9102b7,wallet,a4923eb35522959f,Mastercard
38306d91-593c-4df0-b555-b011cf7c8cce,upi,8d45b53d0a052be1,Visa
d42c9780-153a-4d90-b948-fdc67862525e,netbanking,438b611bc65723af,Visa
36e6090b-44e8-472d-bc1c-97f2ba288d77,upi,60b7af086a20e1ba,Mastercard
e1f60c4a-175d-4ce1-aa80-6bfb13072348,netbanking,a22eaa85d00cb20c,Amex
032c84d6-bf4a-48e7-b21f-59a64e64fb3b,wallet,99cd504628fdbad2,Mastercard
2f42f4e4-0af2-4452-bcff-c2a033f873f6,upi,55bb1e848b3018f5,Visa
e691ce67-21c9-4eeb-8f28-870617f3ee7d,card,ec294f979bac19a0,Mastercard
dcd1499d-d0b4-46e9-b64f-6606eaab96c7,upi,b0898e0a1af00696,Amex
ed1a1924-ac02-4030-a9d1-9829588ec98d,card,5fa5d06e5055c6bf,RuPay
6f4387b5-3b21-45b8-ad13-339a1a19fb2f,card,c4f7f653ff943e08,RuPay
27db0d43-d06d-4127-8aae-f0fc86e76bb3,upi,12691f55f3201502,Visa
afa8262a-dd91-42de-be58-9cb0f861a5ac,netbanking,26b901f8d659dbc6,Amex
56c740b4-511f-48a0-a505-dad332dce806,card,79bcf3171de80e4b,Visa
cc334b08-346c-44b1-a3cf-04ad4ed6b4a9,card,bb1ce397feb4d8b4,Amex
400677a6-d6d7-4d63-9623-008ab62d7979,netbanking,e71918460e0bb94d,Amex
838b8dbd-fcea-4897-b09f-545db2c567c8,card,5fa91b38c1b23699,RuPay
a7a1643d-da03-460b-b787-cbeace5bd57f,card,6a1cb95b5608edcb,Amex
6264c54e-37d9-4269-8410-751fe956aec9,upi,aed2fef98ac3835b,Amex
f29245d0-9763-4cba-a41a-2ddf072409d6,netbanking,a2e3ef6fa4ba3f05,RuPay
57fbce39-434e-4520-ad99-cde798c2fabb,upi,d9909bc48b38e95c,Amex
a42c9e4e-9005-4f2d-817a-48e998813972,upi,7a55b6ea378e449c,RuPay
07f7212e-b777-427b-b8c4-92f8d36de24b,card,410c0a4244555d90,RuPay
66628b23-3bbc-4197-ba80-8ba9ea1c19c8,card,608537f9c655d39c,Mastercard
c8febe4d-143d-4463-a20c-787afa6662bc,netbanking,882a54ff171ba244,RuPay
ea0dab66-ed6f-4090-ad2f-864ae7fd81e7,netbanking,8aaa1dcc5e59ffe9,Mastercard
6c1c5c19-c822-4c23-be22-8854df47dfad,card,c50e7c8dca330407,Visa
93047008-0482-4e82-a770-9c64a8ea4f26,card,941767d1a7df9931,Mastercard
64f990bf-f908-4535-92b3-edfc29860c6e,card,414f2a4d4130beda,Visa
e088885c-7933-4d88-974b-cb8784099a37,card,8029a93e8cf2c08c,Amex
3ccb7872-141f-46e3-8924-db9eb7aefeb4,card,1cfd77d135dd1bd9,Mastercard
20644035-99d4-451e-8f1c-1ea2f7452d19,card,a684a7e9cb5adb12,Amex
28447548-319d-44b5-980a-357f3b7c706b,netbanking,88553a8339e4771b,Mastercard
9b70cc0e-f730-4e64-9657-c66123abfb8b,card,01bad9eaf93f3dc2,Mastercard
4fca1283-bc49-4586-b43c-83f4618d745a,upi,d458c8996c40c1d2,Visa
9dd06145-6aee-437b-bc51-3ee21a75ca3e,upi,4d4150764912d052,Amex
bef37693-33cd-40ac-b0c7-891348f95dcd,netbanking,03ee4d277742b63a,RuPay
a41cf666-f38e-4d66-8ab5-9b9260c70064,wallet,8de499720c1b1481,Mastercard
a64b58af-48a6-4ac4-baf0-8145404d9753,card,7b4b1d9952e77e7c,RuPay
a43d6c94-c773-47b0-ab13-297d2b90c6de,card,b5040b5f5207e783,Amex
f127fb8b-ad89-4249-b1ff-6ee6a5a92a41,upi,a1e37fafd6cf4f1f,RuPay
8fc1bab2-bd5b-4370-8fe9-c2be66e9a50d,card,a6b4242b80e03670,Mastercard
b4df03bf-222f-48d3-83be-49896bed6915,card,b28a24c9bf4e3018,Amex
b272ff07-ab69-4f45-9b33-8c95bfb62dd2,card,e5c1c690e43f7460,Amex
2ecb3bbe-192c-49e1-af7a-cc7b155777c8,netbanking,ab329dd8347b7ec7,Amex
d3b76ca5-df83-4794-8857-d3c311b28821,card,6846165c6c8bac53,Visa
aeb2d0f2-f25d-49c8-8848-450defba5120,upi,f15f7a662294a599,Amex
00106681-abb0-4640-baf4-c66978c5238e,upi,34421807e00e7afe,Visa
f7c608f4-1f33-4b05-8ce9-1cebc5ca22b5,upi,64b0ba3966002da4,RuPay
027a2781-ae51-4540-947b-b1020fe49424,card,0de1d9c836915c5a,RuPay
2afb3758-f090-4be2-9399-9312eba8b95b,netbanking,5e0c5bb4b3a254c4,Visa
16510fa6-09a9-42d4-b6a5-5d1bcbc2b9a9,upi,f28802895fe5a7ee,Visa
20e82397-7054-4fa3-8754-f8eb4e176e89,upi,6076cebf4df48f08,Amex
c122831b-070e-4e0f-b813-cf330abccf3c,card,da67baa17cb17169,Amex
746804f1-b875-4984-87d2-ff90717068ac,netbanking,f1e64ad2131362e8,Visa
f56b7b67-d0fc-446d-9f19-709ea73cff5c,netbanking,489a69ec4cabc0f8,RuPay
25501edd-003d-4871-9337-7496f2799350,card,9dd272711801e5bc,Visa
19bbd8b7-d9ac-4116-a5f8-3c2a4476f88e,card,d103d65436291601,RuPay
80bbcdff-7a46-4d36-9f7c-4db8722421b8,card,9b0a93b9d420ba5c,Mastercard
32f48e08-1f52-47d8-88d3-52daed6bb6ef,card,85468ed32e4a2502,Amex
1700c87b-12b5-46bc-a2e5-0e34c51a5e41,card,a484e03b9ed9e9f0,RuPay
7b3c590a-c84c-417f-af61-59fbe5c8e25b,card,441a4305b8c5a0e5,Mastercard
b61fde00-21a5-4c03-98b5-925eb2f888f4,card,100aea5a5c3bb550,RuPay
0ebc0a86-ec38-4f30-a36d-14055497d493,netbanking,e95bed19f565a0c8,Mastercard
2826a019-440e-42bf-8fee-154f78380bc7,netbanking,78e60a2d5cedcb84,Visa
30d84ed5-80f3-4627-b24c-15726d744c2e,netbanking,b13457d9c6314597,RuPay
32a0eba6-d3bb-431a-828c-f7f4dab03207,upi,bd17d95707583438,Amex
a2558409-2703-4d10-8868-60591d18ac8b,upi,25e08d41da987f3b,Mastercard
da148876-7e55-4773-9d26-bf45e9ce94a4,card,2470e41bce05456d,Visa
ea7becb1-b6d9-4e8a-9789-1d957b3093eb,upi,4237315006b7f7e1,Visa
878fdffc-d21b-4ff9-8fbd-917d960dec83,card,5b885d4fbd644700,Mastercard
8ec604fd-9136-4ab9-86b5-3e0d5f3f8a50,upi,fdd14b47fe8d8b9c,Amex
ebc2c20a-08ed-4132-9768-780f3385e98f,wallet,1f223f495c285c65,Mastercard
84dd5261-7328-4e1e-b909-3c02eb162ae4,netbanking,678dd95230a969db,Amex
2d22f38a-47aa-446e-99f0-86b9c4e9e4b8,card,957e6a824ee156a5,Mastercard
524e5c84-b313-4b0f-9272-69fffa0ecd56,upi,91559223d0f6306e,Mastercard
45124dad-6566-4319-bf15-6efc12eeb52a,card,e9920a9cc5ecbdd7,Amex
fc55c2b7-302f-4d20-bd9e-98a06ea1883a,card,8cd654240eaf56f7,RuPay
a1792c2a-bac3-446a-9012-beaa0ed9e105,card,6759acf951b55123,Visa
6630142c-a6c2-4b8d-9fc4-057ebb216a0f,card,91cc7b822a04fbf5,Visa
33896653-7c1c-4779-9355-9bb755fa240d,upi,89b88dd6e5e40f01,Visa
913f1b8f-a27d-4c8d-8834-f407c95d87e4,card,14d436f623b676e0,Amex
6ad47c78-ef74-4cab-a838-fe7c706ca498,card,f5137f3c9f170c9e,Visa
80ad8925-ee6c-42d3-875e-33f152928d83,wallet,0d475cb639e4c756,Visa
b3139fe1-172d-4908-a044-2f0eb8ac8156,upi,a9fdf41378e68e64,Amex
6d7dcffa-6cdf-4ef1-8097-1c7d58167422,card,07600fc3de4a9399,RuPay
242607e8-471b-4f7d-a4fd-43e583d1596d,upi,975405055bba3f2f,Amex
794d9ccf-6e37-4ed7-a693-ba41dae90b5f,upi,8dfa036a5fd6f755,Visa
5f4da504-708d-49e6-aaec-1132df7d899c,upi,b63b90e979091ca3,RuPay
f4d6dbde-410a-42c2-8f01-141f05801bfd,upi,3cc571d3f7dc589c,Visa
5e77968b-8669-498b-8e1c-40d4487eb58d,netbanking,91e29ffa73dc8a00,RuPay
89857ab9-3a4d-4db0-a0ac-bb3ec617437c,card,ac35b249bdf1aec9,Visa
ad6dfdd5-64fc-499d-8fba-a63fe0f6c698,upi,a9245dbde8300bf6,Amex
1fefc377-3a5c-4378-a77d-b93b1817fab1,card,71acf2875e0fc67c,Mastercard
ce8aec62-88c4-4f41-9153-de343c01edf7,netbanking,d36e1c792e15f94a,Mastercard
6101bf9c-4989-4e51-9611-cbba2b71f9fe,card,5b5226fee13aa278,Amex
073cce6a-362d-46da-a772-962eeef1e6f1,card,da909a6b9758e4f0,Visa
20046cf8-6151-4b29-9bf2-3a53349858bc,wallet,cfbc263305c80835,Amex
6ae1719f-173b-4c20-ae0d-6bad9436171e,upi,c8bf2230e7015dec,RuPay
e392fa15-d69c-4404-8d56-7f012e1c1a5a,card,325e3e1944c6d0c4,RuPay
e3600049-fd15-4b59-aa84-74043c5ba175,card,bc47022253c95436,Mastercard
22f2c0c6-cb3f-42d1-a532-d0823ea5478f,card,18faa2e2892e601b,Amex
4b218a7a-79d0-4090-8f4c-33fe942f8bd8,wallet,7aff3b319c3b942a,Mastercard
fe52b58b-60c5-4ad9-99a3-6be4f0cf18f7,upi,95f5b03c6bbc7ac3,Mastercard
0f074b63-6a04-4471-92a6-1df90082e9fa,card,3174f1313f63c340,Mastercard
28adb8df-4a73-4708-99ee-e80c36240b91,upi,3b421ba460787108,Mastercard
8afcad12-1f86-4a76-9759-edfc4ad469f8,upi,ab1e44798405f27e,Mastercard
dd20c7b6-e9f7-490d-bcbb-901220bfb0b4,card,825dcafa2f9dffd5,Visa
16c07ab2-1ea3-45bd-bf82-1c9b69842cd5,netbanking,f049a4e410957e48,Mastercard
113802e9-5f6c-4e00-a3e4-380e184521ed,card,358017bb57ee0cab,Mastercard
7124fbaf-8f2b-4889-b2dd-473b66c9c206,netbanking,8c87d58984dcbae0,Mastercard
17bc8da7-5d10-45ef-ab58-3433718b0697,netbanking,8f3599c52908667f,Amex
3a5d72eb-f055-4406-b908-9f5fba258de9,card,ac900a1654d022e0,Visa
615a96ea-f762-48b4-a929-7d6ee0a792c6,upi,aad073fe301bbefd,Amex
b7bc2064-9db5-40fd-b28f-b5b854ac9617,netbanking,b005e524b4f2ffb6,Amex
0918a63a-ef6c-4710-8ce4-31508d89b05e,upi,e1fac689781707bf,Visa
3452d36e-6ed4-475a-a78a-38bb226397d7,upi,bf843360f900ad8f,RuPay
c409c33e-f81c-4084-9e16-53bd3a80214e,card,8ba14e97a27045f4,Visa
3920e089-663c-413f-9b6c-2edd67e938d3,card,c09113562f685d97,Visa
1088d5ee-bd61-486a-bca3-7dd27f109f2f,upi,e86cf9076638b3f4,Amex
e17da885-26b3-49c1-b0b6-454dd37e2f20,card,9ce1b52f635c54db,Visa
4cb92eb2-829e-4dd9-b660-cd9cba77b1ff,card,eabb6881149f935c,Mastercard
def8abce-2556-4d4c-bf22-bb4f0c7ff181,upi,4d2403fc75fba867,Visa
752b578a-0933-487d-842a-1c304356f9ab,card,4377e913e7cf0e44,Visa
1775525d-c0ee-4a20-80ef-6cb305241ab0,netbanking,cdbe0e63910acc1e,Visa
f1bd3bef-0c4b-4e96-b1fd-5992481506bd,netbanking,5862d55f9cb051bd,Amex
2d036027-579e-4b5a-9689-f76a9941bf14,netbanking,5ce17b40b565f19d,Visa
982f641b-dcf7-4816-bec0-642c360f5079,card,ae75d124b0a3244f,Amex
56ebbf1e-b9fb-4474-863d-a4ff3f88f1cd,upi,81320f4ee339f678,Visa
205a91dd-fb96-4cc7-9f54-00b3ace616da,netbanking,212e97286481aab1,Amex
5d084546-0cfb-45f4-9be1-9eeb3ecb08dd,card,dfd0f9ddeae81661,Amex
26d73de8-67c0-4d62-9a10-8646d9440828,upi,5e0a9abcaa2abda4,RuPay
1253a496-4058-48d5-87ee-994f3f4d8619,upi,d6250278e72d65e3,Amex
2c2f7ec3-2964-45e0-a404-01544097bff2,card,4d4898610b8fa5ba,Mastercard
057fee3e-b91a-4f08-aeab-892868129af0,card,cabb028cac1ecdf3,Amex
246b0c35-8128-439d-b570-e74c93032c21,upi,27e6522dfbee0eb7,Visa
ae543342-d5f7-4c04-823c-8d32e4272422,card,98df66d02e4449ba,RuPay
826cf37a-2411-414d-ab81-39f7b57b565a,netbanking,329a0511f4eacf6d,Amex
15206821-1bc5-4852-8383-032ff7951d77,upi,2ef55482dbc1e8b9,RuPay
8918e5cd-016b-4671-a37d-67c22b9158f0,card,efedba5aae51eac8,Mastercard
2d3ccfd1-12d0-4cca-a4eb-9674851571f8,upi,c6c46b310946e6e8,RuPay
fd2eb6ea-eb0c-4388-80a4-c6359c285415,upi,dcc5bbe493aba8ae,Amex
76acaa3d-d9b8-434f-bfbc-0ef35d0f04f2,card,cd7be459521daedb,Amex
e64d8531-e78e-49c2-9f74-f05038bc07f0,wallet,b19caf92c482d59b,RuPay
cded5b6b-9934-4dbd-9b30-f68e37fdb3af,upi,3b89cdb527fcd04b,RuPay
bb2db5b2-f2dd-4cff-b3c6-e3e24770303e,upi,d3b80b83e7c1b024,Amex
263a7640-c94c-48fe-9677-d0cadc4d9b00,netbanking,fefd4dcde18cf786,RuPay
f72463dd-0cb5-4d8d-8136-b6f78e6471f9,upi,3fcf8396c3296572,Visa
b60fb843-1209-4a9e-b09f-40868572fdf9,upi,38be5bcd3fbb70e3,Amex
de398c00-481c-42cb-8450-bc16b2fca1a6,card,2726169bedf72b94,Visa
a9bd9d4a-951c-4c0e-bfe3-d7f40771e282,card,dd74d1b4211c6ad6,RuPay
8af8aa3a-a52c-49b2-84fc-d8e68c4d79d3,upi,33936e0f3b54eb64,Mastercard
ff4a97e4-2065-4665-8248-59359f33e804,upi,04a0e0fe10162e73,Visa
035ee6e0-9bbf-4f1c-a202-0a7349f0eba5,upi,dee2c90a0b196a9d,Mastercard
bd5110dc-87f1-405a-8178-1c56d0557a69,upi,6fd6003e3bb1e226,Visa
fa26dcce-8645-4770-af23-c6711c2d63ac,upi,34aceb92127c534d,Mastercard
aa6e1e37-640b-4df7-bca8-91e49fac20e8,netbanking,6ec982034cdcff64,Mastercard
6f185fd9-59a0-459a-ae63-fc8321d8cd83,wallet,701fdd0e8e27cb34,Mastercard
5e978f0e-d56c-494d-919c-fe9a051711f1,card,45fe0291f26556fe,Visa
3318690f-592f-47a4-adfe-1415d9e78606,wallet,f1a552ec43e9e171,RuPay
a0bf428e-6c88-4e52-9042-72c041c92584,netbanking,8d2152e62ead0bcc,Visa
3bb1ddce-cc6e-4a00-aada-516f9c26e4a7,card,7c3e52ca17c660c5,Amex
ef7a1d9a-a8b1-4bc1-a42f-14cc55a8c42a,card,7395e7decd6bb8a5,Visa
251c2595-a2ed-4982-9ff9-431e642289ce,card,e957d5db614d41c4,Visa
3d57bf8b-777f-4537-a85a-a916d623e22e,upi,6847a7e064264695,Mastercard
c9703268-1a3f-49ef-ad1d-9aba267a46ed,upi,df7a88877bba5a0c,Mastercard
b4793273-3a0a-4d1a-893d-f290e81d77e9,upi,f65fb081c0a7e486,Amex
b38d309c-cfde-47ea-a408-10103f91ae80,netbanking,6021a3ff0b3d57a2,RuPay
84ec73d1-5f95-4808-bf9f-80ded0dfc71e,card,2c2add2646296bc6,Mastercard
d02e9703-ad2a-4184-bd6d-4c709414ad5c,card,19ee0be162babb6a,Amex
e8551669-5b6b-41d4-b500-5b416f26669e,netbanking,9f081c6e14bd0071,Visa
6eb3da6e-fcb5-443b-ab37-d3e2096998ec,wallet,646a8fb6a9e2cc66,Amex
4936cbf3-f66a-4e64-998f-e47a7b62dfde,netbanking,4fc596e5037fc079,Mastercard
173768dc-56ba-4a45-9069-9a1b264c815f,card,e950aba0bcc426e7,Mastercard
b5b7c1d7-fb49-4a7c-bb2f-8fd9dd4551bb,card,f5dd8c5ba7cc47de,Mastercard
6ffd5dc3-4290-4b80-a16b-0efa4d63f28b,card,0a36f0b7e0432a9a,Visa
62cf0c33-d7b4-4294-89ae-500171d7fc89,upi,0a999515bfe88ac2,RuPay
c03fcf42-0ec5-4e8f-a864-989a64beb270,card,f3171d12a669260d,RuPay
81959e9a-a3ae-49b6-92c0-156b3ecf51e1,wallet,198ec1aa831075d5,RuPay
713e3050-6289-4bf0-969f-ddb9b2b3403d,upi,fdaf09f2ee01f547,RuPay
17654520-87c5-4d59-ad98-f9500d2a8bda,upi,80aa8d9513a72c22,Visa
24e27f73-fb86-4773-a699-c67c896dfd21,card,912d4147ae741378,Amex
fc92cca2-5fd4-404c-af5e-0d9f16c806cf,card,6f8a9ee2f22cc532,RuPay
c9225ed0-0bfc-4d04-a3aa-0d7733e2b987,upi,454cf52553bc045d,RuPay
fb32272e-ac22-4ca7-86f3-98c09e98560f,upi,35982198fd1df5e5,Visa
9116d1ff-6f2c-4653-9127-430ae8c7c72d,card,a39ba13d8136d736,Amex
523d0e0e-7bfb-441d-a9a1-f92b6b1a5153,netbanking,5a7dc13562d3805e,RuPay
e7ee2aed-651b-4fe3-b920-08627cbb6dc6,card,ab3a19508981a9fd,Mastercard
53091341-50de-4d54-a026-906854b1a07a,card,feff355c92ac314c,Amex
f530a2fd-c239-40ba-af5e-ad22f8ccabbe,wallet,17a47c1f3ac0c127,RuPay
61ad67a9-80ef-4972-a6e7-737eb1099bc2,card,fb44cfdf49421523,Amex
38e85d46-dadc-4b37-a8b4-7d17e89ca0f9,card,2810937260dd5d8e,Amex
78f87d70-fbbf-417e-b966-5127a27ce98e,upi,73eb124523050ce8,Visa
c3c3d2a1-ab53-4482-b7f5-3b860f53302a,card,aee7c8cbd4733b0f,Amex
bf239cdb-d93e-46cd-89b2-da8eec0768ae,card,6a465d766a9c5a49,RuPay
c8e91a02-e096-4b3c-89cb-be5e88a9119f,card,118fed2bdced887d,Visa
1cbec0f4-14a5-4b53-ade3-cc535660d46b,card,1f8a72ada1037d86,Amex
f1b21aff-ab2e-4bd7-9292-1b34c64ffd18,upi,636f3fb3bce49ec8,Mastercard
24b54cd5-5dc5-4504-bff1-dab35cf993d1,card,7b02c74a1c0562a6,Amex
4682c6ee-c63e-4941-b094-3ff8a33f289c,netbanking,206d997b9a27c8eb,Visa
9d69b9a1-29b3-4509-95d7-861aaacb03e5,netbanking,510f76aa55ffc5a7,Mastercard
375764c5-7ba0-428c-bdcf-435c6c8cdf4f,card,41423f046d7799c7,Mastercard
6602edf1-07a2-4d89-9bce-452d0f3a03b1,card,c3449ab587ea5c41,Mastercard
1b1e70ad-bc1f-47b6-8b31-4e01551e4e64,card,152ce7b98782ccbb,RuPay
3994f6cf-c622-4d7c-ab6c-4899d685ab9c,card,24b1a5e8e36db2d5,Visa
896c6528-b1c6-4e4d-8406-fbf099f561e0,card,256c912a10fe0840,RuPay
b28de4bf-6815-405c-aaac-b5c40a671c7d,netbanking,dd370a3e1a4246e1,Visa
22f3531c-c0e9-4d59-9056-0d9237abaf09,card,08927a6326b0aa07,Mastercard
5abf303d-ec0e-4e21-ba0b-929152a64d40,upi,cabb8a07f355f49e,RuPay
dc11c754-a561-458b-93db-83e4dd712d06,upi,414700b35074b30d,Mastercard
983aa41a-3e84-427e-ad19-325157a14f96,netbanking,ba4ed8ce4d6844dd,Mastercard
f7415196-8532-40c1-b460-efcb6e5e22a5,card,d7514c5eb9bec67b,RuPay
e25eaf5e-f6f1-48f8-91a4-33cb91fe13c8,card,9792a455a7736e79,Visa
27fc13f2-d562-46ae-b066-5dc15320921e,wallet,367467fa4c260fac,Amex
482957c1-0b69-4c9f-8ff2-b4408acf4c5b,card,2d5344efc4214ce2,Amex
03e0026b-aa9d-48d8-b0d3-2521d141a4c1,upi,4db736b086a5e618,Amex
2b98dce3-56af-410a-b4df-b40e117af8b6,upi,9368f4922c957e2e,Mastercard
2f02f9bf-b29e-426a-ab1d-37dd453c6c38,upi,7fd349a6719bce7f,Mastercard
01910c63-2215-49bf-8f49-65d79de6445d,card,99121326df53c07e,Amex
7a55e661-0da4-4687-98ef-83d00f1a9848,card,55f84cec129e7d19,RuPay
732ee463-2bac-4754-b8c1-7a20122adf88,upi,42f351039ee74612,Amex
9c15e8dd-c281-4860-8b82-dd7c34768de4,upi,cf5925b7c5adbe80,Visa
125dfa80-b5ef-45c2-a3f2-2108ae13717e,netbanking,e278d69f98eaf68b,Amex
d4ad09b4-6c0f-407a-8e92-5005235bcae7,upi,9922ba011e0a9087,RuPay
e33cbd97-2ae2-4bed-af05-ee0dc6d39c41,wallet,24a52c94b8d8c6e3,Amex
e4769f59-7c95-4768-8501-166c77b04577,wallet,4b9fb2c3364b23a9,Amex
c79a71b5-bcc5-4687-96c6-cda08501b1e9,upi,a54a04dd1f9a80a5,Visa
073c2de2-53f9-4720-af00-2dd2340dc908,card,9f7819df83449ee8,Visa
7bc110b3-5250-402c-88bc-dba77eb3492c,upi,3f2bbfa5fe14d0c2,Visa
b890b93b-9a37-4cf0-a530-e15ba01546f2,upi,66cada6741254033,RuPay
533d1660-ea16-46a1-9600-9735fd11e3e8,upi,15d5c21589b7b0d5,Amex
3ef9b948-8d2f-4139-aeeb-a83247d979ec,card,a5b46d6235d821a3,Visa
94444235-3697-407f-a981-f04b7ff7e419,upi,4b276303b272c417,Visa
0fff28b6-c4f9-4ae8-85ab-65f670ab0c33,card,49ac0cff14cf8c9c,Mastercard
8cc321eb-96fd-4a5f-8d4c-de5e506164b7,card,118b35e83b2a2f20,Mastercard
b62f904d-eaba-4e0b-807a-8bccdd1b560f,netbanking,0483f28f91050519,Visa
bf9e94d6-80e7-4354-a06c-45e0b5154b63,upi,ced2c23fa68bfed5,RuPay
70f19fad-4650-4c7b-8493-66c49827c632,upi,d114ec8bc4623a6d,Amex
f4a41060-7c6e-43b7-bbeb-476383a69c7e,upi,39281b134837c621,Visa
ff678dce-0474-46e8-afe6-6497979e4721,upi,8b34c809bf71cc57,Visa
95c5b28c-59de-47bc-995f-7532e51f28b8,card,519923241fe67216,Visa
49d3757c-4afd-42fc-ad72-5e9b67d648f1,upi,ac9e719b802edf62,Visa
58cb21b0-5e46-4a7d-8ab8-1a59f61fa6b0,card,d79315469d3f611d,Mastercard
4353ebfc-dd1e-45f8-956a-e03f78caaabe,upi,397e896721ffcbdc,Visa
6cd72dff-e1a5-47ee-88dc-cf5a9d8c5e7f,card,067d6c5890ef4853,Mastercard
7f0be329-487a-43bc-8bf6-debe6bf31444,wallet,25297d12b427aaa8,Visa
336f8618-f333-406c-a351-ecce5a3c2194,netbanking,397745acd9f07d5e,RuPay
1ab9d090-c714-46ea-b10d-efeeea4929de,upi,05cd3f7a0daab1fd,Mastercard
bff6940b-2ba4-42de-9175-befb6888aef7,card,5c66e82a9909faa6,Visa
7054bb77-32c3-442c-949f-0511ec027ffc,card,fee20cf116f7025a,Visa
9ac9ce96-0b87-4523-8823-502187e19a15,upi,5eb9867fdce7c39c,Mastercard
b2bfb970-34c1-4e6f-bade-4f18f29d5bab,upi,92078dfaf42955bf,RuPay
ca0131ce-1522-4818-b1a4-bde56c22b07d,upi,2f827229e847af0d,Visa
7fa2f214-def4-47e6-adfb-893e86f7c086,netbanking,672dc27ec27be642,Mastercard
d84040f4-e6d9-47e0-b589-f7e33150182b,upi,227468751097e03c,RuPay
129a7695-e197-4bbc-9350-8757f4893994,upi,1747cb7fac6d2391,Mastercard
0246e5db-efab-4c90-8235-81b2078854f0,upi,432e7c1e82d503b0,Visa
04c345a5-a4ef-4647-af56-c43663b9198c,upi,3388139fc4a1af9f,Mastercard
67078c7d-9da3-4317-94d6-f34d4dfa1bfc,upi,92c217a434bbfd44,Visa
2ab1c390-5b65-4451-b0db-84c8f9513fa2,netbanking,3021c26dbbd47e53,Amex
3c92b3c3-8ca8-46e0-aaf0-452fee8fa4ff,card,7411d4be9025ddfd,Amex
9e6cfb80-a250-4045-97bb-8a0d6de6b58f,card,b9c08cb3eb4a1d98,Mastercard
1c5124a5-2333-427a-9082-1b4e9a0b2a67,card,cffe280c5d227b13,Visa
ed3ef111-79fe-4da5-88ac-424030638fd1,wallet,f06cfbb34eef9484,Visa
23299790-233c-49ec-bb73-150c95cd8b84,upi,0aebc548c49c6abe,RuPay
df19f5a2-25a9-4605-8c50-c6525b09ce55,card,df61552ee9d775fe,Amex
ac439e41-1412-4800-b01a-c9bf2c4c7f30,upi,35bc72dbf1095ad3,Mastercard
da7562ff-45c5-44da-9b73-3c4d7a7d41f1,upi,d0bf148617422131,RuPay
84163a94-8d0b-4cf3-a34c-48fc21693b9b,netbanking,6913c7b0eacc142d,Visa
5f7c1c5f-75e2-40e6-81d8-4eba8c70b0ca,wallet,83335e9b3e560dee,Amex
a660182d-7d3b-4e45-9d15-b31f0ee077dc,netbanking,f94cb0380e02cc0f,Mastercard
293e86fc-d36c-45a9-99ad-8be189111e6e,netbanking,ffd118fa0393f2ac,Visa
1dc20c91-5490-4b4f-9b64-d92fd46418cd,card,5f46e02fa9bf8c27,Amex
384106e5-f40a-4113-98d6-13cd5bb1232d,card,df23ce6fa0d8ad44,Amex
f8d2a810-ec1d-49c8-81b1-10f4cac44a2a,upi,468f5c71c0999495,Mastercard
cf2dd70e-59bb-4a60-afbb-2ca1b3821b59,upi,68f6027415d2dcfc,Amex
46bb28f5-7f0d-4857-a17d-9f6e0d6474f9,card,131df2d282ef67b1,Visa
cf4c9885-3de2-48d4-bbc9-5caa24a5c1c7,upi,7f480a85df81f130,Mastercard
f7955570-d6bd-4382-91c7-e463da241d05,card,c7e93af7ec7d997b,RuPay
31a3d980-b3db-425d-b0f7-f8df682462e1,card,76d8a619688bd3c8,RuPay
a7b25e90-1071-460a-b111-ff70b508cabb,card,7438eab3f506f9a7,Mastercard
ec10d25b-310c-4d6a-99d5-84b39344ed1b,netbanking,8142c28bc86efa7d,Amex
00d082c6-e0fb-476d-84e0-779098851351,upi,af9b48cfc8c71db3,Amex
1598055f-0428-4f22-9aa7-00dda21dfd2c,upi,f91ac883c53f320a,Visa
bbcd043b-da44-40fd-8a86-acd02d5f9471,netbanking,f071636f0d11e7cd,Amex
243dfea7-195d-4de8-a9d7-719886b0ab39,netbanking,43bb1e2e17e507fd,Visa
13599f5a-22d6-4291-a228-b553d77d8697,card,abf492b115ed3532,RuPay
dd372260-84aa-468e-afa7-2fce30cd087d,netbanking,528a7cb89dde2395,Mastercard
731dd16b-ba36-4fa7-8cd7-074be398440b,card,8597d791050e47aa,Mastercard
7332f172-680c-453f-8b91-74c2c8f69397,upi,1f66253ec2c1e1de,Visa
ba0bb6ae-6090-4d38-aa46-02938029f53b,card,53f310b290eb3627,Mastercard
f28def65-d840-4651-adf4-25710fe53333,upi,5861620bcbfa82b6,Visa
f0323b7f-ee34-48bb-a5ba-997e2f840dab,upi,c416e74bd522e301,Amex
e362b322-1db4-4fc6-9320-0085179dc355,card,026b3013fc25c289,Visa
b3c728f4-9066-44e4-a285-63d43de1ebca,upi,c1f9ee3bf2741256,Mastercard
089a2c09-a834-42ae-a541-729a90cee7d6,upi,83763d98d1c6ae9f,Visa
4cb5a33d-4c68-4528-b6c6-0bc2ec979d89,upi,1b5b62a8eb215978,Visa
91c0a9d0-fc0d-4e33-b3e0-0e0698d99b81,card,2da59d7922102865,Mastercard
36812e0d-09ed-4ae0-ad18-1b4beda2913f,card,d39e3a7606069788,Amex
d164d3f1-e475-430c-9e5e-96db91911e69,card,70990dadcf7e57df,Mastercard
a42ccd72-a890-4c6a-97eb-684736583707,netbanking,708a8c22e7b925ae,Amex
a08a6092-5248-421a-950f-37c9f4cb1e7e,netbanking,9c812bb7ee39d2d5,Amex
b67ee000-861d-4fe2-b46f-62b5851bf4b3,card,185dc28bf6eea80e,Mastercard
4e5384cb-b36e-4931-9ecd-02f9287db49a,upi,db74d581b77f28d8,Amex
c38c8d51-a8ef-4352-985e-84058e9ea4b9,upi,111742449728653c,Mastercard
569b2fa3-d5db-432a-b032-f4829bd7820c,wallet,42c3f108c2a10530,RuPay
61662471-011f-40b7-9392-f6145efbf46d,card,bf35b9e6108be39e,RuPay
17dbb381-90f3-48ae-9a80-e6ac0e429284,upi,f37d95f2f6ea3ddf,RuPay
8a9a68ae-0068-491a-bc5e-e87c98e764f3,upi,f9b5a729d5298267,Amex
cbd238fc-0cbb-42db-8db6-3dd4e04c2f8a,card,5743c1353236abe6,Visa
1ed1a60d-41a8-4f4c-8eb4-7a39945216f9,card,7194b40e10d6dcd0,Mastercard
0bd62009-3e2c-402a-86d5-d0946a076428,card,8937db091344b1fb,RuPay
bf8a04c9-1e30-449f-b0ff-ceae184557e6,upi,eb164990723d9a53,Mastercard
427d4db7-6e8f-4e77-8ebe-2e2759524888,upi,755da48242b2dc11,Amex
123ff671-b258-4841-8d0b-71a90bd65198,upi,0d0ba4b55c1689d1,Mastercard
08444647-fd65-4723-ac9f-4907a1270f54,card,86e8b30d85a03146,Mastercard
d22361b6-5e9d-46a1-9188-65e0a8a63911,netbanking,ec30d3f105bd2502,Mastercard
192b9ae6-3329-4f35-8a7e-421f8870588b,card,0bbda91235fbf780,RuPay
81f05fa0-274c-4a01-a166-2c34cf8a1e3a,wallet,e68abd71e96743d3,Visa
bcab312b-3ea7-40ea-94ae-26625a7e6c2e,card,4b5b41d1b4506215,Visa
3c7476ed-4158-493f-ad41-542fcf781f70,netbanking,f80c2761aeae0439,Amex
4b01c52f-9439-43fb-8da8-f9d513a4f6ab,wallet,7a9e8e03d50560e4,Visa
3c39c17f-5679-4299-8fbe-249f2c58ade3,netbanking,74fa500abf02859e,Visa
cff780f3-e9a0-4aa7-9417-88e5c2af6434,netbanking,9bd5b15fe1c750fa,Mastercard
3bb7b7d3-9cb5-4769-87ab-887a06594877,card,b91ffbda6f4a988d,Mastercard
e324d124-6bec-4137-8d07-98cb53559839,upi,cf7893c0bd2f706d,Visa
76c796c7-31a2-49ba-afe1-de788a367828,upi,2168326ddbc8b177,Amex
62f25a9b-653b-4efb-81da-d31e8ec481ee,upi,24551082250792a5,Visa
09102d50-b5ad-4572-b476-953ef67fa1ed,wallet,2e735fad37c283a5,Mastercard
eb0e5a72-d905-4fe0-93d4-51abe4ce6edc,card,51b391f54a656cb3,Visa
17a45ef3-f242-40e2-8c2f-f00e2d7aaf39,upi,ae03c77c927042f0,Mastercard
79961e15-f4a9-4f34-8255-a85b0e583556,wallet,6f89dd4765711dbc,Visa
efa82cb6-8178-47b0-8a02-b95a43c84b09,card,5ef84b481b56f7e1,Amex
8ee4b754-1d2a-4fca-b812-daa55d7a86d5,card,0ec369d9d56c378c,Amex
e5300962-8b18-42ec-b7ac-22ffd824af7a,card,2382efa262614ace,Visa
226a7855-d71a-486f-b18c-62bcd09debba,netbanking,ad6487c80402ffa1,Visa
3323e33a-778b-4d4e-b482-a8b83eadb0a9,netbanking,551adbefec407ac6,Amex
360b214f-6de7-45f6-9dc1-d4278e4dd513,card,229479300e09c22e,Mastercard
64dd9976-5698-4314-8433-083ea3f588e9,upi,ead7c9406f632932,Visa
911a79c8-9ab4-4e3f-b22f-ce26270f5378,upi,1f939a8e60de9214,Visa
0ed1a1b2-45a1-4456-99e2-4e8724b19140,upi,c9fcebd13cb5f17c,Mastercard
054e5f21-b8d8-43f6-86aa-4f99b6b23178,upi,14ff54e97fb1dffd,RuPay
37456319-fb1b-459f-beee-549d9f2b81ce,wallet,9e4ab295ae01990c,RuPay
05d75fdc-2bba-4d5d-8e0e-054783582f40,card,7e0b0065e5507d8e,Visa
208bbe2a-1825-4aac-b646-bb5f20fe152a,card,37743f07104cec99,Mastercard
f03e15ac-a948-41d5-90c2-8101ca9bbb4d,upi,e6f280f25b7158d9,Mastercard
566208b5-73da-4938-aad1-8ecbb0a2ce47,upi,7f7f671da424b37d,RuPay
8b324a2e-c1f5-4d0e-8d50-c10701cbd370,upi,21c72d4724342d81,Mastercard
96c0ecbb-08c1-48ac-9c19-04699f177911,card,9fecb1c9cdb753e9,Visa
89def69c-8d6f-4c07-86e3-cab532bd0473,card,adf80bdcc53168da,Amex
dd3e2dc8-2d99-4775-a9a4-e3988504fe30,wallet,f4a8c794a7cfb957,RuPay
980634e6-04be-405f-94b5-1ace1706862e,card,c75aa4c2f5a8e0d0,Mastercard
2285a575-83ff-4948-8480-bffb7066c41b,upi,94f6a3cf61b2862f,Visa
9974fcc3-8dd9-4d44-8151-6154e7b267e5,netbanking,d7890052cd03a087,Visa
5cce8ece-0eba-408a-ab59-9cf30a42fe5f,card,a39af66746221298,Amex
f57fb3b4-14b4-412c-835b-58815eef0128,card,aa205c3419013737,Amex
5d66e5ef-5366-4f2f-bd04-b619434d62e5,card,63ef2816ac34b33e,RuPay
da2b818f-896d-42fa-b809-afccd891b89c,upi,629f532a8928e554,Visa
43cf2340-602d-4196-b992-64a25a6f71cd,card,04d8960970e75ea9,Mastercard
5e772458-2e26-45e1-987d-bd7b3ec62b14,upi,8904b84dd276d906,Mastercard
55809c52-e1f6-4357-b4d2-3c93526fda39,card,826f55a95c33c917,Visa
d6f1e026-d574-435b-a434-f43b13ed664b,card,b0c3c8087c02169a,Visa
9b4c2c36-24cf-4e09-8e75-e26d0cdfb0f9,card,c5902288d1e1e7d0,Mastercard
81b58c1d-24ff-4907-b4c0-394fdc6c190f,card,80b42a8771c6007a,Mastercard
0bb8ceec-c14a-495f-ba22-8f711bb04c6a,card,4cdbc7ea452757cc,RuPay
40ca45cd-0606-45c7-ae90-51fd5b5e5bf0,wallet,25e3379cfe048131,RuPay
c47643f8-10d2-44bf-9e8f-321ae1cf9212,card,59e9dc66591c5358,Mastercard
4e8f0554-5e59-4e97-9d57-a1e22d80bb54,upi,02250e525b1c4b4d,Mastercard
c39e10ed-916b-4e76-b2db-450713a82a3c,upi,3d622edae36bf2ee,RuPay
49c7cf85-cac8-4dbb-ae3c-17ef1e08b0b5,upi,2e49d79ee4488d8e,Visa
df4ce41f-ae8f-4a96-aa09-4391be4c1052,upi,3324ad41406d6d30,Visa
b3fc1b9c-0b3f-4f82-a5a4-7353a4e5daeb,card,34c6a81d8a8afff7,Amex
aaea90df-c120-41bc-ba84-be4124cdbd61,upi,ed5999d553cae159,Visa
e459fe47-9736-413c-9031-b38d05665f6d,card,d2839a4b3f4c355b,Visa
a5843119-f5ef-4c6a-a037-9748dc24fb91,netbanking,5b3b7784fe2563b0,RuPay
fd7af627-dbf0-4fdb-b6dd-e5545a4761ad,card,f3ee5d2ca4c43342,RuPay
2dc5b820-6a1d-4367-a6d1-ec8afd4f81d0,upi,e31b1b4cc688c61b,Visa
9276be2b-5fac-415d-a774-d626b5a65fc7,upi,ab0d31c66cee0469,Amex
3ce482b1-cb83-4a8a-b20e-a1f28daa3eef,upi,059f8b2a4b7a22d9,Visa
d0179333-067d-4660-b658-b5166917e70e,card,ce6c78883628250e,RuPay
eea87bab-764a-4eb0-b265-9e70a6e77a25,upi,bdb626df05330e73,RuPay
36ca3851-5ef7-466e-81b9-86f02503395e,upi,b2d8aed5fe51f64f,Amex
9880b27f-5e33-45a8-b2b9-3145d1e51e4d,upi,d830f93a6004fe30,RuPay
746697e8-f518-4040-a4d2-47a2284d8f5c,card,98cab5c1961db8eb,RuPay
1faf7a37-6bf2-4930-83e7-e69808880c08,card,db9f23b1ceb01556,Visa
8a751449-5662-4205-8e2f-d31e077dfd36,card,97d0f37cc089e896,Amex
cf946069-94af-4380-9b02-187612954373,netbanking,c155c26280158e42,Visa
e92ae03e-868a-4a33-8843-056dfbbb7a9f,upi,3ba7f87fdcf054f9,Mastercard
6f7db124-d772-4c8c-919f-8685d0f7364a,upi,ce1baa7b679986a7,Mastercard
e2f7e992-e6b7-409d-ac26-138409f279c2,upi,6ec554dc17109d53,Mastercard
f612d1e9-9680-4f29-924f-7fa59fb73e40,upi,c86813539e07f35b,RuPay
c7886b9a-f64e-4b1f-9e46-e154361e0bbb,upi,2280603ef29ed0db,Visa
1eea55d1-123b-4fc3-ab77-9236dbb1ad05,upi,d12097c9b9b6ebe3,Mastercard
bfa37258-12b0-48c0-915b-e336e710d620,upi,bc55969da1fa8c25,Mastercard
66be4062-e2ba-4942-adc3-6febe49f2797,card,70f920d1348555bf,RuPay
4f8a7d1a-3827-4c2b-b099-8059c2da050f,netbanking,d4bb8ed08a4bb80c,RuPay
bf5ea3b4-2f17-4ecb-ab1f-7faca46c457e,wallet,4bea96926644d208,Amex
70924519-10c2-4379-8e2a-adf1c4649276,upi,21d54044ad51aa15,Visa
957c5321-5bb1-4490-a22a-210c59903c0d,wallet,dcbc12c7488132ce,Amex
3555af45-5681-4617-8686-1b956cf5cc82,wallet,b59b10817441e03a,Mastercard
b344cf04-45cb-471c-a891-d3329995a7ce,upi,e5cc66e9238c9bb9,Mastercard
e5dbe06f-1af5-40e9-bae8-ff79a11519c9,upi,2d820902cd8dfc8b,RuPay
e3879453-f5ac-425a-8ca8-3e27c4214efc,upi,7f48fd7fafba8b8f,Visa
d1b5e7e8-a11e-45ee-aa2a-caecf867684e,card,5fa142d1cea195be,Amex
3a882e11-0818-4baf-8cc1-678e8ac311c2,card,ebbbaa26cd760dfd,Mastercard
6ce46001-9175-4249-a1e5-ecca9e0535f2,upi,81d87b129f30c24f,Amex
922837a9-8f14-4568-bc5f-7c033d8ee938,netbanking,54ca18f63cde3b2a,Visa
f608579f-efe5-4cf4-a799-16c68d6845db,card,d27c3bb2318f6a2b,Amex
b1f8646d-09fa-4751-aea7-6e85aafad15b,netbanking,9d90dc72e33e76c0,Mastercard
5de4370e-5694-4671-8c1b-0066a823ea75,upi,37a2d80d00e1125e,RuPay
84f97cf5-4326-4ba3-a0a7-f97062daffba,upi,81b0c7fdf81acff9,Amex
9d08edab-54ad-4c32-98fc-41ded609217d,card,51c7023d2533b644,Visa
4480dee9-e2eb-4a0b-bb61-5f625c371a6b,upi,8beb375df5d28988,Mastercard
96674f3c-4dfb-4fe6-ae7b-dc6e6b1f0545,card,2261b5a7e4fb67b8,Amex
93f64bac-8a0e-4789-ae3e-46e9eafa0079,card,0353c8f291ba1479,Visa
d9d72f59-b5ad-4b1d-8d61-1cdf64e52118,card,790f01d8c661824a,Visa
4ac5ca96-6553-4563-a884-5b3de9f94875,card,9367442c0aff0f87,RuPay
d1f16f56-d4be-4c60-8d27-6a95b59b875f,card,81d7cb2326cec99e,Visa
d88b94c6-0c39-41e9-ab41-1c20bbf7c5ce,upi,499c1fa8087f92fd,Amex
407a53b1-b5d6-4e57-8b26-088379b5c21c,upi,053e2830b9a4b27b,Amex
41cd3388-f4f3-4851-8495-95d4f01181c1,card,8cca30eea85bf46b,Visa
9d30808f-aec5-4f5a-85fc-c8536d85a297,netbanking,40e1fd4f6cc2e541,Visa
1a79bdab-a38f-4822-8587-161de0201117,upi,5d61cbb6033f370f,Amex
5d45a718-4bf5-42f8-b396-294cd6bdc6a6,wallet,44fc2151efeaf002,RuPay
c0d64652-f9ab-42ea-a663-3a03c0f2fee5,upi,6bcf37113a2a99a5,Amex
6f709b94-e210-42b9-bca9-d03dabdb4a64,card,9357118c63c67b4d,Amex
3264b572-0588-4ff2-ba0c-ad6abda44ac9,wallet,b7ab1bc599fe5679,Mastercard
cc853407-20db-49d9-aee4-ed7805462323,netbanking,f00e5539022e34fe,Mastercard
59d33ff5-5125-4b1a-8ee7-91bb11f01d73,upi,b784a4b7bff1c3bc,RuPay
542e73fd-d5d8-434b-beae-03b912ec8b2f,upi,c680e43b63ad9a2c,RuPay
7fe3aa6c-1b0c-438d-b6a2-1358788c9245,upi,040dee0eb42feb97,Mastercard
78d828d5-3e67-47fb-bbe1-829e64b59ed1,upi,c5d25e664d70a706,Mastercard
42feb2e2-a527-49ee-ab01-aa7f6136adb0,netbanking,34ee4408350c2a1c,Mastercard
4831532f-7bab-4a04-8116-62123e1142a2,upi,6f1061e1d6e2eb32,RuPay
c5a005cb-6b6a-4885-a939-d9cd6a53f926,card,da8056e597196a62,Mastercard
9c9bbbba-841e-4622-ac4d-e024ef5abde4,card,0a9c876d5324c15b,Mastercard
1d31fc95-c5a0-4a31-8c11-b7a8cad9a552,card,f8b0fe092d84eb26,Visa
9114e1ef-8c14-4299-baa1-de27b2d64b5c,card,d742db1194a7f93f,Amex
6b193cb9-7dd9-4068-bb08-7a2f3ba3d767,card,cd75c8524563a663,RuPay
c68fe848-dd21-4691-8a0a-46f4d24a2001,netbanking,acf3369fca6e0850,Amex
af7d28f3-ef73-45df-9715-f70e8b98d3ad,card,c3dce8def5e08dd0,Amex
af9b9c7a-6931-4c48-8471-1a1b269cf162,card,5115b4da6b781427,RuPay
3f52d546-ff92-4339-bb8d-98e9592dd5e0,card,950ecf3830343315,Mastercard
738a1637-ca08-4868-b123-4290185455ee,upi,581193d67681cbcf,RuPay
68877af1-bd6e-4179-b6e4-96b4858e6e0f,upi,3664a0d880ae40b9,RuPay
895c7592-b0f7-424f-b3af-6ec45fdba56f,upi,ab79381e7d184756,Amex
af5a2d8e-7d80-4ec4-9477-540a2fd66f6d,wallet,cdc75539b7227380,Visa
8130270a-081c-4f3a-95c2-f05a00fabfc7,wallet,6c12c7af8ad9566f,Visa
604bc6c8-22d1-43e1-9b7e-ee6b74b8abad,netbanking,77b89c5dd0104f67,Visa
4fa8127e-7b47-4ab9-ae9d-76e926b3a38c,netbanking,d05c223cba54427b,Visa
656c4186-26e6-4722-ac85-2560893f41a6,card,66e12148a4298e9e,RuPay
4752dc3b-2b30-4950-9a65-91be3565c9ce,upi,583db8b5bbb0ca4f,Visa
7972ab42-34da-4b45-a987-49e84a553a0f,card,b44a09d27ccb1d7e,Visa
dd52be29-6390-4f95-9d89-1732f321a5af,netbanking,b39e713502e38087,Mastercard
2001abe6-2033-492d-8ee9-fb82a63e9f07,card,b3d77bae3fcbd2dd,Amex
0111658d-c164-432e-a182-c8759701e93f,card,b51b5ee11a04829a,Mastercard
c1c38046-9a3c-404c-a97a-6de1c34a9f08,card,ef2614c19fb948a6,Mastercard
b1af9d7c-b386-4fc4-abfc-ca99e697f792,upi,5124756b653e7385,Mastercard
dd23ca21-3240-4fe9-be68-294eb9e25e2c,upi,5cbf425303a27b07,Amex
f6dbaa78-5098-4f61-b6e4-037edecab0f3,card,07eb02184315b2ca,Mastercard
8ec816c6-c70b-4cb2-be8a-c9a36c8b1eb4,upi,0e9af26e9ee9f24b,Mastercard
87ed306e-fcff-46b3-9c7e-6914e3d97ab7,card,2372391871a35380,Amex
f07feca8-22a4-4486-aa2c-9182640f9758,netbanking,d977d3b78fd6b63f,Mastercard
2946d9e6-53d8-48f2-9988-b9d5e575a2b8,card,805e3138569cc678,Mastercard
62daa014-9ef5-44d3-b8d8-a3fd19706185,card,a56a2c2e56377748,Amex
215f69a4-cdbc-4aa4-b0dc-bd4a0dd72e49,upi,6b619c3f7d93ba8b,Mastercard
91d8dc09-b1f0-4fd9-9c29-83c7e8f8f87b,upi,bb915ccf7183b928,RuPay
6776796a-cb79-454d-8bbb-247842c6fbc4,netbanking,8e81ea0f5b0933dc,RuPay
411fe858-0104-470f-aec8-240f6afe955f,upi,bf9a62365137180b,Visa
ae85fc07-9551-4c71-8ae1-022c7d229966,wallet,b950c5f5a9e71525,Visa
eab57c0f-f3e6-412d-8ce0-27e10daa23b6,card,c7f316e5c3751f00,Amex
20783c46-6f44-49d7-8713-776a99150e78,card,6cc57518be442795,Mastercard
17d3b53e-c7a8-4f84-befa-ffed62841dab,wallet,1bd34b1abfe87a71,Mastercard
2c6ecaea-2c46-40e1-b712-44db69ead4cd,card,fe89ad3d595faeca,RuPay
34f98434-7cf3-4689-8df2-8ce27cdfbe18,netbanking,08f057a696d8210c,Visa
162a702e-1dca-40cd-87ac-aaf7794e012f,card,21fd6ebd380571bf,Visa
fe3356b8-84df-4dba-b14f-12963ad969b8,upi,4dfded78f74c960d,Mastercard
27bcec38-6658-4d18-bd0e-db20dc33001d,card,b5121bddf3a567db,Amex
6554a33f-5084-4356-80b8-d30ebe3c2619,upi,e3449672b950252b,RuPay
334dde5a-3893-4510-b2e4-86e8ecca4520,netbanking,f7fe400c964baba7,RuPay
9e17e3f4-41c0-407a-a7dc-4eb5791019f2,card,a485d6914d4d464c,RuPay
35667f48-65ab-484e-aff7-61792b0173ec,card,1e3815d21aac805c,Amex
14612cf4-c460-4ec8-85d1-18f5d6589d78,card,6e4f102775c57f0a,Amex
8464c72b-eff7-4081-a82c-9f9590f95c5c,card,b5b4e7dbad802db1,Visa
10851ad9-a22c-4435-a6fe-ff14617b2356,card,1c3f26bdecefc715,RuPay
597e5b3c-ff1f-425e-be67-7eaea26cd3e9,wallet,b4788b526897387a,RuPay
8d6e30e1-e293-49f2-8b62-6f2d620d71b3,card,3768e5296e40fcec,Visa
748dd706-db7e-4c86-888f-caba6357b673,upi,9cbb031c182e1546,Amex
2d5084b6-3ccd-41f8-846c-9fc46e0d7304,upi,4eba7ee4b773349f,Mastercard
31c385d2-786a-4a95-bb62-94e659d03e93,card,9aa1aca7562b633b,Amex
eea92a08-1021-4b5a-af7c-5bda2a3d5581,card,58c89d7f3046c035,Visa
e48b11e7-a9e7-453a-ba99-619278e9804f,upi,6a2cbc4c9fbc10d9,RuPay
17a3a1a1-b734-4249-b5ba-c7b6baaa553a,upi,0b2f6e25f062188c,RuPay
9a2d5d82-e789-40fb-a071-be5a27948ab9,netbanking,a381cd9ed286cdde,RuPay
cd88bee1-d576-411f-abc1-3c6d6199bdd8,upi,c3f58ec8aaa62b1f,Visa
06ae7187-1cac-4333-92e8-c970ad764bf1,upi,50df649da204bbb9,Visa
6a33b7d9-7bc6-4cc9-b730-9c6af4e09e1f,netbanking,977243072b863b69,RuPay
5afcc474-ccf1-46ed-a96a-369c98fedf12,netbanking,e1f7a45071503c3c,Amex
69e35e8c-bddd-4e56-837f-8f26e56c004b,wallet,610626cb85b19aaf,RuPay
b8a34fe3-dd36-42d6-a68f-bfc7194d51b2,card,41fc5cd52ecd6d22,Visa
cd25dda3-1e11-40f4-9474-4a1461c7f74a,wallet,4df8b90662c48d7c,Amex
78e3fe57-246f-429d-bcd4-05089aa48fec,netbanking,9db1e19e6acfbb37,Mastercard
61afffd6-f4ef-43ca-947e-2638c81e85b4,netbanking,874c9dfcc99a2b25,Visa
43758110-f3d3-4e43-9d75-0797e95a9fbe,upi,b0be338f4d4d60bb,Mastercard
dfdc1432-a351-4751-acb9-333510ae88be,wallet,00a4532f6755bd48,Visa
3bc4b943-511c-4ebd-bb52-b4df2287bf48,upi,3c1735f20bcbc57a,Amex
4585eb09-2021-43db-9605-8c4f44ed2743,upi,c1984c54c1fe50e4,Amex
253e4683-0b92-4f09-9342-da88efb8cecd,upi,72a40be7749e8727,Visa
d34f9ea8-8647-4aad-bb96-36d3d686e792,upi,4dd0d2390cab9178,RuPay
9f33ae80-598b-479d-bd00-73c646a9e3b3,netbanking,03f632ecda9f84e3,Visa
72b84c7d-010f-4746-a8cf-5ac343872db6,card,002042e9cba17449,Mastercard
448c28f8-4f64-454c-9d8a-10922b47870f,card,05f86bf10bcf9102,Visa
d21cf4ca-034e-4c36-b121-936846fa3b3c,card,54742bdc483a3a55,RuPay
668132e0-99cc-4ad8-b624-4cd50c34d106,upi,f032225c68034454,Visa
4d5d382d-de9c-4241-ba4d-8fcec18f9398,upi,06b0fcd1d5db8074,Amex
3445d93d-e570-4fbc-b404-1a217cba4898,netbanking,b2571a85d338185f,Visa
2f73cd3c-ed4d-4e3b-8511-2fa284336703,netbanking,04566259c32504f6,Mastercard
3c24b6ed-d599-47c1-8802-835716c7990f,upi,165d3c96c3329e2c,Amex
1ecbf87d-fc27-42f6-b62d-bba878a12159,card,43847338da93b812,Amex
c9207b00-96f8-487c-a8e9-aaba3d8ffbc0,upi,0726b21432d586cc,Visa
1257a448-2bb4-4f49-9935-f74dbe7a6746,netbanking,97412614f20fdc60,Visa
2b877f26-aeef-4bf4-a9d1-4a05c6d6ae51,upi,0a0ac76a3dc1fafa,Amex
f63594ed-adbb-4047-8e20-0532d299bec6,netbanking,8b78585a52152da1,Amex
dfe97eff-4ccd-4462-8153-bb9c5ba7a237,wallet,0132b2669b8570d5,Mastercard
64b209eb-a2ca-4862-9d88-3edc9054d48b,card,403e5f084c877518,Visa
5134fa2f-8186-41d4-bbbe-89ef45b175b1,upi,eecf6ead73ace236,Visa
09addb9d-c3e7-4ba1-b226-21bf1078040c,upi,509dc9c0ab86b144,Mastercard
b1934657-1f06-47aa-a1fe-2006c9bc222a,upi,fe520f9235118357,RuPay
d7d2aafb-8be6-4972-98ed-e9969978f85e,card,d03159edece59a66,Visa
ded6dab2-4370-49cd-b5b8-2214d10583f8,card,14114eff0b15fbe7,RuPay
1e6dc2e6-2d6b-4d54-a99a-7341e73f89b7,card,165bf1177925da99,Amex
70c2701e-fa08-4b14-811a-c0196ce7010f,upi,f2358e26014b6a17,Visa
3ce2f1bc-c715-42b4-b235-f3bc7a78c509,card,70af989e31979a71,Amex
ec122688-90a7-4efa-8962-31b8a95c1c94,upi,e83214d11c27cb40,Amex
b633e7db-45eb-4d27-aae7-b5f488318860,upi,98a3bcc2c40f489f,Mastercard
ae39a361-c3ab-45f6-bd72-3ac5cb161518,upi,11a0734c7965bbef,Visa
eac8a5fa-08fe-460c-a75f-137c51070e11,netbanking,9a659e910e4dc420,Mastercard
9ab72c4b-8ddd-4cc7-be69-e5b704fc7f4f,upi,f42df41bcb2561cc,Mastercard
eb7c0eae-dd92-4025-a818-43317333ac7e,card,00b6e7388bab3eb0,Mastercard
6da190bf-bada-4568-9e61-24ab16af2968,wallet,9f769749822b29d6,Amex
dd83a92a-1471-45b0-aa9c-734159879ce6,netbanking,78bc5f8f94286129,Visa
63a39b66-ddb5-45af-bb7a-5cfc1b64f6f5,upi,7f4ca1f66aaf0091,Mastercard
b43a61d3-dcc6-4175-99d9-eedb371882c6,netbanking,f84a0d96df567a18,Amex
b9636c61-c6c7-47c5-9e53-11a73192e92b,card,fefb54c5359fdd41,Visa
458336fd-d57a-4c44-a7f8-04868605c20b,netbanking,0f0d0938069f7b68,Visa
9b02d859-3017-4fa8-980b-e9e10546ed38,card,2f9b8d9e9297efd7,Mastercard
d698fbae-6878-4a5f-a166-52981d8c8aca,upi,51799ae0f2cd5283,Amex
549ae8d1-101c-4a7b-b0db-826fa65a1753,card,98b791dcb02dbf01,Amex
da0d8ef4-64d1-4518-b19d-d289227a0c6c,netbanking,136ea0580a62c6e9,Amex
f36b87e1-59e1-4dc3-ae00-89b62fb48f5c,card,c477fe184dde12e8,Amex
867ed9f1-2c53-4ad3-bd55-6b4e415b1fb7,card,e0b677a288867147,Visa
548170e7-2b85-4f56-ac42-2573f7f4a795,card,9ca47620b8c2db63,Mastercard
b8137e0b-63ed-4edc-b181-54254d319c71,upi,df9a60956c2bcbcc,RuPay
3fe9568f-1500-4737-9b29-2e4ab678658e,card,f0dc4cb82a782f30,Visa
3bccfafe-eb17-439b-b315-511d44e0ffdc,upi,ed2b48859e4e4918,Amex
d35c3e0a-c9b1-4ee3-a978-05a7cd3acacb,card,64a4b7670cf775b6,RuPay
7a0f251a-f38a-4b33-b16b-74ae7a04d8d8,netbanking,24ab48c209d1634c,Amex
0f7b258b-0d51-40d5-874d-3cc97889be7a,card,8a73df68f51f448c,Mastercard
acd67e20-af23-4fda-98ce-b023813bdf85,wallet,cb56d1b8d2a2033a,RuPay
1f2c8b67-fcb2-4d24-9e3e-171b4a70bb75,card,3ae52e296cbaf69a,Visa
422de995-e9ac-4972-b8a6-2f198957c673,card,723e96bcb4170a68,Visa
54f43b69-33d2-4b0d-beed-4a5072cef1be,card,2820b173776e4694,RuPay
5d70de18-8411-4fde-aa97-456d9786e87f,card,5884a93c2358cddf,Visa
b9bea46e-a1ae-49f2-9ea3-7a5b06e04a1f,upi,79b4e0dad782214e,Mastercard
bfa4a796-8257-4dcd-983f-e6ae760610b2,card,9cdfb9d357002982,Amex
6aeff637-fed5-46e5-968b-9dbc2d35126b,netbanking,dcc885ca090b7102,Mastercard
e2e6e9ff-a164-4fd6-980f-f5d1f3726e08,upi,7262efaf306aa08c,Mastercard
8eec147a-3efc-402c-8685-a16faa475324,card,0afa3b9e4068c783,Mastercard
06904234-4826-46e7-8603-d2cef453f0a0,upi,bfc6a56ff8eaa170,RuPay
dbfc284d-6e04-4553-9817-250dc4694e23,card,29d671f2d690bc91,Amex
3bd6526f-ba84-4933-8b26-32afb2bd5043,card,9d20feea5f57369a,RuPay
e5e85afb-6ae3-4b20-801f-27e619636244,card,055e471b4008c201,Mastercard
5c2d8295-acbf-46cd-b8d7-407b67d9bd16,card,b83ff5189b9e335e,Mastercard
de81f36f-3648-4544-91a6-feed41f8773a,card,346e6da0c6c205ff,Visa
41a4fce4-6969-407a-a11e-90fb8e3d9522,wallet,791dff32f06047bc,Visa
bbac5167-fc54-4ae9-8713-9f4dcd275fc4,upi,4498ccbb9949047f,Mastercard
0b67ad28-d0c7-4964-bed3-64b8d223dc7a,wallet,e9fad923707ca34f,Mastercard
0380471b-8ab5-4b6a-a84f-da03ed275a45,card,1443743b7c67ac5e,Amex
6faaaabe-5668-4957-b19d-d85581ba91dc,netbanking,588e020c8d32dbd2,Amex
a0549cc9-93d8-4d4f-9cf6-9a232a508c35,card,a125dae94e8e2d95,Visa
11ed9583-453e-4595-9957-bb29bec166d6,card,ff827c851dab4782,Mastercard
5b4a4ba6-a3d4-4c8d-b890-afa1b8bb5ee8,netbanking,29b30eaa399aef00,Visa
d289c0d5-e9ca-42c5-872b-8e6653075ff4,card,49893ceafe6c408e,Visa
fa8459a5-e8ef-446e-95df-a10b3dc30fdf,upi,df414adb96694efc,Mastercard
d9c62b16-ca64-4aeb-91cc-7c8a95a1db98,netbanking,25406644c7feffae,Amex
fc1b0747-a6c4-4d0e-9b7d-0e6508077e69,upi,36c5dd294472e3ac,Visa
032d5ee0-00b8-48b8-864b-57265b52aa6b,upi,25566f0c11d45dbb,RuPay
3c9c7666-b0de-4f66-bbd0-2f9e727424cf,card,e62ba096bac46896,Mastercard
f0acc800-6420-456a-aeb9-578118a38fa8,card,1058db412ffce96f,RuPay
084a7e7c-c4c4-40f1-bfde-413941f3b995,wallet,8d73b5745eeb5153,Amex
7ffcddd1-a9a9-4870-9022-737cc909d37c,card,50b3e6e83ed66601,Amex
93fe96c5-4422-49c8-b2d9-0d5d942eedc2,card,93b12525a412158c,Amex
3b26df82-7504-40ee-bc15-28f0a2908b66,card,20e8ec794209a051,Mastercard
fedaf3b8-939a-4e84-b114-5820bc3d8bf4,wallet,dff2acb43693865e,Visa
42316800-9962-404b-98af-fcaa66f9c8a5,netbanking,3817893bd90b5f6f,Amex
7950844b-40b8-4736-833e-3f3be12bf8a5,upi,acf068c90f47aaca,Amex
62283490-ac61-41b4-a15d-4ad18033ec1b,wallet,c4f6c74a5e673f28,Amex
fd674ee0-2f5b-42e1-8618-fb55e2ff1d69,card,799301f9f660df1e,Mastercard
56364fb0-13b6-4466-b940-0324ea79ca1d,netbanking,dd7cd5dd4306986a,Mastercard
ec053212-48b3-4612-9acd-64fa8f18ef0e,card,4e5d7cc30618896a,Visa
a97a287d-e1be-46cc-89c2-6ead185bddae,card,e7628703fad830d3,Mastercard
f9e68703-444a-462d-ba1f-cb1beea1932c,card,725bdf061b35b525,Mastercard
c482a96f-d1d3-4278-afc3-0b092f480bea,wallet,38f83d54f1a1eb69,Mastercard
48729146-6026-435f-bec5-c5ee64362288,wallet,cc8122ec68a1c9c0,Amex
a1dab91d-a225-41e8-a22a-7859920f5758,upi,37733899393c8aae,RuPay
4bc96413-61b5-4bc6-bd83-cb685916c17f,card,3bc8845b0b65c68a,Visa
bbff337a-5052-4db1-906c-d43af909f677,card,6e37619c9fe6771d,RuPay
096f9d2a-ee74-404f-8c22-9fbdcc093dda,upi,c1e4f8a449eb84a5,RuPay
e54a58b9-97f9-4624-9c71-c68056cca670,card,89593f0d19295be3,RuPay
19834782-da7b-479d-8e0b-cb6ae91b59a4,card,82318361cc9478f3,Amex
001e6f36-4adb-4db4-a7ff-11768c569855,upi,c5653c4742df1687,Amex
97812898-e18d-47cd-afcc-989350f34328,upi,21149cb660148441,Mastercard
c04e4c4e-3473-4378-8ac2-3fb862b07705,wallet,630efc595f441332,Mastercard
e8b5b050-5f47-4ddd-821f-d828eccf95a1,upi,199cdb5aafff0e6d,Visa
82950ef5-d307-41bd-aeb4-d9bec2a6445f,card,73e454ade1d998ac,Amex
0f8d83db-aa60-4d19-9744-62c3531b7845,upi,712d231a43be9723,Amex
be71d248-1c6e-4eb8-bb3c-4a004370c16d,card,9928a5330db23b2a,RuPay
3fd92f6f-134a-4966-a50d-08726049707f,upi,0930056b3ebd34d7,Visa
8331ce9c-ca27-4396-8b1c-c412270af77a,netbanking,14baa50e2adbb20d,RuPay
95502227-401f-4f00-b672-b63a74b85716,card,39facb9624654190,Amex
89a18e22-4b23-4b9a-963b-aa8ecf91497d,card,ee45126edc5c53ac,Visa
aa6c8993-4b13-40cd-9b3a-08b9e367aab2,netbanking,9e4696a7fb5d7cf9,RuPay
cf3eaa72-6eba-48f6-9fd6-d6e7839ed4e0,upi,a72224122eab371c,RuPay
01dbc476-3b81-495e-bac5-89e04e48a4f6,upi,f81562e47f9d0ad9,RuPay
67e0fb4e-aa6e-4e13-beea-9d4aee3ce16e,upi,1bdb250e27defada,RuPay
01331153-601c-490d-b158-e91194a74de1,upi,2ded1f99adc1ff39,Amex
8d086e1a-7c3f-48a7-b24c-02ce838bd3b0,card,7cf6edd3c8c1d958,Visa
a26813cd-bd10-490d-bb92-e74bc1db40c3,netbanking,72e57efb997674dc,RuPay
385f92e6-a982-412d-96dc-9e5b2eb49799,wallet,6c87de8f2229d1ef,Amex
9b10bcbe-c7b2-4031-ba3b-a4a2e0ce6098,card,b12e8fc76ebf9d6b,Amex
59b0e9c5-9e69-47ee-8f84-4ab727fe0887,card,e5e38a9ce28084da,Mastercard
53a14449-c99c-4dd5-bdb4-323550d61a41,upi,6c67709818611544,Amex
4b74b31c-fdac-4453-a92a-28f26d8e8ce5,upi,467290ca205d9593,Mastercard
a6335443-0777-49da-8853-09a1c2b73826,card,51030606164f2014,Mastercard
3c493137-1d26-4377-8265-45488771095a,upi,f75175d311fa7a67,Amex
9977ad73-3aaa-469a-832c-b345e6b8ada9,upi,c584d9a5dc8428f2,Mastercard
eadef2b2-67ab-4740-bc57-73f3b182ebd4,upi,b21dcc8fe5f00cc4,Mastercard
73cb4966-1625-421d-98ea-9ee87b426937,card,d5f8ed5ab9d43c37,RuPay
2f7d51b8-8ce5-4a47-a23a-cb3bfde4059d,card,0e7eaf33cc34f334,RuPay
57ca3b80-301d-44e9-b348-de9de767a52a,upi,26735f8d4276e49d,Amex
13d1aa9f-1035-422a-982b-041b84c5f3c4,wallet,3581c25f0591e92d,RuPay
8805b062-39b5-44c1-ac58-71219132618b,upi,ba043d57d026c64b,Visa
fb0b18b8-5aa6-427f-8b2f-b1ce30e25e5b,card,17e666aa0189bdd6,Visa
a8782a1d-4725-4755-a75f-9f684215fa01,wallet,0d95053f61fed65f,Amex
a09dd9eb-d779-4879-b9b4-9d31d2ee48b9,card,f001453a48c366c4,Mastercard
7d7f31a9-fd84-4128-a020-a2f8f29ceb1f,upi,a756ff9c5b1ea750,Visa
c49a271e-118a-45b0-b260-9938c01be9cd,card,4f35dbb50dfd1586,Visa
2fe39707-4f6e-4c7c-aae4-ca12910e389e,upi,94dc4fc82f31add5,Visa
7922e915-658e-49b2-9a96-b656fb4ef241,upi,cb9280d074acb214,Visa
6e03cfba-2e44-4d69-9c57-aa91434f29df,netbanking,2f55581585b0bdaa,Amex
b01ebb02-88e9-4e62-981c-afb642817dd9,card,9d1264c19e3ced94,RuPay
4df55c02-103f-4cb3-9263-e354d2073671,upi,3e7cdc5be14e2cc0,RuPay
a93f0a96-9af6-40dc-ac89-3e0d5a068209,card,825481082b608ac7,Visa
988c95aa-2783-430b-8d20-74df2cb1a62a,wallet,bf5564d57311d45b,RuPay
baa45198-743d-4a83-932c-3b530c5fd6dc,card,19d00fbb5bc26a29,Amex
756262c3-3051-4e54-8f57-e37a1b51841b,upi,5bc55b096edd2de0,Amex
84c828d1-68f7-4d8b-8858-665afaada8f1,upi,f389e1362c7ce667,Mastercard
a2098663-f986-46b5-aaf2-c15ee9e32f83,card,83d6d2b5d6d4e88c,RuPay
4f5a6878-1f1f-48e8-b34c-5929e739ba19,card,fc0c55f7ca89009f,Mastercard
2822cd83-0e5d-4370-854d-843e00505386,card,9575de31cc6ab01e,Amex
2579a729-714c-4da9-bef8-138a46a0ca00,upi,a0039e21b4c0a05c,Amex
17a29a1a-7e89-4f12-8415-2208b54afe77,wallet,f132e4241714b426,Visa
cf6a4d8c-c3f8-4a4a-82ed-ac370f2bf4a5,upi,03a2b5c6ad863aea,Mastercard
bf26c9ae-2051-4e96-a0ff-43c2ac09933a,wallet,95422b2b1f321e2e,Visa
4cef85e0-b40b-48cf-9116-058f11f1f757,card,19461ecbe340bca7,RuPay
71bb7579-fcc1-4ad6-bb2a-13a53f564ecc,card,7207381052201e26,Mastercard
6b54bd3e-9178-4dff-8c9e-a8508d19ee3e,wallet,7627ebec7d7b0ab5,RuPay
6f96f0c9-23fe-44fd-b225-7ea7c5b440d0,netbanking,765625402acc55cc,Amex
954f0eac-6b47-4090-9d85-8e9773c3748f,card,d3e18bbc5f8c3ef0,Amex
4130a54e-a46e-474c-a9f1-c7caec63bffc,upi,1b4921c709bd76d6,Visa
48f50fac-1664-43ba-9de0-4b0856528fd7,netbanking,40d28fd290945ef1,Visa
ca0f839d-de6f-4fd4-877a-e3fc471d7cb6,netbanking,a1f9b957087588f7,Amex
112d8afd-2018-4f6c-ba05-8565c390678b,upi,b8374106862e056c,Visa
c6183181-6a5c-4819-bf5b-8890394a500c,card,83ea15fc2e0285d6,Mastercard
929bb3a5-2959-4ef6-95f7-5852f0429574,card,14e8dbf8e47080e8,Amex
0a31c7c5-5395-4f90-8fca-2de891969e01,upi,02c67eb3e9dfd645,Mastercard
197451c2-0dfe-4d40-99ac-0b77e1984c9d,upi,e813fc84ed215fd1,Visa
c805b986-5d01-479e-a1ee-fdbc992686b1,card,6334b8a17c831f42,Amex
8a8247dd-fdbd-4497-afa6-97688a1f5953,card,d3cccea7645252ef,RuPay
e562b374-836b-49eb-9f2f-f9076065b32d,card,4e1b84b4d5f30d65,Mastercard
c7906e84-5f68-4707-b214-06dd202e3fdf,upi,a493f43b6e9cf32e,RuPay
8d78059a-ac10-45b1-98da-63af068380c8,card,24c324b4ec5c636a,RuPay
96fd274c-580b-45e7-bfbc-a07c736bdffe,card,03a520170d01ad1d,RuPay
86fb622a-97c3-41cd-9686-dfbd437ec95c,card,b2180c8bc8a0eca5,Amex
2b06c279-f405-42f3-8242-2ebad28b3629,netbanking,eecff464ff16a77e,Amex
8a2594ec-a082-411d-8633-993bbf638f34,upi,99a72bb5f2cc96bb,Mastercard
dd6d43d6-8705-462c-9a3a-05783b62ce27,card,2f09572c352644e3,Amex
cfd04f9b-7470-46c7-9194-40120f3cbfb5,upi,e4cb3c6fe9bc0366,Amex
9292c972-bdb6-4fae-a1e0-d3e2bcf459ac,upi,0ea7252742509951,Visa
aad1923b-dd15-4dbb-9308-8842a7e92829,upi,48bda8f4ca42cf4f,Mastercard
f11f8d66-e7e2-45ce-8c95-23f59f895e59,upi,90e05cd3aa5e83f9,RuPay
de27bffd-1984-434a-9e59-2a6d35d9dade,upi,21376ff7f6c06663,Amex
01e3b1ef-4696-472d-87e6-3ac8258c0f6d,upi,528f90c447d57d85,RuPay
19e4a859-41e3-4912-b4d2-b79463bcddd6,card,33c981b322b149cd,RuPay
f8b5c943-32c1-45ce-b31a-392496aea779,card,2a55526d70969549,Mastercard
4de8dea4-e5c7-4889-961e-be01e60b32aa,card,f849041d3a3e671d,Visa
f1cc3c6d-bbee-49ee-81e6-db2f2f008932,upi,b66958ad25723062,Amex
8177e486-c6fd-4c03-901d-2fb3e0b11911,upi,20c1aa5d9fb4a004,RuPay
9fbcc383-81b4-4b58-b718-a312836e7cd7,upi,b533ef57a76810d1,Mastercard
c06ca36f-9722-45c5-976b-5bec595ef5fe,card,13f45929bbc483ba,Amex
635186bd-5de6-41e8-a4eb-51f692ea4a25,upi,0789b9f72e8417bf,Visa
eb09a310-610e-4ac7-8a59-1c45ecf09cf8,card,7f4fa77e7fa48189,Mastercard
88151610-00cd-455d-b9ec-c5a7bae50344,card,6afdcf698a41c2a2,Amex
91753302-0bf6-4cfb-9da5-06ac30515e67,upi,8bc8c0924c84f0c2,Mastercard
7d5ce517-7bf0-40dd-9ea0-201afb52d7fb,card,ae2e1ae91395e33b,Amex
2ddf57db-9984-49da-a80f-ab49903e007c,card,089326f9d1c6e072,Amex
5e35f930-afb2-4187-84fa-358f844eb394,card,e7833f9ad400e81b,Visa
3a14a381-2d7c-462b-b3c0-d1fbc6d144a8,upi,1eda0da4aabad7bc,Mastercard
c4c58479-92c0-4bc5-a0d8-90eb9de3193b,card,e5acc9e98f861772,Amex
aba36cf5-7da2-481f-87c9-efd4bbdc5c15,wallet,8a80f275d09d2795,Mastercard
fee1c041-856b-4803-b4d7-ff78155201a7,wallet,7f7c9cdabb6093c8,Visa
5e8454c8-0c4a-451d-beda-8f01c262d40a,netbanking,847f1efe83ac2e06,Visa
0655d891-5d08-487c-8a91-b5103fe2d27d,card,7351aed0d25a7d8d,Visa
e33a16ec-583b-4196-8bcf-1f00cae43115,upi,16557370606a978e,Visa
f407af51-11e3-4105-9673-bb42a356becf,card,19a9cdd98f97e864,Mastercard
3a8aa3db-3959-4402-9c38-e5fc235a7fee,netbanking,bb091050b1aa7894,Mastercard
b5b7bd2f-e622-4c04-9c4d-cae4d72bb8d7,upi,370844811e142815,Amex
fb6f4d3a-f4b7-4fb8-877a-274c631e1114,card,bb6fbfb771bc0abb,RuPay
208321a6-2180-47b4-8792-846376158fa9,card,ec9e2905c5ad3e02,Visa
882c6123-033e-46c3-9223-5e6d622be3e9,netbanking,55b7dc687662b3dd,Visa
a055ac75-b01d-4c88-8aac-0daf40e68cc6,netbanking,e8c694e8d4f364f7,Visa
429d4923-e08d-4b18-8d62-81403aae07b4,upi,3eb17b8118c0c823,Mastercard
b8f94a2d-d7d3-4320-86e9-b45e3baef32b,upi,e8a2fca1f6fd7482,RuPay
8da0b38f-0516-4ae3-94fc-f811b1fff070,netbanking,40a1c53b1a3162fc,Visa
cf99e16c-678e-454b-ad18-ab66884be77d,netbanking,fba42edac59e69f8,Mastercard
5be1249a-658c-4ec1-82e9-dcd2e07a87ee,netbanking,8cdea837e3f2f412,Mastercard
87e94753-a2b2-4a9b-8e2b-e4a9fa5c37b7,card,32a69dc3520f6018,Visa
72b96c31-a76f-4cb0-b2e8-ad9a1ccb94e6,upi,5d6e254f9eeff2ff,Visa
2ae37a8b-f7df-4029-a098-9671c4d5e84f,netbanking,942caa4cc46ee55c,Visa
ab2fe5ba-abfe-438d-8338-e72983018c03,card,78f75c2e9ae951bc,Visa
e21eee7c-912a-4278-90d6-d134d7ec9702,card,446332b08ae6bd39,Amex
f42b2b5e-4262-4e79-a19e-28a16788ee80,card,522a8e2411b45d27,Amex
c4edd997-32f4-467a-932b-e323d22a1b33,upi,ca12466cd533520b,RuPay
38858312-8321-4e51-bbaa-d6a73bf726d5,netbanking,dabd10e217daa866,Amex
567c8523-4e12-4d47-9d4d-412bf889f376,card,2f096e7b0c1392ce,Amex
59172af3-230c-4bc7-bcb1-6a3abdcbde13,upi,58aba86afeab778e,Amex
01617f94-1a56-4344-904f-fe6b6e14b60c,card,540f1dda76312254,Visa
02aa0539-3fdb-4342-a315-b1c0aa603176,netbanking,be85ae3f2e2c1568,Amex
1b4f9268-83d3-442b-9283-5eed236eec63,netbanking,4b81fccde71c9b27,Mastercard
3d7d8f88-88e3-4aa6-a53d-7146ec56ecec,upi,b62cf562a3ad1aa9,RuPay
92516152-f6d1-4858-b182-7ca5b0a2378b,upi,a7bce30860fbae2a,Amex
a5a45394-ce1e-4539-9fbf-48e3d3baae1e,card,db900e1573b25e11,Mastercard
a78fa3c0-76c0-44eb-b57f-dc23b0c91770,netbanking,e0516ff483ecac9f,Mastercard
9ba466a4-5f74-4d35-9640-a501a317659d,upi,09f1e947986766cb,Visa
757fddfc-571f-4650-9d12-db4f5bd762ab,card,9463ff863dc4d0cc,Visa
704e4b1e-44a7-4e6e-9528-66dc87add865,wallet,c180219ee29e4713,Visa
a62469cc-1448-4fca-abed-045952d9388b,card,585c85fd1127b1b8,Mastercard
962bd00e-b0a4-48fe-a106-4c776c3153b5,upi,768f70178981f890,Amex
71175930-d9ec-4df9-aa30-8cf9e9a3b375,card,aab3be6071487fd9,Mastercard
531a8d93-ac9e-42b1-a646-6208eea8bcdc,upi,5d09e567040c5836,RuPay
e4b41cf1-a84e-4b14-8d03-72fbc5be8c3a,card,d58b1c9f6ed1b0e8,Visa
d89a146f-ba20-4951-84e5-c62df5a6229a,card,c23834d656d476c7,RuPay
861765d8-f913-4807-813a-beccfffdcc03,upi,8cf37435811b9ff4,Amex
5ab710c7-f151-40f6-9d91-dcda916e523c,wallet,ca03ff336043d554,Mastercard
b378e42d-5d5b-45cd-8069-7351f8ca645f,card,f24bff15fa86d63e,Mastercard
13183b57-733b-4328-a044-f1979672f7fd,upi,b28571aa3937c172,Amex
c6ac0763-b0c4-42d5-89f3-c1e09b5d1c4b,upi,8e200d299c2d506d,RuPay
25fdf31e-bb4e-4521-8933-714c8ac50fe1,netbanking,dfec81d35ebf3d31,Mastercard
e2040cf2-afd6-4b53-80a4-f7660069196e,card,f77e46c0110d581a,Visa
5fd45595-73c5-4d13-956f-008a0c8cefd2,upi,705dab194391f77b,Amex
0709baba-9c49-46ed-b532-cd0663c63ecb,wallet,811929f00a734ace,RuPay
f91eeb84-fc1a-4354-ba83-e48ebe56c599,card,8775ee940df1334e,Visa
fc7cc4ba-8e4f-4f9a-8566-b211abac821e,upi,6e7b2a8834f6ff58,RuPay
d508fa81-c902-4dda-9bc6-3925751605bf,netbanking,e0967a422cdf3ff9,Amex
466f7596-fbe0-40c0-96ac-fccb2c145eb2,card,a8a101976a685c17,Amex
6d4bc2c7-9f7b-457a-8ac4-0d1160155e83,card,29caec9853b91401,Visa
b0329e62-9f6b-48f6-a88b-55c2d5d55706,card,f1a3deebd18d1a70,Mastercard
f4ed47fb-ff90-4ee8-90ea-11c1a0eb6285,netbanking,fcfaa4776b12fdd1,Amex
bd50bf2d-7d8d-4e11-b276-96c368c032e6,wallet,9964041679095c63,Amex
c8540af0-62bf-4364-b732-7d3ec24c1d10,upi,dd5793f25a1adbd0,RuPay
8af8a36c-9eb7-412b-80bb-8a46a9d25e35,upi,31ef374eda2935d8,Mastercard
01f27e76-af39-4863-8fb0-b7491a03c310,card,8d29b7ae88b6c404,Amex
bc659335-1e74-4336-899b-1ac6a698fb3b,card,5216f38c1f386150,RuPay
3e77a236-4bb6-4ac2-9f1d-dc6f5f42ccb0,card,a7495131bf913bb5,RuPay
a0c8792b-37db-4e2e-a383-ffda26b539f5,card,6dae89d26a337245,Amex
b3510bad-3f04-4bb8-8b8e-e74eb3bad339,card,05d6ffbdb22817c7,Mastercard
35a7d2be-9bb7-4842-b735-b05426492f86,upi,534a2d1b1cd367ec,RuPay
7847ce77-68c4-4dcd-bdbd-ea3780d02ed4,card,87c2c9ef1a383a74,Visa
34a542c9-5973-46c3-aa3f-795a1f089041,card,b1fc15f6989c8ab1,RuPay
6de8d9c8-b297-4c91-a0e2-7655f9a8dae7,card,84332cf36ac11b3e,RuPay
f653e33a-de43-48df-814f-682cfc0af808,card,909660b8e4ff74b0,Amex
d248a3bf-9dda-4737-9010-b26769e913f7,card,f5b4e49c0eadee02,Mastercard
6045e67f-8de7-47f6-a6c8-ac4ac2f685ce,card,04f4b93f297d99e8,Amex
0c439446-e8b9-44c1-9e62-f65c1f7c7dd5,card,70a24c0ac423a974,RuPay
0a52c73b-6ea9-42ec-b87e-52bf98bf3603,upi,c174af923c985c5c,Visa
2721b4f1-49d0-41c0-a435-6bb4b2114e09,netbanking,17d27cb4a945c88d,Visa
0c4bc388-6a86-452d-b13e-218ff31a70db,netbanking,b5208700109a8ff1,Visa
534bef76-f249-4158-a39e-d246d490d82c,netbanking,b31a95673b821fbd,Mastercard
19a21243-25b9-4810-9818-206840222567,upi,93902d1c8b4465ee,RuPay
29ce696e-2ff1-4370-986a-973937198d03,wallet,6263afd4433ff48d,Amex
015e0036-32cd-4e4e-b39e-cd21141da94b,upi,74dcce60bba74b62,Amex
fc498c19-112e-466e-bf73-8ea05beda0bf,upi,caa9236bec340cf0,RuPay
102d245e-4849-4e94-a857-5f25d79ca5ca,upi,7781dca1c6086f33,Mastercard
f2f4efdb-034c-40f5-9ccd-a239fc42116d,card,d7870457aa2a330c,RuPay
682a623c-cab7-4c27-a989-c612e67e4203,card,8d7eaa87903c2fc8,Mastercard
cd3913af-2c60-4f4a-bbcc-29b1d9852f1c,card,4b3f704c5986d0ab,Visa
588c57a2-7f37-4ac5-a013-c717a472f86b,netbanking,86c550da61df7ad0,RuPay
4b17833a-714c-4a3b-99ae-22145399d066,card,c77794cdb7494db9,Amex
8c7a34d1-8438-4362-afe8-71eed6ad2652,upi,d7301994bbe4ce94,Visa
7e6b3d59-e550-41ba-863d-9e75ae183404,netbanking,76dc35ed15485987,Visa
c6d4dd66-576b-4781-b49b-54d7c7717e25,upi,23c721327785f5e8,Visa
e41152b0-275a-4c1f-958c-05613a310e23,card,1ea1d6df2e33c312,Visa
87341522-3b51-473b-bf9b-233911e111d9,upi,05085e03d455885e,Visa
88157920-e299-4823-89d0-dc5e15e03b8e,card,c6fdb54cea962e1f,Visa
83f954e0-601e-40cb-8edb-4b8187339007,wallet,30a85a2c79cfc1e1,Visa
d4db1e4a-535f-435f-b9f6-cb7e4ccba7e7,upi,69715d2975aab2c0,Mastercard
d51d269f-4715-4aca-851f-9572095ef89d,upi,8513d892a3648d24,RuPay
227e9dde-d50a-48d8-a6bb-0bef62699c1b,upi,104d31629b692e30,Visa
92f752f7-68ec-4224-91a6-0f1fb96e74b9,upi,b16c576e219a21b9,Mastercard
e8a0f112-8ef7-4ba6-977f-40300d11f5d6,upi,e0497f3edb6a64dd,Amex
d309bcc8-eaac-4553-85e2-43d7276f96e6,card,12ec437804ec9228,Visa
cffabd2f-a95f-4550-9d91-36f7982c1b32,card,7cce2e1340622dad,Amex
e09c85ac-ec9b-4b2b-9376-67f9d7c720e7,card,5097cfbe4e40c93f,RuPay
022c0544-e19f-4e00-a700-e23037fd3ab1,upi,9edb465146acfe7e,RuPay
42809d14-c6c9-407e-b224-89c2d88ff100,netbanking,a6ef45d4d0f5ca68,Mastercard
f675524f-999e-4d5a-889f-899f3efdb8f4,upi,2b886092f4ccd318,Mastercard
40b17af4-f51c-4983-84f6-68a7273a2398,upi,38b20774136fdc4f,Mastercard
4c4b1345-af26-4850-8b30-e429f229cc6b,wallet,aa8127871140b641,Visa
35cf1d1e-26d9-4222-a163-b9bcfb8e207d,card,3548006223624562,Mastercard
0e016d6b-0ea3-4373-98fa-e92ac7a76c40,card,24437980dd667d21,Amex
b0110178-3312-480f-9418-12539621e5fc,wallet,f18df9e0809640b2,Visa
cf24d676-b5cf-4e1f-b0e3-faab1207813e,wallet,acc8be7a014d1e9e,RuPay
70f04f38-95f8-433e-bf64-ed22cbaa4798,upi,a8920c5bd1728053,RuPay
ce91b7e1-8eff-41d3-9af5-aad53f6c9d64,card,012844d0c54953e0,Visa
e50c5654-3c7b-4c6d-804d-73bedfa39e2d,wallet,395e26640eef15ba,Visa
94850cfc-bd06-4419-8d70-d0db49624ad6,netbanking,18c4073ba5bd32af,RuPay
977934dd-cd8c-4711-8fee-b7aff53efa2f,upi,980158ba50f8ccd8,Visa
58312318-d145-4c1d-a6ea-eeee2c0108e7,card,829e52a0cbcc9cc8,Amex
568ee105-8257-45aa-a03e-acacdc43369b,upi,ca20233fd5c4f777,Visa
732e5b1c-8247-400d-ae7e-1fe51636e0fd,netbanking,95c6d4aead4e53b5,Visa
4f2472ca-bf63-4840-b9ae-d131c158436f,netbanking,6b9cf0f5099c7426,Mastercard
34344a96-fa52-4ad1-9e16-3951b15c4cb1,upi,b0663ed7aa33fa63,Mastercard
19f43acd-dc3b-4b9b-b7f2-5aaaacbc15bf,upi,c254a586df9a01b8,Visa
183dd954-b6f5-422c-b694-4642cceb3b55,upi,f51e961de552225f,RuPay
06b58a30-2115-4c7d-90c6-e449192573c6,upi,d723083ccbd8f08b,Mastercard
8813c952-eb94-40ee-9d56-9d70e22d7ebf,upi,40915ff21b17077a,RuPay
9420ccdb-ed2c-49f4-8087-8958e6e8ac1e,card,29159cc5e53e64e0,Visa
4f75675a-22bc-43e1-b5bf-23e11a383f46,card,5e08195e2dfe159f,Visa
44b7f95e-53fb-4bff-9832-e14caa5b44ea,netbanking,c0946d2ed911fcfb,Visa
ad04f388-c367-4b19-bdd9-c296791b8924,card,4d2eb7a98b897168,Visa
1cbc5d6c-8a91-4790-8ff8-0bae4f3385ff,card,b5f701b965bf6a51,Amex
61f75625-c357-4756-b549-9439bc24553e,wallet,a682856501d0c8d9,Mastercard
7d36f57c-fabe-494e-9424-d1a6aaab5396,upi,ecebf1170f0c4679,Mastercard
0a44c37b-67b1-4ca6-8fe1-6c730c20e417,card,16e0c82061a26e84,RuPay
5ad0cfcd-a13c-4cae-b0b6-5effce5902f8,card,109db93c7c04a229,Visa
d4173771-f5b0-4b24-ae1d-a8010bd2ce1e,netbanking,7caa6a8afad156a8,RuPay
d4ee9df1-ebe7-4c83-8ff2-c07425eb9d76,upi,ef794e276c691aec,RuPay
f16dc744-9e73-40ef-9538-cf7f60942da8,upi,1b71da8a60173390,Amex
d1f1b89c-0eae-4e56-b6bb-6e8ec3f7867b,upi,172870c0ae810bb7,Visa
332388cb-1f15-4ecb-a373-6397f5af2b65,card,caefa6cf8aa3a39d,Visa
4b637e0d-c93a-4ba4-ae89-74eb9f4a0958,upi,46b50f70ebdca3c5,Amex
5b4debca-12c8-46f3-9ac7-77b17fe1b47a,card,d3031017629b20d1,Mastercard
6dd49c7f-2d0c-4a76-b404-a9484ed19fd9,upi,6c772316ead6044b,Visa
4af366aa-47d1-455c-b417-57db5f5b5fa1,card,21ea084163c4943c,RuPay
d6edb18c-d231-40d9-9da3-8c89a7d2ac32,card,1fdf9317a9cfcb92,Mastercard
1474750f-0a9c-4d0e-978a-8bb154f6d5df,card,4807f49d38b9acdd,Amex
b238b0cd-9468-4d2b-a1ed-acf08cca4e3f,netbanking,fb58545af394c79f,Amex
f0028c92-c8cd-4353-930e-ba488be1730a,card,847bb44671344b6b,RuPay
ec2c7a88-6a70-4093-91fc-07882536e42e,card,faa2e2839c94f4e2,Visa
8d0605f8-11cb-4e81-a668-9e49c4d77666,card,0595598033583d39,RuPay
b00e8c41-00f3-4725-9fca-d586f6afc7ba,upi,12f48bbcb5c597eb,Visa
48b10066-53e8-4daa-9a7c-b450096d1577,upi,9f2ae8a5649644f9,Amex
5a86cff2-01d9-42b2-b387-ace8492d9f49,wallet,eb4f63644797450c,RuPay
c97bd547-f833-4914-840c-8644c48a6470,upi,a710b2341bb351a5,Mastercard
ec0710d7-5a5d-4054-91e1-49df980fa483,upi,f329a878c525aae3,Amex
87c5ff1a-75ac-4a6e-ad70-7537ef3d8bac,upi,a894a1d253515612,RuPay
d2998aa5-a016-4545-9531-218336b178b9,card,c9f798c8da3aa788,Mastercard
4e2f0f38-d8c5-4e7f-9fd0-18e0b95238cc,wallet,f7e2a7d87bbd4526,Visa
f513d1c6-b329-4b5d-94fb-34b1d662840e,wallet,d9dae2783668c2d8,RuPay
e1ab8bb7-f04b-41a4-94fd-e03dde0392d0,card,0437fdeadc577f7d,Mastercard
e9366d17-9cbb-4773-8c06-ecf74ead0f27,upi,aee1cf3973911840,Visa
bb129103-4d2d-42df-8a64-fe7ea8d19b3f,card,9731e9f5cfb02657,Visa
b01b6dd0-2552-4415-94b1-00897e210547,upi,5aa08bf7aaf4308b,RuPay
915c6a73-c966-4b62-be56-602d14a5b712,netbanking,9ed9355e308a4187,Amex
17f260fd-4036-45e8-87f0-2c86db469817,wallet,12c592d1a6a84480,Mastercard
93fdec50-457a-4428-9cf2-82153b5b5121,card,a7cc197207ff64d2,Visa
a7989916-e415-4bd1-88b5-0114da0f1575,upi,ebd09750e5d1b11c,RuPay
57263f99-29e6-4f50-bfcc-a4a00ac80ba4,upi,6d690a2bebaf0965,Visa
e97a0190-b5fa-4e87-96ee-6ad6d0777f84,card,b34a366112935002,Visa
bea8f88e-37a8-41f3-97be-676edd7e7bb6,upi,f5065beb17b73a60,RuPay
ab3226ce-4dfb-4fc7-8e12-1047f4c0e224,upi,f1993ec1e3e9de61,RuPay
73620187-f396-49e4-99c8-c8af34b067f2,netbanking,92717b7382961d9c,Visa
10fff795-a071-4b0a-ad1c-b4c098ce5dbc,wallet,8402e1900f6fc27c,Visa
fb00ed0a-8c47-40ea-b052-5dd4d74a19dd,card,e531090e711f9e2b,Visa
a37b5b10-1cbb-4e60-b3d9-c1b307d46682,card,5141c26aea0f1aa0,RuPay
920ba7ca-882f-4b81-9a49-8490f22bc29e,card,4adce0de5be4ba0e,RuPay
76964db2-7afb-42f5-b8b1-b744023cb0db,card,acc378118c903cd6,RuPay
76c8f38c-0e3f-4c72-b8ae-67484e1bebeb,upi,08ceb0aa91d01759,Visa
e9c62b9d-4093-487d-80c8-72bc8437706c,netbanking,3d451efc7f224f94,Amex
f975e87e-232b-47f8-b0ea-c9726ad5963a,upi,495b186f0c5d4d33,Visa
2e8d1a5e-3022-426a-80d6-46ca49720bfd,upi,e5136cda7d1aeeb9,Amex
870ad3de-fc3c-4c52-9724-52a59396a8fa,card,3f1af4dc54fe7399,Amex
9d452a56-3aee-44d4-97eb-14349b4a6611,card,afcf41eddf84be17,Mastercard
42580d84-65dd-4e2d-8eb2-75102de0430b,netbanking,4dfe9ac3c19036ca,Amex
3b4b6c16-7fd4-4d85-a804-eaf4d9a49aff,upi,6190361fbd53f388,RuPay
9fd4a108-83c3-4886-b0fa-d27083c5a932,card,a94ab5cd13dced58,Amex
40bfbd18-8ef4-454d-a0cb-e3eccc471dea,wallet,d56011c210af57cf,Visa
747c0162-78f4-4382-91df-3ed2672f93f4,upi,a480e64fb1421da3,Visa
c1f0b4b1-8154-451f-b640-f431e47ef922,card,990e9838732e9fc9,Amex
65d93e84-4b93-4aab-8a47-f98fc49bd1d5,upi,a11ce42fec4c56ff,Amex
84347010-eed7-45ab-8380-17858056cd34,upi,4486af236fa261a0,RuPay
01944d2f-c550-416e-bacd-2936d769b502,card,eb6710532c088349,Mastercard
4bbf5597-55c6-4977-8d26-3eeff46b5535,netbanking,32bb8941b7428fa3,Mastercard
d544c96c-6a43-4d50-98b0-3c8786646e73,upi,2fee666de23c18c2,Mastercard
412690dc-45dc-4e8b-b549-a5475cb553f5,upi,f7e8287ca6db8764,Mastercard
4092f656-fe2b-43fa-9fdf-b72c197dd8a9,netbanking,c39a5f88d309d4ef,RuPay
e567a77e-9a50-404a-9fce-e8263c249070,upi,8890a37c8907f60a,Amex
2ccf24a8-c7b6-4afd-87b6-b25111a0577a,upi,92e7214b085e8ba6,Mastercard
65aeb818-fc02-4807-b384-1353594ce1c0,card,e33d6858c68cb786,Amex
9010ab73-e547-4123-9cda-c61ce7511683,card,a881af44d10c7e98,Visa
bec79a96-80c1-4ba2-b596-40c838b114ca,card,5670ee34d3e75ddd,Amex
0c09aa3b-3b2b-4a55-9921-82a57cac74ce,card,8512f4c1bae00fea,RuPay
f2010e3e-8f56-4192-8df8-35f8996b059b,upi,abffc007e99641cd,RuPay
307c4d0c-2ae3-4a18-b761-9035c3704b04,card,2245ad0854c635c7,Mastercard
9b0eae5a-a558-4bb1-9653-1336766451fa,card,001beff848811d41,Mastercard
b92843d0-a80b-4b3b-a2cb-ef941c5ac34c,upi,bc4f1cf6a410c18c,Mastercard
470885c5-04db-4c1d-8bf2-5b3c409935e6,card,043281b4992462e3,Amex
b65f5125-ab65-4780-a472-bbf192bd8eaa,upi,24542b08878b6171,Visa
3e0206dd-eaa6-4e35-8856-8aba1acd7fd7,upi,443d1e9279d64974,RuPay
fdb05008-b5bd-44e1-b969-f536be53dcc0,card,7b299a66f1de78a9,Amex
bf019d64-018a-4b78-9d24-c6cc5e5fea24,card,83cc4fae564e410c,RuPay
fdee2c35-4e1b-49e5-8b3e-8ef2cbf5f461,upi,1b47c1080e0b9baf,RuPay
a7d31acb-985c-4667-8cdc-5215e3088604,card,d5fa396b29c2398d,RuPay
0cdcc702-6154-411f-b57b-f9fee5e54036,upi,eb7ccc729d9cbb6b,RuPay
370fd61b-e5a4-4be1-bee6-91f1b1916130,upi,9f5fee082aed3e44,RuPay
1592068a-3133-4b06-8aad-162cc03c3e65,upi,140b43bfeea22533,Amex
8518ab37-5076-448e-b639-23e27734cdf4,upi,d8850d64a77fadd7,RuPay
156c332f-4b8d-4b94-ae7b-3c211582640d,wallet,638e30752545bdf1,Amex
96abe82c-4a7a-439b-a270-58b3222cc345,card,a3f8cc182a5c50d0,RuPay
caa5a2df-311b-44bf-bc02-8e3aad639bac,netbanking,3e54becf4b47438c,Amex
2d8b51ca-e275-4f6c-a9f4-6a02997aaf06,netbanking,7c832cdf922df869,Amex
9fbc01cf-ffc7-47c2-a3ce-f89f6511443d,upi,aca6c42817b97522,Visa
4b0cd258-8439-4576-a572-15ddb9a0b037,card,7f151694bf51a784,Amex
7758d2fd-7192-4eaa-8f7f-e64fe29ed9ec,card,19c048b567e87026,RuPay
040fcb58-c0fe-4ce4-a50d-0af3efc10df6,wallet,49b7e9080f56db97,Mastercard
46aed30b-4bf2-4169-94a8-420e0c2e9c65,card,3e38ca8ff611df85,Amex
a0eb9bd4-6f28-4b1b-9f7d-59430b1bdfff,netbanking,0e224cdc11628021,Visa
6874521d-7ec6-4be2-94cb-4eb34077585e,upi,af9779c2432cb3cf,RuPay
de7c4db8-9f9c-4a44-8057-6332c9574757,upi,866722d19a413012,RuPay
6b2d5685-376a-4273-94a2-74566119a6ab,upi,978951c1c4d75311,Amex
d67c4f30-8aa0-4630-affd-d79ba8e75945,card,2508656904ad5413,RuPay
bb2e5a0a-ee81-47e3-b3d7-66450a5c3735,upi,e45be606c580bc07,RuPay
ff6668f1-82fc-47a0-9ccd-a23c9aee59b9,wallet,ddb4feae249f24fc,RuPay
e3bd6f2f-59bd-4a31-b22d-b5d6880da053,card,0a4e692fb92b346e,RuPay
dbb981ac-2d34-44c4-a645-80aa43a5f8bd,wallet,6788eb135207656f,Amex
c89bbda3-42cf-48ed-9742-304a8707ae2c,wallet,4f852ac627a00073,Amex
7fe09707-83db-4c8a-8c50-ad3d9ff0955c,card,630977aa9b25a50a,Visa
d5bfa191-1b3c-455a-833a-742d4b9281f6,upi,ab5d2d4792f1d08e,RuPay
88ba059c-476e-4e3e-b809-c906835a0de4,card,17e1e850f160f0eb,Mastercard
142b9f8d-908c-4030-8084-8595bad8d643,upi,64710e30927bf6fe,Visa
7e6f12ac-b64f-435e-bcb5-f106fd5b63a3,wallet,7b05b4bf0f63b71e,Amex
41b24376-a5cb-4522-ad3e-4de1b464b78c,netbanking,ee0b1e4abefc7fbf,Amex
4024c95b-41a4-4032-bed5-eb85946e4a70,wallet,8ccbde6f5167e581,Amex
bca83620-4276-4f22-ac7c-79fd7c568c5e,card,23a185f61d67a8f1,Mastercard
3d52f99d-7b22-4d10-bfea-fcbf8fcdc02d,upi,d8e50b55238523b8,Mastercard
fabcac94-2668-4993-a37a-71845340c34b,card,6a41fd58132ca608,Amex
085c545d-fd67-450d-aa68-7cfe322a1a1d,netbanking,17781dbbb7a75d51,Visa
8b26713d-16d1-4cb7-aec3-e213a6538af6,card,cd620c010c8bde3c,Visa
803907d4-5f5a-4d40-85c6-4c8c470dd784,card,8eee6229977e0740,Mastercard
f4dbfdad-3e45-47bc-b612-82be785790c9,card,e78854fb41100aeb,RuPay
254561c3-c901-4213-b3ff-5cce2a1acba2,card,e3519591cf8e08a1,Mastercard
643848d4-7ccd-4ace-b2cc-f75f19cdceec,card,0e9ead647869c8ba,Visa
13e96f47-703d-4c15-94f2-fb38a0512d7a,card,896b3e8bdddeb2b8,RuPay
fa28fe3b-b207-4403-90ee-fa5000597907,netbanking,5ca7edc694a5b6df,Amex
c85f62d6-354d-49c7-bc60-38399838ef9d,netbanking,021c88f8901cbc1c,Mastercard
6264e1bc-d37e-4300-8d09-32fac2a6e016,card,43bd4fa10fc8aee4,Mastercard
6a59c49f-e9b8-4af3-a0e3-8b41301f4f20,netbanking,4dfb76ac8858059a,Mastercard
f3997408-293e-4f08-b068-ce40b4c38929,upi,50e0d351990f9205,Mastercard
ff7323e9-62f5-4fbf-876f-29ed621a30a1,netbanking,3544fb05c3f332fc,RuPay
fb829fab-ec24-4382-8d12-53be6e1ec174,card,d1d363d7080a8e11,Mastercard
5dc50acf-382e-44e7-a139-e7b15b16113b,upi,8036fa7a748b7515,RuPay
0d945c95-788b-45da-92ce-f2147bfb2c24,card,a96903a23f6630bc,Visa
c9f8720f-d7f8-4ecf-9491-1c982d8164ce,card,927996127bffd383,RuPay
849804eb-1752-43b0-b216-56da4df3050c,upi,5bd6c78b50e1eb88,Visa
390e88f0-c83f-4c04-a378-c47af1e9533d,netbanking,b8749a80823e4769,Mastercard
3866d1ec-72ef-4e89-b1cd-9904c1f4abdd,netbanking,65fa494860f90a11,Amex
c5a170ac-dc1c-43f7-bbeb-9d1c444f6edd,card,a8693c48e4544f61,Mastercard
4fb771f2-54bc-482e-999c-7326b809ae28,upi,bcb788e6b9c5b374,RuPay
e5cfbd16-452c-410e-80a8-9bdaad03f414,netbanking,96e7f069a9a6d5d3,Mastercard
38627bf1-6229-46f0-b880-6d7a93dafbac,card,d469fff40dd81ebb,Amex
40c3614b-88b9-4126-b245-1b32459f345e,card,c292464e8355d920,Amex
68c962f6-a102-4891-889a-19d5a42d6203,card,5ea75c0bba8077cb,Amex
95ff91ff-8d2e-4d78-b0d2-73fa113b9c21,card,c5e310cc5c62c3d0,Mastercard
f3e8aff8-bb66-4569-b904-f02a1e33d811,card,1b5cbe25c11f29db,Mastercard
f87ec8bf-3e81-47e3-b3c2-9404d77e38a2,card,ad7d0b63dd82c259,RuPay
566b6f28-9571-4ab9-9ded-9b80d62482b5,upi,9070586b536e619b,Amex
bea3dbd4-0bb2-4fd2-9ce7-dd9693240714,upi,4ec7912d8ebbce1a,RuPay
077fd066-da91-4b92-ae1b-310f0375b17d,netbanking,5d813c928fa21424,RuPay
6ebc890b-6fc8-49ff-8f23-5dd8b41adbd3,upi,f3dcdd3900384987,Amex
4a54476b-dc26-4356-b3e4-c1103f805df2,card,7cce5b26e50336d2,Amex
062fe720-84df-4100-80e6-9b9c66d98342,wallet,6f54f92fb7a6bd72,Mastercard
5e9d8790-d82a-4ff1-bd57-8cdf23182219,upi,3028099b9380d2e4,Visa
e6d76c64-381f-4ec6-9e94-476aeb617a72,upi,4fba3408b4ae3243,Mastercard
b4ffc3bf-af29-4d5f-88c2-a1415b4b5e66,card,a3148975f00e3bd7,RuPay
4ba7b8c7-c1d1-4a8e-8de4-e4b7d0ddc0ff,upi,fece1ed34f4756db,Amex
d16e6620-2760-4abb-ab0c-850e5b868c53,upi,cd7ea1849c249234,Mastercard
1b1260f1-3c44-4ddf-be36-69df257867b7,upi,7a3ee4779c20768b,Visa
36527337-68a9-45d5-8fc7-e1a4d99c969d,netbanking,39ded7eee04bcee0,Mastercard
f83eaabf-c775-4141-a895-f4be0ce0674d,wallet,7e7e83e023ed667e,RuPay
a4df3562-8c81-4f40-bc0e-5845b99110a4,wallet,5d8796547ef8ddb5,Visa
54a5339e-eb98-454f-b3b7-f5c68243f58d,upi,c423986880ed2d31,Mastercard
2ab17879-b549-4393-a31c-acc4a9e0dea0,wallet,bc4f9b01a3d7e15a,Mastercard
203369ca-51a4-4e78-8793-692f7b0f4bb9,wallet,b36ab8dafba19e89,Amex
e3f48bd4-51dc-4dfa-9a7f-ad52553ca1fb,card,abbf9a920f060949,RuPay
29d0f926-3d2d-40b1-93b4-828e0c50d4c0,upi,a85cc534f53cad9d,RuPay
e38b9748-86f0-4eb2-af93-cfbcc823ca94,card,56bf9734ae4438fa,RuPay
3bf981f3-93bf-48ed-90fe-e2b3899677ed,card,e4ccc52937d397f5,Visa
af696598-c929-4d39-adbe-6bba8d817d73,card,1f7cc612e9ca29f9,Mastercard
b16f4bb1-50f3-4635-8922-9d905ea22063,upi,55f02181cbb6590d,Amex
5d7b8ead-d3ad-42c6-9a89-5e92b3ba3d89,card,8c9828c96908a4e3,RuPay
2bf2086e-6234-4ecb-9d85-481157baed01,card,f342ca85dac817bc,RuPay
5eac2125-7864-4d47-9251-39282dace2d1,card,a3c326ae721b3475,Amex
96c7faf7-acd2-492a-9a22-5cb85979aaca,upi,b49c32f5e728df43,RuPay
18d9b349-58fb-4e2e-a684-4f9bb3eddc66,netbanking,7d76bb1033149cc3,RuPay
5abd3b45-8e4b-4a59-99ec-174f540ee3e3,wallet,6924596fc22f0e0a,Visa
4cd60a72-8862-4b02-9015-42a827f17e44,upi,6aec5c49f40c670c,Visa
b080f254-f8ca-479d-8fdc-4ae41315a40c,card,d9a29a9cae101337,Visa
59e3a677-9b14-44c8-9e44-e468b2962d32,netbanking,c3c26df054702696,Mastercard
998c1f51-068b-4fa3-b252-3bdc0bfea735,card,f55f1565f3d5794c,RuPay
e96e2356-9638-4752-aecd-d524a55e6316,wallet,0351511c7213b637,Amex
a452a5ac-ce13-4a51-bb47-4c85d9ab6a12,upi,dd4f5b464dd25f40,Mastercard
4f6465b6-02e3-4293-92d0-9eb83a2a84fc,upi,b3200068f9fc1267,RuPay
ddfebc42-0da0-473c-a392-042745715160,card,65dad1c3f774c39b,Amex
2f8c9011-edfa-4b5f-983b-ffad8f535186,card,8a52a08aee671651,RuPay
7d276d1d-2607-4430-8b02-02dc0f9e2182,upi,5590049ff9a012fa,Mastercard
103317e1-b854-4739-95da-3ab9771aa428,upi,236071e5e8ae930d,Mastercard
e6a0ce2b-4d29-463c-8580-ef9183bb891a,netbanking,2a210378e2d0a834,RuPay
567f474c-68ff-41e8-9e3e-dee8a6dda0ef,upi,5013c4aa51d9c10c,Mastercard
3292bfa8-4119-463f-9be1-d523eef01677,upi,eaeed2d84dfe2ef5,Visa
4b53bd06-473d-4802-a778-1b5ea74c8958,card,7b1e7933d6643ea1,RuPay
2d0dd297-973c-4695-aceb-5096df39adfa,upi,dbe7383ba124bddf,RuPay
680702e7-c16a-48f9-9357-3540e0c1a263,card,4b4f47c8b0cdc223,Mastercard
fe6e8c1e-f541-44c2-bbb9-9a487f916143,upi,cbf25a67bb091908,Visa
734e1a23-e21e-4af0-a443-aadc052f2d3c,upi,aa1ba87a999f72b5,Amex
d7e89199-1162-4a8b-ae65-7e746c512730,netbanking,528b12584628f613,Mastercard
bb904adc-afa3-4093-9b85-0a07d17e0285,upi,c75d741ae7512ee1,RuPay
b03a720e-631d-4c32-8a2a-b317b42eebca,card,78c61d9cea09d3ae,Visa
61b7c0a5-7a6a-4bad-9bfa-84b2dee1a753,netbanking,dd10ff0a9d031876,Mastercard
fe00c004-e275-4e33-8d93-09a41c168bd8,upi,e02086b504056b6d,RuPay
95f9cfd5-03ab-4718-b354-2f38ef2f4b3c,upi,c6d3e4c653a9ba18,Visa
71fd00df-fc7c-47e3-b127-2d8cce939248,upi,c8df89fa57c6452d,Mastercard
28815b9a-6ca0-4a6e-9acf-33c376afd8e0,netbanking,2098c74752dd644f,RuPay
80bcf512-3efc-4e3d-a9a6-52665d165694,card,d3ea9057bc2cd8cd,Amex
80b81ffe-c9cf-44c6-9b55-ae0a60b05f11,upi,fa13de5de3ba671a,Mastercard
b816c6f2-c5c6-4a96-9194-acb407e74576,netbanking,920f9102a73b9617,Visa
58d93fb1-d685-45c0-92cd-a1eb9811372f,card,30a80698bd7f0d90,Visa
dfc41fba-36cc-4e87-88d0-dd42a03c5bd3,netbanking,35caabff4abe62c7,RuPay
e1e92cb3-07a0-4c7d-afe0-3afdf3196f02,card,66ac0f5a1bfdeb6c,RuPay
9e331e2a-ddc3-4785-89d5-ce776cbc5817,card,0e69af11db0599a2,RuPay
aa637a1c-bb07-48cb-bdf6-bc15b3d3312d,card,9fcf05745b48d474,Mastercard
b9592551-4c46-44f7-83ce-cf00d25d4d61,netbanking,3d5adc91b67ca1a6,Visa
e1cb1d4e-8f60-4e9e-8303-00297df85442,netbanking,19480998678d5d69,Visa
cbd7438b-1a31-4028-bbe2-544914aa4ed5,card,0acf9a74086f543a,Visa
e3c5992b-1ff8-44cd-a90c-efc0f73478bb,card,82e934703edb8ff2,Mastercard
dc42ec70-9261-4bfb-81ea-f7807fd83602,card,4d2e1db7db702154,Mastercard
f2b4a966-78f7-4750-925f-bcc3e9833361,card,c3bee3739bb12cdf,Visa
4780e1ef-7b62-4ba9-be75-2f749af008be,upi,a7e63c917c471876,RuPay
b048b8e6-b59e-428f-ba0e-530fe974b04c,card,63d0a1ce1e663e4d,Mastercard
accfbfba-b286-447a-a811-7e153da9f606,card,645811c97b2b9fdf,Amex
c44b240a-6876-4365-a451-39b660ee2540,card,cd080d4eaf78ddc5,Mastercard
0c57c47c-d1fd-4446-9bda-0c64d7f02ef2,upi,1a42ff65c9eb1a9c,Visa
d9785e7e-0e62-4fae-9b44-11fccd7359fe,upi,9ce33ba5b5142442,RuPay
fc99a080-4688-4b27-8d2d-de0e2b3498ac,upi,e651c10cf324dfb2,RuPay
510e1dda-7b13-48ed-bc1b-92bc7afa1be8,upi,a39a9828f34c2875,Amex
b0abdb9f-5c94-4a94-9a6d-3efdd7fe6fa8,wallet,61d2155fc9ea2d9f,RuPay
51e67a9e-d305-459a-b85d-dffaf57e286d,upi,c40d341dc681e076,Mastercard
2f0f122f-e434-4632-b5ea-752e4b299d57,netbanking,ffe23b120eaf9a07,RuPay
e2ae2117-9253-4719-be03-60a935f0be73,upi,20f5d85c2e5dc319,Amex
7c043b82-68ad-4605-81e8-720dbe06e745,card,36fab53c5d88ebd0,RuPay
a7e7377a-f364-4bac-943c-3cba47f6d158,netbanking,bc51319fc1674846,Amex
174802b4-1280-472d-a840-8d64b13bff38,upi,ec56ddeabc5d35c4,Amex
f9c2462e-19e7-4422-8c63-a7f3837ce6b5,upi,ea5d5c7089a88818,Amex
2bf33f2b-22cb-4196-b02d-051032dd6ffa,card,4639c4cbd4c777f3,RuPay
e1ce0edc-f86f-47c7-b3d1-ba402cc471e0,upi,7398246048b58c73,Mastercard
4a281602-b371-44ac-b388-1a4e56808bbc,netbanking,9400c7610b707121,Amex
1142e679-283a-46e9-95ae-125c2e8fcf23,card,515c6d5016ebaba5,Amex
98cdfab6-f6c5-4a29-b366-5862c3c04aff,card,a07236cd0782f4a8,Mastercard
f42cd859-ae98-40c7-a307-c16bf9ac1288,card,904f1ba78e2972e5,Visa
12d4cf2c-45aa-43e6-91ec-8ab787914ddd,upi,d45e32f6d13519d3,Amex
1ec9801c-6371-4e5f-aea5-61d8bbf5bbaa,netbanking,9b622b968ea1372e,Visa
01b90c59-c8a7-4ae2-baf6-cd0422235971,upi,0f52736d75a128a7,Amex
199384e0-a871-4d6f-b32e-f9893d1b9ec0,wallet,c8f6adb4a0cbcf2a,Visa
21c151bf-68f7-4384-88e8-2c1d68c3cc76,upi,6a5055736072c3a6,Amex
5ca1bbda-d167-4389-86a0-925ff03df809,card,97c729e21a461d75,RuPay
359d400b-587a-4bd7-a13f-cf402bbb763d,card,7d744d9b00a0f6b5,Mastercard
b47a3ea8-eccc-47c7-be0f-6f4b52ba80e8,card,c4c9d2cf52ea3eb6,Visa
1f2edffc-f1ae-40e2-ab72-8d1c7babd9de,upi,1555f5a20d2223bd,Amex
8e280b7e-4a4a-474b-a065-2e6714aa8867,card,766e16917220bf02,Visa
e9383133-296a-400f-b4a9-7ab6760ddf3f,card,27bf4b329c982407,Visa
302cf08b-e3b0-4437-b5bf-9a207be981b3,netbanking,0da465cc51baf626,Amex
f74e71bc-1379-49a1-93b9-32f427ab99c0,upi,35071349b2762331,RuPay
16ef4506-c337-4bd6-a23a-2e2ef12b66ab,card,4aa3f3d0a687d2b7,Visa
4a0469d8-62f3-41e0-af2b-229168fb918b,upi,ff2a3adf5495317e,Mastercard
5c6c90b8-6ac4-4b6e-be3b-93e66fd5b901,upi,aa4804555ee12ee7,RuPay
bdab7e5f-034c-4b73-aa16-786883de3260,netbanking,52c43756f18ce4e9,RuPay
64324dae-f973-4101-b62c-fd37a2d8032c,upi,bc2c00b28d578123,Mastercard
76a6486c-6094-4220-8c47-52ab325210c0,card,fe0a70af602f50a6,Mastercard
2ece8953-1a49-439d-b73f-e8c19b28bb8c,card,a7bba418eb0ad862,Visa
912d993e-13cc-4ebf-bfb6-d3e2296a3b67,card,44d2d32b6435517b,Visa
6d69f821-c739-4e52-a711-d87619372f7b,upi,695cf0af8587c8de,Amex
f124d487-f6fc-4366-a9e6-54dc1a8ed4a8,upi,35513c06344ca0b7,Visa
4314a922-6304-4df4-834a-bea0e9e55329,upi,a41a0fb0499bdb47,Amex
48e5a1bf-6023-4e23-be69-a344baf8e685,upi,2bf03ac33682cf90,Visa
fd2b859b-beaa-40ea-b2ab-0ad9f16118e7,card,ece6b72afa31214a,Amex
9fdea145-2018-4b21-8f8c-8f6261353fe3,card,09332da60963b66e,Mastercard
c13c1260-b7b8-4ec1-9ba9-39570a8b25e5,card,85825a38c4a53ac7,Amex
7ecf07ef-a88e-412c-9956-fc133087dad7,upi,04329b248bd88c74,Amex
6e767be4-219a-4218-9eae-bd7ca385c996,upi,b986728b64be2b7d,Mastercard
676d8691-60d2-4ab7-8775-ee4606919d07,wallet,b945e73ea3871817,RuPay
a9b9a933-ef25-4538-8a26-93b8938f0869,card,6b8c046e87a17723,Mastercard
321f6d05-6220-4b59-a8e9-fbd8affe3bd3,upi,96b4e0e034a368c7,Amex
da1c6259-9700-4f53-ab19-14665597ed18,card,63f72d1a0b67e568,Amex
d6784aa1-ec5f-47b6-860b-f233f3d4a1b2,upi,8e4204a96a94e49e,Amex
833bb6a4-d6f4-4f68-8661-07ef3e80981e,card,2c76f81c1562cf53,RuPay
57c1bda7-f03f-4527-8c34-ddda95a98699,upi,65437adac4261fb1,Mastercard
3bdb48a3-184d-4863-a186-f9b6a073c676,card,0741e123684a0714,Visa
91f8ba81-e970-4c8c-b052-1bfd24d2b2b7,card,2b324ae5b6c7fdbf,RuPay
83220902-786a-4947-8b04-1b6f1c796569,upi,fa326104e37e3c0b,Visa
cc0d7c2d-4262-40b3-98ba-4de78f3ee693,card,f5c6f64ea0958cd0,RuPay
570e4417-c98d-4891-b07e-e69ad597d862,upi,79082474b9b7dba7,Amex
19ca8f7a-53a5-445a-8ab0-8e24ab4a6114,card,3a7734fe06b3e701,Visa
592e409c-6b35-4a9f-a003-5c235edcf7e9,wallet,f1ac0a3249559e5d,Amex
9a740356-8fcd-486d-a1db-7095b326cbdc,card,e962551bada11db6,RuPay
d011af62-3ac9-4e31-8352-3f77bb34b962,upi,f13f075e182862a9,Visa
56b92539-de23-4a8d-befc-fa656a8fa9f0,netbanking,88f798b1f352df50,RuPay
48c7df48-9165-4105-9a39-b238e01804a7,upi,02b3f662135cab65,Visa
a78b27ce-a617-448d-988a-c4a7a533d251,card,3b0a3f0dcec17aaf,RuPay
05a5743e-6ce5-46c9-bb37-73af8c3e226f,upi,93df668a93f135b5,RuPay
912a0b73-a042-4d72-999f-ab94c39b1053,card,2cdaaaf1824daca5,RuPay
75df85b3-a89b-40e9-b8e8-6b1610b9766e,upi,5d4fb61b11ee5d31,Mastercard
ec3301c3-3416-42a5-a918-16b9f105e5a9,upi,4b73df6fdec85d31,Visa
f311dd0a-52bc-487b-a592-64fe2931e0dc,netbanking,87e0afe37fa9bc23,Mastercard
d7c68d10-68b8-4bbb-94e9-4d30dd4dc01c,netbanking,33cb76c52f19ffc2,Amex
4bdd3d63-8e7e-4cf6-a4df-20734fdd8e90,card,86a239514abd7ad9,Amex
fc58a80f-b20d-4e55-9921-75f2d0966815,card,c530058f9e26f3ba,Visa
1d8ba8dd-61e3-4258-92fb-5d841945b6f3,card,d2d25c60441b1888,Mastercard
b1e3e504-7849-4373-9855-d1e91d945a8b,upi,d82fd01c3b3f1547,Amex
d3367a71-be25-46d0-b27e-aefe478f1f63,card,dc39355159022f88,Mastercard
6cba641e-b9c2-4a48-a357-20b0cf7988ef,upi,19a07193b19a3c75,Visa
7e75cd5e-0294-43e7-942b-1146a4697231,upi,72a95c8d14fab489,Amex
daa322fc-e62a-488e-8061-9706c5537b98,wallet,0ad620ed08de41bf,Mastercard
fb807d53-a2d9-4fb0-a3de-e50edb6b4c0d,upi,63221f5f58c2f0e2,RuPay
b148bfd4-050a-498c-87de-37e24c846a6b,card,4d3bf46de5b5b2b5,Mastercard
3dbd3942-f1f0-467f-9fa7-3a67f4f158f7,card,3cce23d6929ebb13,RuPay
8eefbebf-3735-4dcd-b95c-d769aafed184,upi,01aadcb4a1089572,Mastercard
25913642-ce3c-4d10-b598-2eb7b11d733e,card,cf51497e609ba1fd,RuPay
e057aeaa-818c-4611-8092-964849391108,card,cd3152ab74af3b72,Mastercard
4999030c-9eb4-404c-85d0-db8a6679fded,card,30b4a984bc1ae03e,RuPay
2d7d0017-c77b-4c1d-8505-f738060e6b10,upi,30a952ee1096a74f,Visa
9a98c564-1f13-4034-abb3-ac3389a2afce,wallet,227f3a552299a537,Visa
09cec75c-fe97-4923-a447-572a8359fb24,card,3bd2dd200ac9d439,RuPay
8c944f37-b6b4-4f6b-9d6c-1124ecd01163,card,0e5118df7f24a6e7,Visa
7174d319-e7c4-4707-a95c-ad313887f1d1,upi,4c680a416c3518ba,Amex
25620f4b-55bf-47e5-912a-f8ea643c2aa5,card,5b3ff0ecda616496,Amex
c6b205d1-8ecd-44ce-b7cd-a63ad6d4de4b,wallet,fedd90502260d30a,Mastercard
b368e0b4-68ef-43d6-a9ef-5b0f136207f2,upi,830c6e6adfe92c7d,Mastercard
f09819ea-0d02-49ca-b0c9-c7159971bac9,upi,bd497ce62dfbc0a2,RuPay
31435652-0930-4a0e-a690-aebc52e3fae0,wallet,65cab50d9c30f6b8,Visa
ca0180aa-8a82-402b-8a48-607927a7b79a,upi,1feba21e9c3a9f39,Amex
7146d1c5-e09e-40dc-a8e9-ac3594a9450a,card,8e9cb960ae701659,Visa
a1555b66-5fd3-4e89-9095-2ae0719cdca5,upi,66b3ead33e09f418,Mastercard
9c1d7236-bbe3-4309-a063-fa2de2932dda,upi,f0398245ea6341fb,Visa
c2522836-be22-4912-a7b0-2ae00a8645af,upi,94cc54b933c721fb,Amex
0a30f5a3-8b06-4bd0-b228-4929de962d98,wallet,25173d6c48997a2e,Visa
f310c127-8320-4de4-9217-352107331d5e,card,12048ce822aff1d9,Mastercard
a5d6167b-1d59-4310-a012-b3c983e38fc0,upi,2f5468f7fee269a8,Amex
e6658e41-2b92-4809-a9cc-b90d26aa8bf5,card,931a82571504d62e,Mastercard
d6bd6058-683d-4fa9-a9d9-a55185b8dbd5,card,1cbf022c51fc4068,Visa
a589059d-f611-4dae-96b6-92d944a1fb7a,upi,f50752f530b68629,Visa
a92ecf63-535b-4e36-9d4a-7a64be71124f,netbanking,0d8f83afbc61bb80,RuPay
97f111d0-c9ec-4b05-accc-6e91145f80a3,upi,ac7f13fc58fb2acc,Visa
7357a612-d672-4172-92c5-e3d871c59230,card,bacde02aa900c53a,Mastercard
a4cb4a36-c30f-4e24-8496-928e3596af30,card,dc99053837f865c2,RuPay
9828630c-3909-492f-99f4-d1fdaf52bfc7,upi,9bfa484b4e44f232,Mastercard
97446c29-af7d-4832-8e63-e5fe9578aa43,upi,e43b3ca373495487,Amex
7760b27d-b4d7-4a8c-8043-6a16be952f9c,netbanking,3ca3f0ce5c0b96f5,RuPay
797438a9-1ad4-41d1-86f5-bfd033a3e34b,upi,c0ec375859d07612,Visa
799a1c8e-d104-444c-b175-96c472503c41,netbanking,d7934b5383f1025a,Amex
99e716c3-5a64-45f1-8886-e2c5a051a10a,netbanking,04027b7f51e5e959,Amex
b7bcbf9c-66bb-4091-9c11-b4fbc89e5c80,card,ad697818f24147ca,Visa
16aae9a7-0e0a-4d68-b57e-37840b5b49ed,upi,407eeea63caf2dec,Mastercard
76a12f8b-69a2-4556-9b6f-6b5930f6cb07,upi,5b0e8ca0fabb65d2,Mastercard
d32dd93a-509c-462b-b29d-1f5e4f7ae1a5,wallet,d85a94314cff25e5,Mastercard
4a636364-b6cb-42d1-9013-7be4ab530a46,upi,440c649897ed424f,Mastercard
3894f226-bd01-437e-afec-4865ef69ba83,upi,4fa9f42cae1986a9,Amex
af141e91-52a1-4b9f-a8fa-ff22078ea3b0,card,b547c988cece4cfa,RuPay
b05913f9-4b25-4073-888c-4cabdf5423db,upi,2ce9c59342bbab20,Amex
2794a96f-1d41-4301-9c4f-8356ef0e54f5,wallet,58e290cffa910b72,Mastercard
42791110-5188-4965-bda0-0a33b6d0c5e8,wallet,d228ef40a5284787,RuPay
fff42abc-a5cd-48e9-a129-1556743aa16f,card,60c264bffa9ac025,Visa
af68e26a-2efc-44c7-be64-759be9ec9469,card,8bb121b9da6f15f9,Mastercard
351999ff-20d6-4159-b01c-377c03ae4855,netbanking,63053dae7b722258,RuPay
daef844f-738c-478f-b7f3-843fad55b644,upi,db4f18defa843b1d,Visa
9007dcd4-74df-408d-834c-386a2be1d54d,wallet,16e544fa9effe2a8,Amex
6c199863-c7cb-40cc-89b9-7ef2911616da,card,524ab7f3541a1c94,Mastercard
37389619-bebe-48ad-b398-8e668b8ee90b,netbanking,c4a222c3a45a540e,Visa
36c61785-8002-4db1-afa6-8629008d0617,upi,705d705a3b0b4905,Amex
6b354e43-d653-47ab-8360-12c43eafa92e,card,9afda78bf1d09858,Visa
099f8c5a-06bf-4924-bf13-065b184b7c38,card,328af63531c26a89,Mastercard
79cf8e33-76ba-4596-9bc0-c5b9a96ef0fe,upi,e3d1dc8b341fbb71,Visa
1b67bf10-5306-451e-83ca-ce391f50c3e4,card,569936a127af99ae,RuPay
c6435f22-6229-455f-855e-222d1a55c1be,netbanking,4e000e92fc725a2d,Amex
f2e07f04-fa85-45dd-8843-a22492df2355,upi,905d6cb06e3903be,Visa
1d4359d8-251c-413c-bc0d-07f60b4de051,upi,bf7b5c37fd4f8bb9,Mastercard
f3179420-e584-41d3-a619-fa7a1e542eb7,card,1c91e8d97c520bd6,Mastercard
970c21fa-2dc7-41a0-8aad-3669a1ea1ea3,wallet,2ca12c0e282f7b20,RuPay
c0f77fa2-74c8-49fc-ac66-85789da71cf6,upi,171a9d371eb9dd87,Mastercard
c5163e5b-306d-4d54-993f-1786ce66377c,netbanking,3cf282a76e5a7368,RuPay
3c0a56da-3d27-4c1c-a3a7-11f455fa34e5,netbanking,fd28b71c41ad9175,RuPay
562a86f1-7a22-4985-b435-c5eeed9f09c1,upi,649bdb00f491fd4d,Visa
e7d55016-ce31-4c4a-9ccb-54a565cbf315,wallet,910adf502840ae07,RuPay
d7fd0f5f-0664-4c4b-b80a-f10d854d839b,upi,13fbdff5dc416e66,RuPay
5ffe8e2a-f423-46b9-a24f-3606254af224,upi,b70601fa70d93c95,Amex
adc46bc4-a077-49ac-bf27-b719cebc6b6e,card,87861b4bd446613b,RuPay
f770fec2-994e-4734-ac7b-0aee8b74b056,card,ca3401e4aa9950e6,Amex
b9b5eb32-cc50-407a-a271-ab8bf69c9208,upi,251ba5f842a9cce8,Mastercard
91bfed72-00de-4537-a892-02fbce6ed318,card,1a01305ebe18d10a,RuPay
933c0051-65f1-41c6-a026-2fb62fa39dba,upi,7e948cbdc1454f56,Amex
aad0111b-10de-415a-bc44-5f79551bef82,wallet,7fa7023687c494a0,Visa
8a48a088-7e47-4abf-b9d7-71a84c37f8bb,upi,3080f2e3b9190332,RuPay
fcab585c-e1f6-43eb-be4d-bb8be399983f,card,3d048bd0867a072f,Amex
39267074-744f-4189-ac10-f9e980f2781f,upi,b4f04310b0457b2c,RuPay
3583c36d-3112-41c1-9ef3-8cd1fbc205c3,card,106764adf7b6250f,Amex
f4587a2b-f73a-4d33-bc12-ad190e9e8bea,netbanking,676edbf14a1d6d0a,Mastercard
e4f604dd-2598-44ea-af79-8566ecae54e6,upi,ff30f748f7914575,Amex
3b08b1e1-c50b-4f6a-ad3d-3185704e6057,upi,1e8d970bae397ae2,RuPay
091f38cb-2bb8-4780-907c-b20318773e86,upi,44ffc9cc9d4e5afc,Mastercard
f0b36292-6658-4c84-8814-12b54019acea,upi,e42853e820a29fff,Visa
f8a54b4a-b082-4d05-94f8-4ad262699b0c,card,e019ef4544c3e34c,Visa
e086b90c-2e22-4352-824c-2e1a30bece6c,card,9bc13956dc0bcca4,Mastercard
8816a791-0580-400a-90cb-d66707549f0e,upi,41c18105a27937d2,Amex
9583f698-3357-4e29-a829-9e56ae8a3c54,netbanking,b480784323291674,Mastercard
9415e686-9ccf-426a-bc7c-38a8306e4f0b,card,f5e8e4a3e1cc35bb,Mastercard
bcfd9483-8a0e-44e0-8fac-a326619bff8c,card,5de4f1f0d1960edf,Mastercard
4ce6c4cd-2754-4a41-bb6c-90b958784308,card,94c8ae9a125d2f76,Mastercard
28692e9a-05e3-4668-a21f-905a7a9b8047,upi,aa27b367a5eee36a,Amex
9665f67e-8c4d-45d3-81a8-ed369d3f5d32,card,e0eab74f13bd9848,Mastercard
1491a1f9-bd38-4e1b-bbd3-7ee1eb804f76,netbanking,168178e9683dd1cf,Mastercard
02a8fd12-5c4c-4f3c-b83a-04d3df53712c,card,2e43189cc33263bc,RuPay
427304cb-a573-4b9e-b92d-f39141902458,upi,b1f4cf2ee9c13889,RuPay
30dcd817-cc75-4a41-bae4-d17113050aae,card,f9bb0534c03630bc,Mastercard
cff2e86c-69f5-41cd-bd94-ad2cb701e8f7,upi,76bdcaacea52f561,Visa
b2cf2bfb-f22b-45ed-ad99-e65b67307d46,card,c62725b0f935db15,RuPay
72cdc620-2642-4492-9022-94359bdd2be6,upi,b6cb5d0721ece00e,RuPay
b73cc5f4-24fd-460c-a3bd-0d7b9812395f,wallet,8be72aff6d573b5e,RuPay
11783e4e-3aa5-4643-942a-6894f53db361,card,d1a69827d53e420b,RuPay
5192d996-4389-4757-a5a7-ac86d3a695bc,wallet,a1adc65d2028d167,RuPay
ea117afa-8bbd-4ddd-ad01-dbce49c651c5,card,6f965408b48d7cea,Amex
cb762785-339e-4a3a-be3f-19be45dd9b49,upi,a83a3f613697c8ba,Visa
9f5e1d6e-e234-4485-8248-c64ead222787,upi,eed05bd613f0bd86,Visa
bb74f5e8-87bc-482e-9cad-b32fcea58883,card,3bd35c251759a01b,Amex
bf4be0c1-ae84-452d-8eaf-37b556118cda,upi,a1fa6a1fdb84a390,Amex
f6d71699-d5ff-4303-af30-eda7743141d2,card,1c38c2056b8c389c,Mastercard
93a8fdf4-0507-4756-8c1c-15cc74adaad8,upi,598e3ab63f4f53b8,RuPay
1f03136f-607b-4b9c-ae14-f0c023ef6f2f,upi,4602558688bc1190,Mastercard
e619c5df-0057-4df8-86e1-510e9d83d52a,netbanking,fbd56c4571c0da94,Amex
c8cda4be-95f8-4f5e-9553-7836bb8ae80f,card,b95ae44b3ef0acdf,Mastercard
fa3b4022-b758-4d9d-b3fe-a4025ad77634,wallet,b821879a9a56a543,Amex
cdbe303d-2049-499c-a5a1-574034a7f283,card,dbe371ed2d4505bf,Mastercard
e8807074-299f-43e5-a52f-d91dcef4a782,upi,347444ff6f784baa,Mastercard
dc5f53ea-bc8d-43fd-b71b-4b59ebc46913,card,18d5e5a44429c16d,RuPay
498ea14c-80f3-4a49-a2c4-49f7e964d293,card,a7800dc5bc692377,Mastercard
268e5b33-e919-48c9-abb4-e453426c3c27,card,cb292d2570e5e9ce,Visa
a701abff-add4-4889-a0a5-21dc4188edae,upi,5fbe197a1c01536c,Visa
8a9fda71-a7ce-4d22-a057-b90bca500e1a,card,ab705fa4f87f58fe,Amex
dcc0cd53-b7b7-4aed-8d72-712d5ee09c79,upi,a6f1d46f584dfb55,Mastercard
26d75c22-e64d-4eee-a3bf-41916c922f15,wallet,a1d6d3ab78c66ff2,Visa
8e0b060a-594d-4ce8-b8f1-a88f0ba5ddcc,card,e27579c6817d96e5,Amex
f0c7638d-09d3-49c6-9e16-a9f26770f75d,card,ae567e97e5ee2885,Amex
4d8aabe9-eb11-4fba-8e28-6ed616adbddf,card,5a2bccf561c8fe41,Mastercard
9dde3721-a63b-480c-84b9-524404d9fb3a,card,b93cb20ae6240e28,RuPay
c6c183c1-889c-4a4b-9717-41ce7828ef4c,upi,26a4e26c1103b52b,Amex
65271023-8372-4721-98aa-a1119f24db90,upi,ac60208cec79f546,Visa
1a2fcc53-9966-4cb0-bbb8-fa37dd206f80,card,918c14312086dbfd,Mastercard
696d51e5-0e4e-40b6-8282-0fdad0892924,card,1c8cce42c57fdd85,RuPay
47a87bb2-52a5-4a59-824f-48bd201aefc0,upi,37dbe8c56aeeba30,RuPay
c554e636-87b9-45c7-a397-d5688dabfaba,card,b537f37561c9efa5,Mastercard
0d8f0c07-29bd-44c0-af32-79d665697ed2,upi,e9ed565b75e39478,Visa
241ab286-03c2-4056-b841-017df6b7eb7d,wallet,660736be7255a650,Amex
01e7dcb7-8f98-4e7c-ae86-8ad1f33034f3,card,bfe880fc6eb39e87,RuPay
db12c80f-94d9-46a5-8685-94c92e41acc2,upi,803bb0bdfe1c9175,Amex
dfadcbd9-51b3-49cb-aacc-4fa173ab49f9,netbanking,59a033de3c2d2312,Mastercard
907bd32e-d033-47a2-a2b7-ee4372b8c288,upi,470fdd29a3c45527,RuPay
0c0907bf-2f8e-43de-9717-bee1e4326edc,netbanking,e033d36a2b34bb23,Mastercard
cfb2cf31-0b4a-44da-8198-a7c5eda4c78d,netbanking,dc4357910acd0ef4,Mastercard
903df390-a86b-41b9-9072-caf8ce31ca40,upi,bbab7814da86b1a3,RuPay
4c7c43a2-edda-47aa-a3c7-b2d5a67e11c1,upi,092e43a7958fd345,Amex
b4b2ab06-454b-4823-97db-f47192ad46d1,upi,d35477424c22da1a,Amex
b448c318-8fb0-4471-907f-b17181b47397,upi,d9213fe288220e9b,RuPay
4d868bce-adc1-4127-9128-b49e0114a997,upi,6bc5986074a3b3dd,Visa
1b7e4f6e-a721-407a-926d-335cef760569,card,6372bbcb7f5ef533,RuPay
813dfb00-d2db-490e-aaa3-94ec40c8fa8d,netbanking,2b402092d6d6c351,Amex
a0a7e178-30be-46e3-9e3b-b18e4097c6c0,card,baa5da964a187580,Mastercard
c3c82d0b-78ea-4d21-944d-19ff0d890026,card,ff7fe90f3b91e8af,RuPay
1d0b82d2-4303-4fc2-b807-5ff91fc465a2,card,346d0deaf47a4101,Mastercard
ace0c5fe-0c7e-4aaf-8406-aa93be2ef797,card,7c392ba9129912d8,Visa
3e267d12-83dc-451f-84df-19f72ddfa0f1,upi,23f360a1f5e6ea1c,RuPay
cb137303-6a4b-4eb2-a42d-dcd43e4139b0,card,e48dfa4a873a8b10,Mastercard
ee92ab03-b470-46fa-bb8b-1479ea33fda3,upi,5af0ebd8db5b8694,RuPay
37cf49aa-c7bb-40e6-9b9e-ff42cd63b539,upi,57ffe19fc5e8c8b0,RuPay
f38b48ab-01cc-427e-9ee1-22de92f6c83b,card,7c6275743eba53e5,Amex
f4f7749d-1070-425c-97ff-647c48deeebb,card,5a0fb7afaa1bfe18,Amex
28602295-d8f5-4779-b6d7-2a914bd291f0,upi,b8e00f89a30dc5be,RuPay
0109bbe6-47ba-40d3-b340-ee8bb35864b4,upi,eca192a7c971cbfd,Visa
e1bcad7f-40ac-4271-8487-e8a49a8ed0e3,card,665c5667a6927e12,RuPay
af4d07c3-f598-4736-8f8d-7ca95d1b18f7,card,11ab25115fa7b7da,Amex
e82262b5-c071-4aed-b7e5-911186499d4b,card,adf011edcef54c01,Mastercard
2ded218b-865d-42b1-8ba0-2c35825c8634,card,40fa13bb7785966c,RuPay
dd476a93-8f47-4cb2-a5d7-e5c73ce44671,card,770ecc9e8f81ac93,Amex
ac941b7b-85d5-4d6d-8fe1-47a1ed9a5e10,wallet,c57594e9bd00327c,Mastercard
9c5dd9d2-c194-4505-9576-f59f5cfba6c7,card,c49e43f401d9048c,Mastercard
42e74970-3477-47ff-9dd7-e4e4e8cd7eb1,card,3710a247537a742f,Mastercard
2c37d251-df6e-4a46-ac3c-144911e671aa,netbanking,46ef9227815c8e5f,Amex
2ec711ac-e48d-478e-80ef-933e0254d7a3,upi,5f7632d527a7e36a,Mastercard
fbb3df2d-92b4-477d-bb66-9fb491b9343b,upi,f516f00b92e79b25,Mastercard
7f53543e-56c5-4e75-8ca9-6dcb270449af,upi,bc9965a8884e8aa1,RuPay
f4f13eca-eb62-44cf-818f-8e2f3a1131ff,wallet,5e13a31abaa9c846,RuPay
7c95eb6a-90c5-4606-ba10-3ffae3583fd0,card,f7580ef9993d13be,Amex
16a5a07f-fc94-4b4e-b676-d273f7d25f38,card,be750d5f9217e67e,Amex
11190a47-a59b-4a71-99c9-95a4fe55d239,netbanking,efd60623e27c613c,Amex
93b58ffe-1b65-4128-87e0-bdfe55277fb7,netbanking,0d9aa2b75de882c7,Amex
361093fe-e25e-402a-b3ff-c01ae6eb196f,wallet,d4d0919d4ddf3006,Mastercard
9b8b2061-38c2-4097-a559-f0d8ef26dd4e,card,6ac573ad2f6539b2,Mastercard
93d3fd78-3937-4999-838b-385033a33a69,wallet,c4af3f3a9c2bf001,RuPay
bdeeb007-35bc-42c9-9b52-ce869fc75cd9,card,fdd7a94e235be639,RuPay
c842c732-1d70-4214-a105-054f8674cc65,upi,4d5fae2d7f7b70d4,RuPay
46b128a5-1b48-4868-af57-0f73f05829b9,netbanking,f5e7a7185abc93f6,Visa
5ae98871-2c4c-4638-8ab5-1092fdef5bd1,card,1911e2c2d4832ce0,Visa
b22db40e-cd57-433a-bd6e-f8dd3bb29bee,card,f314ab7a7d267c4b,Visa
8ee9b726-3ac9-42f8-b2d0-8c5dcfa06e75,upi,3f54bfc968dc5857,Mastercard
77a5513d-fee0-4fb7-aa24-68de22abd336,netbanking,3f1e09a1461e3afb,Amex
7e80828d-21b5-4308-896b-b13aff6e630b,card,c9954e13d2095e43,Amex
1823b6d2-2da2-4ae9-a7a0-64946c439f91,netbanking,94a5dedc914e1515,Amex
9d44a0bc-f423-4c63-ac4e-56e72f90ebc1,card,6f7512e6b446f811,RuPay
b7123cf6-abed-4fde-a472-9666536b4ea1,upi,3a9f35cffd3f46d5,Visa
dd7dfcb3-5acc-4c2f-8f34-0f0a21d871e0,card,e18cd735f1743ae9,Amex
3c99773e-a8dd-492f-9dff-4a008235b192,wallet,10e482d54e951e58,Amex
b6894cdf-93bd-481d-ab3f-1c633d0cc1d5,card,1e486442d28b3164,Amex
687b6be3-29bd-4cb3-b806-b74a58bb2b1c,upi,80ee995b37f8163a,Mastercard
04728bbb-3115-4a83-b64c-9f398310a42c,card,bc568d5ed55baa57,Visa
d9d8f42b-8d20-422a-b866-00ec554d222b,wallet,67b27f56c47d92bc,Amex
7f74098e-7215-40de-865c-f8744ca0994b,netbanking,ad587cffd5a88ffc,Visa
5961829a-a31f-439a-9bef-f6a8f04a34c1,card,b308c6e8efc942b7,Amex
fc6492b4-cffc-4de9-ab4a-3d19766cb8b4,card,34cb43011d8f4aa2,Amex
5429edf4-39aa-4e79-8232-8d017094fc21,card,d9b733096f2e6bc7,Amex
9e67b2b2-19c1-4aee-89ac-b64389dd76df,upi,af29074eb4a77371,RuPay
1405fa10-09b8-44ef-956f-f4c866fcbd3b,netbanking,a2f997d8dab94e94,Amex
cb5eb675-a7c0-4bb1-99ce-d7d01dcb7f7e,upi,bb2f43e3929a8d0f,Amex
e51e1b4a-7ed1-4f2a-a2e2-72a2d7c5d884,upi,a66f4d4dde9d10fb,Amex
3ec7c55e-35ed-4d0e-bedf-9b7c549af7e7,upi,64f68900b53305c6,Mastercard
0617c5d1-2eb5-4f4d-a2eb-aa81a6b7627e,upi,8fee946a61baad29,RuPay
f8dca2d5-cea7-4693-8f38-5f61370d7f8b,card,cc608644bf84b4f3,Amex
1b36c3b6-be72-4876-aae7-7850f43a5bc2,card,d7fefe01cbef5e57,Visa
c1393828-f587-4708-987d-fdcd6227190d,card,5e6f08b9be6419c0,Visa
b651229a-abed-4d73-9fc4-4d9a335d0f0e,upi,085671dce82ddb76,Mastercard
6a78d006-7e6b-4c97-88f8-7b6a4500d7a5,card,014e84fe28f929e5,Mastercard
7861467a-bd8e-4685-88bb-6f87392b5d46,upi,91f01d595c3fcfb4,Amex
3b265179-bc20-4ea1-8f40-58ee0a25b572,card,f2f5719d2334de16,Amex
24434643-7505-4aa2-93ca-408251ea5276,upi,d7016748f40dcd80,Visa
f309124e-558a-4b0b-aa30-b621c260db89,card,f2bf1557c770d68c,Mastercard
23869fe3-575d-4125-9a63-e2c85fc6ee7d,upi,70063b6647f117b0,Amex
05f4fa4c-7b34-479d-a9cf-bb66db38c3d9,card,fe2875e8c7585d58,RuPay
baf46529-b414-477c-8917-de1376c26e48,card,e914ca727a9b1542,Visa
af42f3d0-ebc6-4a36-b03a-0e361144f26a,card,a4092be7f6ab04d1,RuPay
cf9776a1-25b3-43f4-8298-2d8f39fc05de,upi,19fd04e0c24f6584,Amex
f0cc118d-400c-4716-887c-6ba3f317ad00,netbanking,c434f523f23694bf,Mastercard
2774965b-5193-43e6-b746-e85b75f25acf,card,95ed79c6ad94fdd8,Mastercard
198d8baf-629f-4ecb-a803-70237c1db8f0,upi,c7fc1d725ea2e84b,RuPay
0b3fe0b6-36b4-4b5a-b06d-8a16a1843b75,upi,df3c28b5e5b0d71b,Amex
b413ae65-d1aa-48e1-8aca-6ac9e0d25a58,upi,ba3f26092d5ede34,RuPay
c7d73249-0952-4c1a-8f86-0b9f6dd70745,upi,9ae54d813130b636,Amex
2fe4fe0a-6cbb-4f30-8842-a8cc1237592a,card,8ac8bfac37189ccf,Amex
4999001e-8d6f-42ed-9d4e-53da8e34b092,upi,fd1164e803952664,Mastercard
a0f9f45e-0bea-47df-8da2-e0d016def207,netbanking,b949a6726b9c9006,Mastercard
11835148-2d4e-4141-ab86-023a8c8c1457,netbanking,5d77776964240f2e,RuPay
3394a4a8-cfcb-429f-b06f-a47a58f900cf,card,3a76df9c939bceb0,Visa
f76f13e7-75ce-471e-aeb6-f3fb2886649e,upi,d5d9b1d60e1d9d7f,Visa
05bebc1e-e496-4d93-9fe6-4555b9313912,card,27131f32dc8b4a77,Visa
c95df6f6-194e-4167-83bf-8e9fb90f562a,upi,da5e4a034be7f4ea,Amex
b612352b-2b85-499d-b01f-225709d48103,card,3091b4d0b7ced205,Amex
903540f7-a14f-45ea-9662-82b1768d7d1b,card,3d129dfba24ce49b,Amex
d82f8945-d5bf-4f98-a261-d17a2b5a1794,upi,83f3f37f46f3c6a9,Visa
2b6b1b39-e93f-4120-a54f-a5405c73a2d6,netbanking,26847906083306b6,Mastercard
e8873a5f-435b-4423-831c-21fa03845cec,card,097d65edba9311e4,Mastercard
1dd35ae7-d9f1-4615-afa4-70f317c91f97,upi,b9417baad3a80c13,Visa
8ff13870-c198-4175-ae0e-da90e8517c84,upi,ce47875adabaf1a9,Mastercard
21388b10-cae4-45a3-9518-7a4d72631692,wallet,352ed15c18b77197,Mastercard
a5de858f-3865-403e-ad61-fe01b78feb22,upi,eea3d84e8ecda2a7,Amex
549aa0ac-027c-4783-af3d-d54e260f5906,card,c37ed6ca12c57388,Visa
0628b60d-561e-4616-98ef-bc0222394e6f,card,346bac80eea7ee6b,Amex
8771a0f1-a280-486d-9413-8caae6c520cc,upi,0d6a7b41456d8b70,Amex
696db920-feef-4356-b5d9-31cfd5a1b2f3,card,a78001f64573fbb1,Visa
91af8a5f-e7ea-4aff-af4b-f240d2498a5d,wallet,8881ad4ce4556115,Mastercard
f24e664a-e095-4f8c-84c2-a0945c53228e,wallet,aa856a4c791aeb41,Mastercard
7fdb55ee-91db-4230-b23d-d850c5b915e5,wallet,36dc0c318b3285e0,Amex
41298e5e-82df-4e32-91fe-3897fc9e15f4,card,47667105cb695fac,Amex
286de6ac-91f9-4131-a7fa-65434c62a1b3,upi,754917dad1401422,Amex
1636934f-151d-4af3-ae22-fc0c4ab29ea5,upi,1529a502760c599a,Mastercard
12366bfe-9e23-465c-a989-0cf9fbfe1f5e,card,1b78bfc39dedd48d,Amex
2e4c3f65-ecbd-4b68-87f9-7e78636c3de3,card,d9961abe6c2697ea,Amex
94f908ac-54fa-4e96-b9f8-c94678bcbee7,card,8fbf716b6cf85d75,RuPay
819096df-bfcf-4eb7-86ee-e1da59f07962,card,49ee09a58127fb77,Visa
4a582b62-2a36-4db3-a9a6-c6b885a7a6a4,wallet,292d6880cd76b7e0,Mastercard
cff037ad-7b0f-4b62-b24f-5cf40d421cf2,netbanking,9b9b08f2aa54d98b,Visa
0076ec0b-3358-439b-8bdd-dfbe6089ca10,card,194b7305f00752d0,Amex
86a20683-30df-4879-8df7-0d1e8322d5a5,upi,a599fda7d2f3a80a,Mastercard
18850391-aaf9-4f69-b5b7-d08e41377c3f,card,d0d06ac0d10a98e4,RuPay
4bd27bca-197f-4013-bac9-2c61b1fed457,card,cdc2c3e93c0b182a,Mastercard
959bed13-236a-4408-b36e-422a9f3d1283,card,e83c85d5eaaa2f1a,Amex
b3752fe1-dc4a-45ef-99a9-f08d24e58a8e,upi,0defbcbef216ee5e,Amex
691d51b1-87c3-4e0c-af4e-bd38f27fe8aa,upi,43c587aad6c3711d,Mastercard
899add99-854e-4949-af67-5848966e45e1,netbanking,3a460c1fbd2f8696,Mastercard
23a1aa41-0a78-4621-b98b-7c8c99444381,netbanking,dfa71d93b08e4ee5,Visa
46692d4d-8c44-4ff2-afee-316944be4625,card,614d4e0d8add2df8,Visa
cda61999-d7d1-4238-86ca-36c56a23e625,upi,4d4000a668c4bd5e,Amex
0d4d53e8-d801-4f87-aa4c-c2b35b21e23b,card,54c26479e65f4cbd,Amex
ad661e94-7430-401d-9535-10c0c37565ac,card,765d511715ab4071,Amex
8408df90-df4b-4470-a995-b999ad33d94e,upi,ac59a86c38c18fe7,RuPay
6ce44e09-437b-4870-adbf-c93a46423e10,card,1f3474f84cd9e98a,Visa
8b6d1041-67e3-41a3-89c9-da80d6ba597d,card,496c05821390f82b,Visa
07bd4576-bcbe-4f0f-9b84-91bba4678645,card,81f86d692d4e7b10,RuPay
d65f7a65-905e-4087-8912-dee6f331f2c0,card,ca256e1bb0e2ec2e,Mastercard
dea2ff75-8918-4ec2-bfc3-8e23ee87fe9b,wallet,3e80e16ea0835880,Visa
c51bf87a-39f5-47c1-927b-a17383b90b55,card,3442e0bfaad8e1f5,Visa
95174f1b-b9ec-481a-bfb4-2f1b05c2107f,upi,4e36caae05a289c3,RuPay
425d6079-c7cb-4c86-b66f-b18f906e807e,wallet,a508ca7c71e2d18b,Amex
96cd8516-f788-42cd-a224-3ea1c62dd23f,upi,02065228faf64b5c,Mastercard
00c07159-f706-4d2b-94cf-e54f2cb4cd2b,upi,89773d4243912e32,Amex
4cad5e75-73c4-4eda-89fe-1cca318c1cc4,wallet,3b48253f4d4b6635,Mastercard
937cb8e0-bf99-43e4-bb11-02d132ef9621,card,a47cc79bc03486d3,RuPay
a86797ce-96cf-40b3-baa0-fbb9f512180a,card,bc2636caca03c0ca,Visa
f118fbab-5e84-470f-8fb9-bd7b6e900692,upi,d2f4306eb2e1523b,RuPay
20cffd27-697a-4868-9af7-0b3ff5749139,upi,d76be2140677da45,Mastercard
261a10d0-d422-4098-a1a5-e2bed14fe506,netbanking,ea3407645b04b1c9,Amex
861b5d37-ab03-403e-b59f-10e5e3bafce0,card,6c56a468b27948a8,Mastercard
77926c55-cb04-4d04-b8bd-29ad71093bf4,upi,018309e66a5aa7e8,Visa
93b0c64d-6966-457f-bd4d-b33bc56bbee6,upi,43bbeba8f21de573,Visa
bda9e385-c71e-4442-b0c5-20917b55617c,wallet,5245078ffdb706bb,Mastercard
94bb0db3-dfee-46cf-b5c6-0bca99d5476d,card,328b7cd3d7e833e5,Mastercard
f4ad5741-ef05-40aa-aa56-6b777a64d5a5,card,57d2b1f5e6f7c55f,Mastercard
3a6c6240-14da-481b-ab78-2a8d97ff45a3,wallet,1a2afebabfc0f606,RuPay
27ade0b0-1fda-48ea-9d1b-feb882af37c4,upi,5317d7eeb3212799,Amex
67713e64-5948-4842-a938-1d09696452ea,card,374e0a2325a443ec,RuPay
79499174-4c53-45c5-804a-96f3dbbaf11e,card,e22aa4c29aab2b90,Mastercard
856b60f8-d336-49e8-a411-36fc7cfcf8e8,netbanking,028a265d5a352471,RuPay
b77de5bb-3f44-4acb-92ec-e5d96f593fcf,upi,1841945362677d12,Amex
aa1a565e-eff2-48da-8c80-a0212b447910,upi,a5cd92b92a4d2bc8,Visa
65c911b6-6760-49a1-b82b-44444dad37b8,netbanking,94b05e50322910f0,Visa
9545e17a-3d5a-4b4b-8e3e-87836f7fb8be,card,9c98e4dddc98c050,Visa
839990fd-cd59-4b2a-b49e-139bbafbd111,card,eda229b50c9ad821,Amex
9689caad-1e2a-440c-89f5-3df6ffedf139,upi,0e52923b31c0996e,Amex
1f4606b9-a941-4b0c-87a2-91f07b530c33,netbanking,6245ef340dd71870,Mastercard
5223d95d-168b-4aae-b921-2d731a30661b,card,488d83db83e39b38,Amex
380eb297-87f6-484b-a6e2-e5a6e9a71322,upi,4a38810a7e44729a,RuPay
c8c6257c-90cb-4616-b15c-8358b14a4d25,card,9d4cf8238c4843e9,Amex
4279a52d-9594-473d-9535-834366bf274f,card,4e376e965c0f6365,Amex
0e665cf6-e5a1-408d-ac92-f38dbe5d1877,wallet,6765549ebb578e02,Amex
2ac3df8b-3b2d-4f03-a8d9-b12f88df1b13,card,5df7a106a0d84703,Mastercard
4720f2af-cea2-4046-86cb-8e30e45e7133,card,923ef3350435e8eb,RuPay
3c621cf6-f8be-463e-8368-df053f4f12f6,netbanking,2a84b49caa9b66b5,Visa
071b9fe5-e28e-4170-a11e-f3929a380d09,card,b8d145ffeeb7aacf,Amex
1832cf92-efbb-4f02-9512-a3f38e770c1f,card,0a73d57f86c71dfa,Mastercard
c3d8a936-e81a-4022-863c-eb493e3a6e8c,netbanking,cfd6e419c5594764,Mastercard
6ebb5838-583f-4486-94b9-cc0a66103077,card,66f32822fe6b5575,RuPay
abbb7d29-2904-45db-a515-32bcd8509be9,upi,e428b4d3979b6bad,Amex
ef2c64df-443c-4a42-bf74-f2a379de5bef,card,0df9d1ac5bb59a22,RuPay
3899b381-c443-4e69-8e72-89c4049786fc,card,350a43a00a5d0d94,Amex
132fa724-513d-4107-9ee9-0607c488fe61,upi,24478761d3af41af,RuPay
5aeff5ed-3bd1-4e30-9bba-5695ed513593,card,46c072de18e1993f,Amex
cb69eabf-4bf1-4bb9-a243-5c1797e5f1fd,netbanking,2e01a6cce9b214a8,RuPay
ee87633d-f412-4d5d-ac55-555a6f9c984e,wallet,984fc0fcd8f026a4,Mastercard
13d12120-63ea-4169-a33d-59381dd84744,netbanking,0332f7d19da839fd,Amex
0b90b1d7-742d-4bbb-b778-ebbe8ee5d467,card,085e7afad98bdf23,Mastercard
347759de-0812-4960-96e5-8e81eb82e3f0,card,389203afd1b67671,RuPay
5265548f-17bd-4c84-b21f-0a0296f2e6de,netbanking,f20e32b702e4d20e,Mastercard
a62b6c30-bfc3-4ede-abbe-9a967a8e34ea,upi,6b32dfcba528b302,Mastercard
a26512cd-a0c9-43e2-80d1-dad017e3a5fc,upi,b9da138b3121c44d,Mastercard
c83a0550-008d-41a1-94ce-565f8c2fbbac,netbanking,119d6e05ce720449,Mastercard
63bbfaf8-cbec-4526-97ce-159b7e542dd6,card,c60f94176fbb1dc5,Amex
4eaa0e6b-59de-431c-9797-7b7165183dab,card,8122768a494fd107,Amex
6d7317e8-2e74-4c7f-b3bf-87d2e050e3de,upi,b8abd337bff41e36,RuPay
56072832-28fa-45d6-9cc7-fc863a061b8b,upi,33de8e0b2b787519,Visa
865a6c56-c373-4453-b765-5eadf365cf2d,card,192d061c0e84c6ab,Visa
7c814bc0-0c77-4de3-8959-2424d77710f8,upi,13547636e187720e,Visa
c2b67706-1b6e-4d42-8592-95dac8ce4221,netbanking,74f4c7927361c916,RuPay
d3306abf-e699-4a9b-878e-797ee5f07491,card,5a74a61b033902d8,Amex
e99bc39b-c770-4748-96f0-ab9f37f52ae9,card,f6ec4af5eca1f726,Mastercard
97f9ec70-0420-486e-ad6a-5cbd4df4733c,upi,f1b1637ec8918e09,Mastercard
69f96984-72e7-402b-9b37-1fe8610f5c57,netbanking,334efecc2eede803,RuPay
57f77c9e-0250-4caf-bc27-399a914491ac,wallet,6fae981a45604f88,Amex
3708c686-ed91-4620-9577-eb87346217be,card,b1b9cb727443d994,Mastercard
a8c2cb8b-788e-4b9a-a9d5-ae98c1105dd9,netbanking,f2a351eb0fb2c815,Mastercard
f4b918b5-49d4-4b37-845a-71dffd22c541,netbanking,d34f0090f01727fd,RuPay
9d333b07-9cfb-4141-ab4d-09f43c9c74e6,upi,2946a87ba1dbea87,Amex
57cac67f-86c8-4abd-a38f-d2ea35580128,card,89ee1c0d9e070e15,RuPay
09295f3e-c138-4d4e-9031-98626d3bf362,card,f5acaa14b0a8901a,RuPay
e6032d94-1666-41a9-8383-eb96d242653d,upi,834f84996a8029b9,RuPay
d491835c-afd6-463d-bdaa-6d858b9a8bf4,card,be18585f6bbdff84,Visa
1be4d0ba-0e42-4f1f-8a7c-096e9b54bf16,card,6c92eab4b0f75a04,Amex
f614cd0b-6492-4298-bca9-37aab3c40c89,wallet,afcc3ab78901faea,Visa
c8dfeecd-b8da-4a93-a968-adc064bce6d7,card,9f0cca73f7badace,Mastercard
2f586435-e29e-43d9-ace2-594d377a56e5,wallet,afaa336323be2a1f,Mastercard
7eb78693-2b16-4f9c-a491-729f8930d856,upi,e0aa7a924b9e6eb2,RuPay
9d6e899c-8e77-437c-8aef-7627e0049bef,netbanking,565efc4032acb1fd,Visa
cc3c3d5c-11d5-44cb-a572-8b57158bf0d8,card,f9efde0fd590ac5a,Visa
fcf63853-a2f1-4af9-b468-39e10c25671c,upi,d56932bbcd58f20b,Amex
26af6994-01e8-4189-8521-2a8da42feeae,upi,35ca3838ef2a4dcb,Mastercard
cb1bd914-ec77-49bc-a1e6-36475aa22c2c,wallet,5d12e1609dc3abcd,RuPay
eac886d4-fc40-4035-abc1-febe2067051e,card,5222b7efcbe50eaa,RuPay
7b8421db-94a0-4d43-817f-5000742c180e,card,eaa014e765b8bdeb,RuPay
cfdd31aa-a88b-4265-9205-d236f71b399c,wallet,8d5d523841130e72,RuPay
053c8e5d-6973-42f7-b8a3-695d2d647ab5,card,ef36885245a87461,RuPay
9b261eab-6f13-4aee-9650-f5af695ea5b0,upi,b40c99f19707b5db,Amex
0c965a89-774d-4d06-824c-ee9c74e41883,card,77111437f488b21e,Amex
05fc7469-f889-4f06-bf9f-22e65ae27a25,card,29da905dd3638274,Mastercard
9c732714-939f-4ecb-9dfe-33ad489c75c8,upi,108b1ad6c48e99ed,Visa
b940a2a7-f373-4511-8efc-40a90389cf36,upi,5de17ceb4468c29e,Amex
9888c153-4b50-4870-bb5e-235bb7b0a433,upi,f31f3c0ee9c86b49,Mastercard
64fd551e-a879-4c7b-97d3-e25533fb626a,upi,4b58b3ebaa04012e,Mastercard
b27dc81c-6b22-47b9-ae70-1061192df65c,upi,935f154c411253c6,Visa
56ba447c-cfac-4100-bdbf-4ceab65d18d1,wallet,2ad3ee7bfa47774a,RuPay
94563424-946d-4349-b245-ae043601b63f,card,557bc8f0e7608488,RuPay
4e4b2d7f-31de-43ab-ac96-f9db1b0ebd28,card,9a68da2bc06e6723,Amex
e0f32ab4-2956-40c4-b91e-ce1acabfe1bd,card,2e16bff5fbbd46b9,RuPay
c650e937-9a8c-4f6b-b086-7c5d4fe5daea,netbanking,7139e95ff325b0e7,RuPay
eacbb2fe-1c32-4097-aa54-31b3fbb32c13,card,93d8c0aa512da6fe,RuPay
8de67238-a09d-4c47-af0a-446190509b83,upi,0a827302e440ab59,Amex
7e40b46a-fe54-4680-af6b-8cf4c6f22a69,upi,445bdfb9df5eb7c4,Amex
a9ebe7b3-701c-4b9b-af1e-3ceb9e77f220,upi,e4d5c952244bb1af,Amex
a24d30b8-97ee-4446-a2bb-f0081eec2eb5,netbanking,72027298a37fbcf9,Mastercard
a2d4cacd-ad48-434e-820d-194b14138586,upi,9dad1d354c4f4425,Mastercard
635e5c34-a293-4d57-935e-3411b690b4d6,upi,6cfac0a2b7d17dd3,Visa
ae6fd0a2-6fd2-474f-81b4-11b299c92a86,card,54a07037e0afc9a5,Amex
405a7eae-5c7a-414d-bbac-9ae5087600d9,upi,8463295106b87fcc,RuPay
12c8ecb9-a9c1-4966-8728-9b5712d37be6,card,3299cf2d517aa403,Amex
c214dcbb-fd41-43d9-8e6d-d8a46d78d8c3,netbanking,4766dfc41bbbf7ba,Amex
b0ba794e-acf2-4e97-b698-1ee188cac290,card,8ee2fc3123c1f294,Mastercard
0e05ed28-0600-488c-b782-b46b7d8cac74,card,6341d2da528d99b2,Visa
692a07a4-00e4-451c-a37d-58db3cffdb47,card,5c57c0316009ddd4,Visa
73ecd258-e287-4b23-bf79-2de2de17ea69,upi,001b1946cdf11ed9,Amex
493a8680-c715-4fa2-8eb5-80cd071a9b9e,wallet,717a22bd2eb0afe2,Mastercard
ff84bbac-4e43-4ea4-94b7-25ce270e6a3f,card,7e570d36f7cde99b,Mastercard
86a33260-1433-429f-9f72-0edc58ffb440,card,c08d2c33ab5c2659,Amex
96f94201-2606-4961-96b2-31c2d90c1b45,upi,3c717eedc364d9b2,Mastercard
fd490767-cfbd-4889-98e3-b9ca29b163c2,wallet,5676868f9cdbe46e,Amex
01071b05-1cd1-4d76-bbf6-6561cdda9e44,netbanking,1912d83984f25b51,RuPay
78786cab-36cb-4f17-a6b7-e60dc850dc10,card,442a734ad6b8789f,Amex
3ad2ed99-5de4-4380-946e-b2c59f8bc1a4,upi,d6e075c8f787e758,Visa
9d0af29d-40b5-40dd-99f7-c4a61b7ad0a5,netbanking,8d040d184d90c265,Mastercard
39a80801-47fa-4b09-a532-9f59b5fa54ff,netbanking,da8e493bfcb9a918,Visa
55f7fab1-d65f-43fa-82c2-11a6e80f496a,upi,0f8aba5e318d2770,Visa
82668a4d-bc83-4584-90f7-12514c995fc3,upi,e320aedaed322ab0,Amex
d2cfec66-4ef5-44c5-906f-1667dd41f3d3,upi,4733a01912a2132f,RuPay
7611839d-47ce-4c20-a5e0-eb72890956a5,card,38d756450a014924,Mastercard
6c1c1396-4cb3-4f97-829b-2742f372e5e4,card,e80580eaa4c1f1d7,Mastercard
74990d23-ad9d-4e67-9e2a-7fa01b64601c,card,33902fb422ac03d7,Visa
428e40d4-53d7-4f23-b947-47fc958e14b0,card,716d44cc6a36361c,Visa
f72cb966-9cbd-4e0b-87eb-740cdb6e80f0,card,ad8ab11469ad6954,Amex
5c04a7c1-fe67-43c1-af4b-d076f64ce97c,netbanking,21cffe4a10f598e2,Visa
7ec09009-e197-48f6-b994-d4e786f4bd95,netbanking,b976964684f10d54,Mastercard
3c77d225-640a-47d9-a814-134410155717,card,fe1129dbe4275198,Visa
889f6347-5ac8-41ca-bdef-3284f96a9a2d,card,ec6ed180645726e6,Amex
8e90b01a-81c5-43b0-9258-37386b859dad,upi,269ea09830def725,Visa
e02dea09-7e32-46aa-a686-d6e628746340,upi,d454f7d1d4060fdf,Mastercard
1bba3711-810c-41ab-a864-5af9f4a659fc,card,f2573d25a32fe0ab,Amex
98c92caf-e855-46ee-8450-37d1e3f39201,netbanking,33ee807d606fcf74,RuPay
6f7798e9-664d-4173-8512-169d6178cbdf,card,6b57c527aad6c252,Mastercard
bde387db-e695-4bc5-8413-efe380fc352a,card,dc3d064d990df07a,RuPay
bba58aea-88fe-4bf1-b8de-42392ca1e598,upi,8f5357448420c21c,Mastercard
fd05a5bd-ddb4-4386-90b7-1c1d4134d011,upi,d58153d5646c7543,Mastercard
70ed25f9-4fd8-472c-a32a-49a6bf60da5a,card,c1f9d3ac4fcf9846,RuPay
73b51ef6-2cd4-4f17-96c1-25ae9e9cb2f6,upi,24609c0461ceaa8c,Mastercard
0d3a8b6d-bd01-4c05-aaa3-5d0661d27902,wallet,cb18938e3d703250,Amex
8c776106-7618-4f99-9150-34c87c5115a8,card,e3aa664b1702fb86,Mastercard
e8e81cb2-81f9-4b6f-a280-bbc49478d047,upi,bd58bf5b6bd1939b,Amex
9981a0d9-ef0c-4a44-9569-2c3aed58ae5f,card,549d7b9836267dd7,Visa
8bf6f6a9-73fa-43c4-bbb1-301f137c8285,upi,9d6a6e0007cf0de3,RuPay
62bbd61d-91e9-4a6c-8130-a2b7c3a11aa9,upi,ccb62cf3a56d4b91,RuPay
bcc0302d-e74c-4a1a-bc77-b3fd89a8f407,card,bbd09af1a96ef8e9,RuPay
95abc49a-db66-4cd8-a406-f7b030f488cf,card,518cbc958cb52c30,Mastercard
315439d1-1924-4790-9349-d2484bd2c40f,netbanking,039b87ee38d48d6f,RuPay
87e7de5c-ff65-4b77-a51a-8159b8fa5229,card,413f30d0922e14ac,Visa
3c8fe089-7843-4b4a-9e7b-dbba625855e6,netbanking,7c04d5c91ef6bebe,RuPay
2a7fb5ee-aec3-42f4-a106-862fa7031d9f,card,61911ddf164039da,Amex
b50f288e-156a-4cae-9e2c-47e4f015d1ca,netbanking,d83297fa90ab4b1f,Mastercard
22fdd604-6e24-4448-9c08-ed716a0ddcae,upi,6d75c255af2e5db0,Visa
f9e5016a-9cff-4748-999e-c53dc295e3c5,card,e1b11ad1b856f713,RuPay
5bf4fd27-9f64-444b-aac1-4675df2d49e0,upi,e3d870982fd597c8,Amex
2b6ff9dc-32b8-45f4-896a-1bc9343516fc,netbanking,c7eaadd9b126a9f5,Mastercard
7125b504-28a3-4a39-8230-dc91c249dacf,upi,d5b8b68b8bd11527,Visa
9b62badb-a59d-481d-ba75-9c5a49c40a18,upi,a090716aa6ad4701,Mastercard
e62de285-872c-46f8-88d0-3888aad4507e,upi,101636c4bfe39adf,Amex
cc7b20f9-4e48-4f44-a7f4-316667c6b018,upi,fa700fb8c833ef09,Mastercard
e56201d7-153e-4b4e-aedd-ad02d6cef5e5,upi,1d76b726496c0638,RuPay
ba2350a7-874c-4b98-bf95-67e4dc969352,netbanking,542deae8754bef47,Mastercard
46971e23-e9b8-4253-8e4e-7be54a448f2d,card,a1a6dbeca519f453,RuPay
82e36795-6863-4882-8fe6-31780464c93c,upi,2f11eca8a1e0d3ce,Mastercard
4557367f-3035-4fc2-916b-f2cf6a8fe904,upi,ab2037f852c3ef13,Mastercard
6a63f1f8-953e-40cb-9786-7f3e2e8b74b2,wallet,1dc385acfabb2a06,RuPay
a045bc72-099c-4847-bfe4-fdd2a047f15f,card,93d8f0f3376d832e,RuPay
f4256dc4-8f2b-464c-a896-c5c48ca884ee,card,992dcc055cf42faf,Mastercard
cc6b9e59-9975-451b-bfa3-239c31051c45,card,70e4a0305cfaec2d,Mastercard
ed2492b6-b5a3-473a-adb7-ff61533f82b6,upi,4ddac7288bca0970,Visa
4f71f894-4488-43eb-b76a-6ca9d4903dcd,upi,92ea28abbe0b6fbb,RuPay
1b1ad662-263c-440d-8c3b-89ec01a373ce,card,a5cc941b202bea6a,Mastercard
cce1882e-0b14-4680-80ff-8ea49e8dbfed,card,aa26df0fd1538704,RuPay
ccd2f4f1-cfe4-4858-8013-a4b9b07d6010,netbanking,bebaf2a287e6d28c,Mastercard
c950434b-aa96-4a58-bfae-bfbb4e743ea9,upi,4f21f618eb245d41,Amex
160e7584-1ea7-4964-868a-eaef40463de1,upi,e64511f63239941f,RuPay
ad64ef6d-4cdc-4618-bb5d-2bc93cd1c406,card,f4809dade08f91f7,Mastercard
6e981a8c-339b-4903-a1f4-1b4c1e29dceb,card,fb414ff06987deef,Mastercard
7e8a4919-2e99-4ca0-a2f3-62dd03046e0b,card,c80ab18fc583c2f9,RuPay
12f57fa7-380c-4081-a599-b174c0fdbfb3,card,01089dc8650e30a4,Visa
321219f7-4a5c-4870-be9a-88970c6b538e,upi,2c84feed75ac1459,Visa
5b8801cc-c629-4f4f-b611-26cb74745d68,card,d1ead65463d24e90,Visa
37d23ecf-c67a-4878-9dca-32df4549878b,card,615bf805785ef495,Mastercard
679010c4-3832-46ba-b063-6cd3fa12e72c,card,ab38b463c581583a,Mastercard
cc317fb4-7388-4a2d-ac97-0a9a0a631daa,card,fc3b853071fa8108,Mastercard
592491eb-fcbf-4976-bd17-ba0f0a8fc4d3,card,8a78fe720ccfa9f4,Visa
d65c78ed-a854-48ce-8e2c-ffa6e993a61e,card,9d5fea3f98f6d9cd,Mastercard
746ae745-2967-4447-be1a-2b13e5b07caf,card,189d40320cf554b2,Mastercard
dbd56997-3d3a-45ac-95bd-bf6b2f92e908,upi,9d5cdd932fd05a8c,Mastercard
dc7b1d21-daaf-4b3c-995e-b0396a99e651,wallet,7b882f369d91051d,RuPay
3bd74cbc-e479-4adc-aad4-4808432702d9,upi,ef684e4cbb7b4914,Mastercard
ab866022-ff5f-4083-943c-dfa4c875d446,card,442c757d3672ad82,Amex
f3ff3590-8dc0-4d76-851f-d1ad46c975d1,wallet,3624fb34a0d1a3e6,Amex
829113ec-e7d9-47b2-9baf-3bcb9b730e5d,wallet,aedd3339476e9cda,RuPay
1a96f71c-1c0f-447b-ad7f-1d3d1f9a5139,upi,0c4d0a11a4353954,RuPay
7c4e78e0-d7c5-46e2-a88a-0407f373c0b1,card,8bc3825d8990837a,Visa
ad931c48-22f3-4a99-b457-8179c7fcc494,upi,f3f1c5aeb42bea1e,RuPay
600cc914-026d-46d3-a797-25539e27a46c,wallet,c320c6a0551118b5,Mastercard
78865c4b-2875-4c2a-b799-35812800e722,netbanking,d1611f55aa6e4d1a,Mastercard
756e778b-db11-4962-b5f6-a89d458ea693,upi,6466bec4813a96cc,Amex
776bddf1-9a39-4f3b-b5e5-4e1795516b9d,upi,f4a42da1627e1c08,Visa
7e697245-88ed-4d2a-a633-1b4602c43e58,wallet,a7ceabf21cb982de,Mastercard
ebdb40ab-d10e-4140-b5a1-9b0f918bd4c3,card,924b2d0db8b1bebe,Amex
9d3781a1-5ac5-4900-8641-d4243a28199b,card,930278d71992b15f,Amex
02703852-0e49-4d4f-b591-4ce16839cbdd,netbanking,e25c20b35f3d5ee6,RuPay
315de878-cf94-4ec4-9f38-1b768b830f22,card,26a3b4a0ca22f82e,RuPay
4ded7edd-4e45-48fb-88dc-bdb1d7e8152e,card,8cbd1bd9d9eee6b0,Amex
1e25345e-2f8a-42cc-bb72-2295be888fff,card,2ab38c17887dc94f,Visa
179449d4-1c2d-4089-939c-340867bdd3db,card,181a946aa567efc8,Mastercard
ae98792f-5155-4408-9974-d1c1fd098491,card,588888e6430f57a0,Visa
9616e4c8-1664-415c-bd0c-eadb2025b50d,upi,9d8ea1c26ca143a1,Mastercard
6103e480-4a7d-420f-ba88-80495931a733,upi,7c162a97a15fa7e3,Amex
b5ce4b4b-fd7d-470b-bf2c-e80b9ac88da7,upi,554e0e0ec3cdd8a1,RuPay
4f1a94d3-fe80-4e69-82f8-d6d3b3e36978,card,a3a240f6d11bdf8c,Amex
808e8d05-1bf6-423b-9ae9-cb90604cd174,wallet,7aaaf9ab6a279c8b,RuPay
cfc21e00-83b2-4e69-8006-1c2695ee55cd,upi,f689409710ffa7e9,Amex
7fb77031-7f2f-4125-954e-4efeb25f5279,wallet,6456568cd0ead41f,Visa
22650885-6b04-48d2-a2c3-95fbac26cda9,card,621b915250116942,Mastercard
8bd50c06-0014-4336-9382-5bb1d771f3c9,card,8ed690d6a07d4aeb,Mastercard
6849e762-affd-4f0f-acc4-3d1b70ff3678,netbanking,ef03b51325478fd6,Amex
4cc4b537-dfa5-4913-9980-3d514e512a11,netbanking,5a4357cb5d15c4ea,RuPay
d3851cfc-57ce-432e-a89e-18b1cc2c1084,card,e5c0504af25e15f0,Visa
fe58ee43-47ca-4e10-b88b-60473324e0c3,upi,8105f74aface14ba,Visa
83f29a1b-93fe-4f14-a838-45751093da28,upi,8857680b103be95f,Mastercard
822e9b08-e657-41a2-9265-56b45e9a6652,card,e6ef5f684f30a090,Visa
d0762103-8551-4b76-bc4c-a54c7a011128,upi,6c752de394373eb0,RuPay
d6675863-df3c-44c4-ac24-db7bc7e7eaa2,card,26e512682c9415d5,Amex
892b64b6-9111-4b12-8b39-0cee20e5e869,card,a73c656fae5c33bf,Amex
aa7f9467-8dfb-4db3-ad45-e857b84232ac,netbanking,c6d3184a55017104,Visa
ce7cff5f-1f65-4601-b4f4-5a23cf9d4fe9,upi,857c288dc6c2a3ee,Mastercard
b701ce06-fa1a-487c-a1b8-8f07582f7d34,netbanking,1c64f052a1c2decf,RuPay
18e98f53-f93b-4d8d-a705-361182abd098,upi,4094119899994c8f,Mastercard
20ecc15d-c2b5-448c-9f9e-01a4178f1be9,wallet,d906a36065c41c4d,Mastercard
4042f58f-bb53-4d54-bc19-0a3b391c2201,upi,ace33b557d6a0e6a,Visa
2de48207-df02-4366-97f1-e07900d39023,upi,b5126cc48e80bfb7,Visa
536731ff-ff1d-4235-adbd-ef38e2ab251a,card,629d5d619b7c52e5,Mastercard
ebe683c8-8e19-4c08-80e6-a682cb6f8ce6,upi,072db5d5cb9ccfbb,Visa
4452e813-9a14-499f-93f3-eef8fc61de13,upi,84a2dc0cd12fd073,Visa
5ac584d5-e1de-44ff-b9f7-7229e1136b89,upi,25b0e25c5f28a929,RuPay
0049dc13-6195-45d1-8e09-51b2fee2aa6b,card,f1fd9e2df8efcff2,Amex
ba54f0ae-85b1-4596-af73-da16b4bda55e,card,c54c5e7136acc9e9,RuPay
8e6ff8f7-91dd-43ba-a9b5-ad54e3defcc0,netbanking,c8aeffaf84b49c28,Visa
efbfed63-9b06-43a8-92e5-6d502ef7742f,netbanking,4b585ba909a58b4e,Amex
09a7beb2-7867-4f99-ad03-c6495588ad3f,card,103f08221e041483,RuPay
386c6b5f-b164-4c44-97ad-f01cecf0dd71,upi,5da6268753f151d4,Mastercard
5d7deecd-2e78-4762-9dad-4a31e999b484,upi,18acbefc1e10003b,Mastercard
7f9c8e83-5230-481f-acde-e053f2113e46,netbanking,58c525ab5c9997a4,Amex
e53e0d46-60cb-44f0-b4ba-9400ca6f3963,card,495a1b6c2fd8f78e,Mastercard
1a0c0be5-a495-4262-ad64-53d90860b5d9,upi,f6a19841deb3fb2f,Visa
e5845065-780c-45a2-86dc-8ebb30b96c7a,card,c364d1570ae5a058,Mastercard
fc67f74a-f853-4ad1-b6ad-5f763f5c5ffa,card,8420ea7be510efcf,Mastercard
466c645a-5e9e-4dec-8bb9-aad866a938a2,netbanking,3ea4df58e486a7c4,Mastercard
052b113c-60f8-4070-bad5-a1527eeaa6d1,card,3f1dce9accdce88f,Mastercard
582a56da-c08c-4fd6-ae98-6fc4f115e21e,card,c1a3f3d5ae84a6c6,RuPay
1c75677b-744f-41ec-8162-fb3c7597d335,card,61cd1a6095628013,Mastercard
9fddc26e-c451-45fd-abf2-bd9748038e4d,upi,b6ffc91d1d7639c0,RuPay
bd259d0f-8239-4903-9937-742901cf2c2f,upi,06161cbd36a20b36,Mastercard
b964aadf-7dcc-4c64-9443-f55cb47c69b1,card,16f7bd983ba29c0d,Amex
fd253d3c-e4ad-4fbc-8251-68ad64013904,upi,9eea95ad21227caa,Amex
5d8723b5-f127-4d0c-98bc-44f4b333136a,netbanking,4b8311c4c92c4780,Mastercard
ab1f499f-8a54-46b8-a2b1-7620d4bd23ee,card,3bcd8c469eaac5e2,Visa
2c715443-da2d-461b-8e23-15a6e7ead90c,netbanking,af2d9d169aee406f,RuPay
d1a7155d-8c1e-4017-af65-3309bb84ebc8,card,ce1c1cd3d3ef278e,Mastercard
9d865c1d-54c5-4ecc-8608-f4ef9ba41161,upi,b8b938c00928b069,Amex
44d6ed59-4171-49ec-b8aa-5733af87d230,card,6db4b5a6ce0c03f3,Mastercard
28714279-0e18-434e-9f46-5f866497b0b3,card,f409cb64796bc135,Mastercard
f290f2d7-b825-4a15-81de-68147e61e4a9,card,5ba938748a31882c,Mastercard
580a8176-84cb-4e04-bb4e-0c60e30a9e48,card,14ebfdcfa48656b8,Amex
07ddd898-8ccb-427e-8f28-8ab4db48eb3a,netbanking,3a28dd64008acde5,Visa
d5888874-ac18-4a28-a51a-f199ac7492e2,upi,8f20e91e486da38a,Amex
738540db-3d90-4358-8211-a97543f23c5e,wallet,a01a307d0080de8a,Visa
db4ae0c5-5cb4-4067-b174-f8a0c1f801fa,upi,185934a860059894,Amex
a346a8d6-b098-4e05-acde-aad4ba4f1f2f,upi,2b4e9bb789a0e66e,RuPay
c060b7b6-d6bb-443d-8eb9-23f5bdc400ff,card,18b9eccc5e0b0edd,RuPay
dc5e1e96-c565-490d-a817-f3253ef69642,upi,be55a0885b9b8eff,Visa
b9036de4-0642-4781-b79b-941de5b564d5,card,accb1ec6f18a4371,RuPay
0b9457cd-abc0-4d9a-8ed8-1c0b1aeeb431,wallet,fdfef9fdf3e9e589,RuPay
c50c1295-a1cf-47f5-98f9-6ea5d1c4cb14,wallet,280e2cee0c19c6ec,Mastercard
e2c750ce-b836-40ef-9f70-e5ca29619d1d,card,cd004b56cd80f777,Mastercard
b208c60f-4bf8-4392-bd98-ba4eb926e81e,upi,45f0635ea75b130e,RuPay
76c4c2d1-a52c-4101-aab8-68d67ab5b6a0,upi,5d85443a8e4ecaf4,Mastercard
a063bc3d-7eb0-431e-bcb9-afbf6d1f2e9a,upi,8efee6b9ce32c8da,Amex
8a6857fd-4f9f-4b8c-9a13-4dabda17d5d2,card,b800cc694584b48e,Visa
46857c85-dcf6-4de6-ba48-160cb8fc2df2,upi,b9cc8236dafa3729,Mastercard
bda25744-cd97-4aee-b59e-860019b71904,netbanking,f683de1d06d8ba33,Amex
9d11dbc6-162b-4ac9-b244-80f8ebed4131,card,be3f813075707beb,Amex
3500c997-e551-4832-97a4-8e6b6afbf06b,upi,78a39f66e94fba58,Mastercard
034321f7-03d0-4431-93ea-096f45bc43ac,card,9749984260dbc7e1,RuPay
8cb881d8-6beb-4ffc-ad75-a8c78713a9d1,wallet,fb647267dfd8c16c,Visa
cd4b6168-1ac0-415a-bc2e-9f0300aa9e8b,card,b83438d626b3abd5,Visa
ff1f7163-d87d-430e-ab11-802e986ee9ea,card,0348bfa4e7147195,Amex
8410cef4-4afd-4732-85d6-533a5853748c,card,7b0918e958408da3,RuPay
bac79b36-8c75-4966-bc20-d01636857283,netbanking,30f2228010ba776e,Visa
983a308a-160b-4dfb-a775-d4b7e5522c9e,upi,6cf8684600e99c56,Amex
99b9e369-c3c9-4ca3-9e02-46dbae14dfcd,card,9bcca64f350f36d8,Mastercard
bcf5b4e9-39f4-4c67-aa38-ad97e6420ea9,card,63ecaed2849568a5,RuPay
799dcd94-2ba4-4cf0-b482-013e177d1599,netbanking,09102c34db5287f5,Amex
c8743987-38fb-47e6-aa50-414e5624a05d,upi,7023a6ded974b1f9,Amex
a69166ef-3fbe-4fe4-b2eb-8849e9fc0c17,card,62d4e1fa78dae7e5,Visa
2935c37c-acd5-43dd-8442-5ef96e0ec90d,wallet,95520994bacd6e91,Mastercard
7fdafefe-782a-415d-99c2-e0547bd52a2f,card,0efa204769376667,Mastercard
